REGION,SETTLEMENTDATE,TOTALDEMAND,RRP,PERIODTYPE
NSW1,2016/09/01 00:30:00,7702.93,39.52,TRADE
NSW1,2016/09/01 01:00:00,7588.75,49.84,TRADE
NSW1,2016/09/01 01:30:00,7386.97,46.42,TRADE
NSW1,2016/09/01 02:00:00,7137.67,39.21,TRADE
NSW1,2016/09/01 02:30:00,6773.95,33.48,TRADE
NSW1,2016/09/01 03:00:00,6544.86,32.23,TRADE
NSW1,2016/09/01 03:30:00,6344.69,29.96,TRADE
NSW1,2016/09/01 04:00:00,6313.66,33.12,TRADE
NSW1,2016/09/01 04:30:00,6269.66,29.94,TRADE
NSW1,2016/09/01 05:00:00,6393.42,31.35,TRADE
NSW1,2016/09/01 05:30:00,6702.29,42.50,TRADE
NSW1,2016/09/01 06:00:00,7082.83,38.60,TRADE
NSW1,2016/09/01 06:30:00,7840.29,58.82,TRADE
NSW1,2016/09/01 07:00:00,8438.77,122.15,TRADE
NSW1,2016/09/01 07:30:00,8632.44,61.50,TRADE
NSW1,2016/09/01 08:00:00,8709.33,67.60,TRADE
NSW1,2016/09/01 08:30:00,8647.18,64.48,TRADE
NSW1,2016/09/01 09:00:00,8395.92,56.82,TRADE
NSW1,2016/09/01 09:30:00,8276.94,54.67,TRADE
NSW1,2016/09/01 10:00:00,8143.73,54.90,TRADE
NSW1,2016/09/01 10:30:00,8115.51,55.74,TRADE
NSW1,2016/09/01 11:00:00,8048.42,56.87,TRADE
NSW1,2016/09/01 11:30:00,7972.38,56.02,TRADE
NSW1,2016/09/01 12:00:00,7964.27,56.52,TRADE
NSW1,2016/09/01 12:30:00,7936.62,56.09,TRADE
NSW1,2016/09/01 13:00:00,7864.55,55.12,TRADE
NSW1,2016/09/01 13:30:00,7904.08,57.54,TRADE
NSW1,2016/09/01 14:00:00,7878.63,59.39,TRADE
NSW1,2016/09/01 14:30:00,7892.05,61.31,TRADE
NSW1,2016/09/01 15:00:00,7871.69,55.98,TRADE
NSW1,2016/09/01 15:30:00,7869.74,57.57,TRADE
NSW1,2016/09/01 16:00:00,8028.07,61.68,TRADE
NSW1,2016/09/01 16:30:00,8122.45,53.02,TRADE
NSW1,2016/09/01 17:00:00,8320.72,54.80,TRADE
NSW1,2016/09/01 17:30:00,8668.22,51.60,TRADE
NSW1,2016/09/01 18:00:00,9185.41,66.80,TRADE
NSW1,2016/09/01 18:30:00,9418.48,69.14,TRADE
NSW1,2016/09/01 19:00:00,9378.45,68.40,TRADE
NSW1,2016/09/01 19:30:00,9166.02,56.38,TRADE
NSW1,2016/09/01 20:00:00,8941.66,53.95,TRADE
NSW1,2016/09/01 20:30:00,8815.27,53.04,TRADE
NSW1,2016/09/01 21:00:00,8648.74,42.52,TRADE
NSW1,2016/09/01 21:30:00,8392.75,42.74,TRADE
NSW1,2016/09/01 22:00:00,8135.11,36.39,TRADE
NSW1,2016/09/01 22:30:00,8138.38,56.84,TRADE
NSW1,2016/09/01 23:00:00,7979.77,52.77,TRADE
NSW1,2016/09/01 23:30:00,7924.44,49.61,TRADE
NSW1,2016/09/02 00:00:00,7834.33,49.41,TRADE
NSW1,2016/09/02 00:30:00,7670.26,42.05,TRADE
NSW1,2016/09/02 01:00:00,7461.41,35.61,TRADE
NSW1,2016/09/02 01:30:00,7305.29,36.04,TRADE
NSW1,2016/09/02 02:00:00,7113.07,36.23,TRADE
NSW1,2016/09/02 02:30:00,6746.55,35.52,TRADE
NSW1,2016/09/02 03:00:00,6500.1,35.45,TRADE
NSW1,2016/09/02 03:30:00,6310.25,33.11,TRADE
NSW1,2016/09/02 04:00:00,6248.06,30.50,TRADE
NSW1,2016/09/02 04:30:00,6245.72,30.15,TRADE
NSW1,2016/09/02 05:00:00,6353.04,33.76,TRADE
NSW1,2016/09/02 05:30:00,6624.52,34.76,TRADE
NSW1,2016/09/02 06:00:00,6979.31,34.84,TRADE
NSW1,2016/09/02 06:30:00,7646.7,52.73,TRADE
NSW1,2016/09/02 07:00:00,8264.41,77.41,TRADE
NSW1,2016/09/02 07:30:00,8622.16,63.73,TRADE
NSW1,2016/09/02 08:00:00,8937.25,86.66,TRADE
NSW1,2016/09/02 08:30:00,9046.83,88.21,TRADE
NSW1,2016/09/02 09:00:00,9000.13,70.70,TRADE
NSW1,2016/09/02 09:30:00,9047.38,80.09,TRADE
NSW1,2016/09/02 10:00:00,9131.13,75.49,TRADE
NSW1,2016/09/02 10:30:00,9116.67,85.54,TRADE
NSW1,2016/09/02 11:00:00,9088.88,79.82,TRADE
NSW1,2016/09/02 11:30:00,8972.28,73.03,TRADE
NSW1,2016/09/02 12:00:00,8947.45,71.47,TRADE
NSW1,2016/09/02 12:30:00,8910.43,68.05,TRADE
NSW1,2016/09/02 13:00:00,8849.09,67.53,TRADE
NSW1,2016/09/02 13:30:00,8780.16,76.27,TRADE
NSW1,2016/09/02 14:00:00,8736.94,73.90,TRADE
NSW1,2016/09/02 14:30:00,8711.29,66.24,TRADE
NSW1,2016/09/02 15:00:00,8696.09,60.68,TRADE
NSW1,2016/09/02 15:30:00,8625.08,52.39,TRADE
NSW1,2016/09/02 16:00:00,8779.14,60.74,TRADE
NSW1,2016/09/02 16:30:00,8918.38,71.49,TRADE
NSW1,2016/09/02 17:00:00,9133.35,71.76,TRADE
NSW1,2016/09/02 17:30:00,9334.62,68.06,TRADE
NSW1,2016/09/02 18:00:00,9605.9,69.09,TRADE
NSW1,2016/09/02 18:30:00,9663.8,73.09,TRADE
NSW1,2016/09/02 19:00:00,9546.49,69.51,TRADE
NSW1,2016/09/02 19:30:00,9265.01,55.05,TRADE
NSW1,2016/09/02 20:00:00,9021.55,66.37,TRADE
NSW1,2016/09/02 20:30:00,8801.42,61.10,TRADE
NSW1,2016/09/02 21:00:00,8607.22,51.82,TRADE
NSW1,2016/09/02 21:30:00,8371.66,41.15,TRADE
NSW1,2016/09/02 22:00:00,8161.89,35.73,TRADE
NSW1,2016/09/02 22:30:00,8193.96,47.72,TRADE
NSW1,2016/09/02 23:00:00,8035.44,37.52,TRADE
NSW1,2016/09/02 23:30:00,7944.57,40.14,TRADE
NSW1,2016/09/03 00:00:00,7870.19,46.96,TRADE
NSW1,2016/09/03 00:30:00,7701.47,37.35,TRADE
NSW1,2016/09/03 01:00:00,7526.48,35.79,TRADE
NSW1,2016/09/03 01:30:00,7348.67,36.28,TRADE
NSW1,2016/09/03 02:00:00,7030.51,34.97,TRADE
NSW1,2016/09/03 02:30:00,6704.94,37.05,TRADE
NSW1,2016/09/03 03:00:00,6443.09,32.72,TRADE
NSW1,2016/09/03 03:30:00,6303.78,33.82,TRADE
NSW1,2016/09/03 04:00:00,6099.52,30.36,TRADE
NSW1,2016/09/03 04:30:00,6029.29,30.75,TRADE
NSW1,2016/09/03 05:00:00,6032.51,30.58,TRADE
NSW1,2016/09/03 05:30:00,6158.64,32.31,TRADE
NSW1,2016/09/03 06:00:00,6269.53,30.47,TRADE
NSW1,2016/09/03 06:30:00,6526.43,37.07,TRADE
NSW1,2016/09/03 07:00:00,6745.46,42.31,TRADE
NSW1,2016/09/03 07:30:00,7053.1,40.55,TRADE
NSW1,2016/09/03 08:00:00,7402.61,47.18,TRADE
NSW1,2016/09/03 08:30:00,7697.24,66.43,TRADE
NSW1,2016/09/03 09:00:00,7914,65.95,TRADE
NSW1,2016/09/03 09:30:00,8044.99,65.21,TRADE
NSW1,2016/09/03 10:00:00,8011.41,49.40,TRADE
NSW1,2016/09/03 10:30:00,7952.62,52.17,TRADE
NSW1,2016/09/03 11:00:00,7744.41,38.98,TRADE
NSW1,2016/09/03 11:30:00,7505.25,36.47,TRADE
NSW1,2016/09/03 12:00:00,7436.4,36.03,TRADE
NSW1,2016/09/03 12:30:00,7365.19,31.62,TRADE
NSW1,2016/09/03 13:00:00,7343.44,33.60,TRADE
NSW1,2016/09/03 13:30:00,7214.98,33.29,TRADE
NSW1,2016/09/03 14:00:00,7108.03,30.36,TRADE
NSW1,2016/09/03 14:30:00,7047.56,31.26,TRADE
NSW1,2016/09/03 15:00:00,7135.06,32.41,TRADE
NSW1,2016/09/03 15:30:00,7131.54,34.47,TRADE
NSW1,2016/09/03 16:00:00,7223.09,37.30,TRADE
NSW1,2016/09/03 16:30:00,7377.72,35.09,TRADE
NSW1,2016/09/03 17:00:00,7581.47,34.88,TRADE
NSW1,2016/09/03 17:30:00,7813.81,40.36,TRADE
NSW1,2016/09/03 18:00:00,8362.65,56.55,TRADE
NSW1,2016/09/03 18:30:00,8755.22,137.48,TRADE
NSW1,2016/09/03 19:00:00,8771.31,102.66,TRADE
NSW1,2016/09/03 19:30:00,8589.55,63.10,TRADE
NSW1,2016/09/03 20:00:00,8447.11,51.47,TRADE
NSW1,2016/09/03 20:30:00,8267.63,49.95,TRADE
NSW1,2016/09/03 21:00:00,8175.93,46.23,TRADE
NSW1,2016/09/03 21:30:00,7998.12,46.86,TRADE
NSW1,2016/09/03 22:00:00,7902.39,39.07,TRADE
NSW1,2016/09/03 22:30:00,7890.42,41.79,TRADE
NSW1,2016/09/03 23:00:00,7687.24,36.21,TRADE
NSW1,2016/09/03 23:30:00,7620.21,35.50,TRADE
NSW1,2016/09/04 00:00:00,7479.14,38.78,TRADE
NSW1,2016/09/04 00:30:00,7289.05,38.44,TRADE
NSW1,2016/09/04 01:00:00,7062.87,39.04,TRADE
NSW1,2016/09/04 01:30:00,6834.63,38.70,TRADE
NSW1,2016/09/04 02:00:00,6667.81,35.01,TRADE
NSW1,2016/09/04 02:30:00,6386.4,33.43,TRADE
NSW1,2016/09/04 03:00:00,6189.79,29.89,TRADE
NSW1,2016/09/04 03:30:00,6098.65,33.56,TRADE
NSW1,2016/09/04 04:00:00,6044.57,30.53,TRADE
NSW1,2016/09/04 04:30:00,5973.31,29.62,TRADE
NSW1,2016/09/04 05:00:00,5965.15,31.41,TRADE
NSW1,2016/09/04 05:30:00,6066.68,32.83,TRADE
NSW1,2016/09/04 06:00:00,6150.67,30.16,TRADE
NSW1,2016/09/04 06:30:00,6340.11,32.99,TRADE
NSW1,2016/09/04 07:00:00,6635.46,36.75,TRADE
NSW1,2016/09/04 07:30:00,6911.62,38.01,TRADE
NSW1,2016/09/04 08:00:00,7215.61,38.65,TRADE
NSW1,2016/09/04 08:30:00,7463.53,47.85,TRADE
NSW1,2016/09/04 09:00:00,7535.92,49.01,TRADE
NSW1,2016/09/04 09:30:00,7608.04,44.85,TRADE
NSW1,2016/09/04 10:00:00,7506.71,39.64,TRADE
NSW1,2016/09/04 10:30:00,7418.12,36.56,TRADE
NSW1,2016/09/04 11:00:00,7237.4,36.10,TRADE
NSW1,2016/09/04 11:30:00,7038.52,31.95,TRADE
NSW1,2016/09/04 12:00:00,6936.4,30.02,TRADE
NSW1,2016/09/04 12:30:00,6842.37,29.89,TRADE
NSW1,2016/09/04 13:00:00,6760.13,29.82,TRADE
NSW1,2016/09/04 13:30:00,6636.33,29.91,TRADE
NSW1,2016/09/04 14:00:00,6580.28,29.85,TRADE
NSW1,2016/09/04 14:30:00,6580.12,30.01,TRADE
NSW1,2016/09/04 15:00:00,6645.74,29.86,TRADE
NSW1,2016/09/04 15:30:00,6691.11,33.89,TRADE
NSW1,2016/09/04 16:00:00,6865.32,36.47,TRADE
NSW1,2016/09/04 16:30:00,7102.33,37.87,TRADE
NSW1,2016/09/04 17:00:00,7385.74,39.04,TRADE
NSW1,2016/09/04 17:30:00,7655.93,44.22,TRADE
NSW1,2016/09/04 18:00:00,8248.42,53.54,TRADE
NSW1,2016/09/04 18:30:00,8779.51,78.92,TRADE
NSW1,2016/09/04 19:00:00,8809.21,93.44,TRADE
NSW1,2016/09/04 19:30:00,8735.72,65.18,TRADE
NSW1,2016/09/04 20:00:00,8587.73,71.72,TRADE
NSW1,2016/09/04 20:30:00,8569.49,71.38,TRADE
NSW1,2016/09/04 21:00:00,8454.63,57.91,TRADE
NSW1,2016/09/04 21:30:00,8275.06,65.20,TRADE
NSW1,2016/09/04 22:00:00,8077.96,54.43,TRADE
NSW1,2016/09/04 22:30:00,7982.07,52.37,TRADE
NSW1,2016/09/04 23:00:00,7729.75,48.52,TRADE
NSW1,2016/09/04 23:30:00,7561.7,38.46,TRADE
NSW1,2016/09/05 00:00:00,7435.73,43.96,TRADE
NSW1,2016/09/05 00:30:00,7249.77,44.84,TRADE
NSW1,2016/09/05 01:00:00,7150.61,45.24,TRADE
NSW1,2016/09/05 01:30:00,6992.9,46.59,TRADE
NSW1,2016/09/05 02:00:00,6870.88,42.80,TRADE
NSW1,2016/09/05 02:30:00,6582.22,34.31,TRADE
NSW1,2016/09/05 03:00:00,6377.63,35.28,TRADE
NSW1,2016/09/05 03:30:00,6262.33,37.58,TRADE
NSW1,2016/09/05 04:00:00,6215.41,35.35,TRADE
NSW1,2016/09/05 04:30:00,6286.58,51.05,TRADE
NSW1,2016/09/05 05:00:00,6410.89,53.39,TRADE
NSW1,2016/09/05 05:30:00,6765.48,51.26,TRADE
NSW1,2016/09/05 06:00:00,7215.2,56.83,TRADE
NSW1,2016/09/05 06:30:00,8013.5,65.55,TRADE
NSW1,2016/09/05 07:00:00,8680.82,140.01,TRADE
NSW1,2016/09/05 07:30:00,8976.44,77.23,TRADE
NSW1,2016/09/05 08:00:00,9109.1,100.71,TRADE
NSW1,2016/09/05 08:30:00,9088.61,94.98,TRADE
NSW1,2016/09/05 09:00:00,8833,54.57,TRADE
NSW1,2016/09/05 09:30:00,8644.07,45.23,TRADE
NSW1,2016/09/05 10:00:00,8450.71,38.57,TRADE
NSW1,2016/09/05 10:30:00,8314.65,36.69,TRADE
NSW1,2016/09/05 11:00:00,8153.19,36.23,TRADE
NSW1,2016/09/05 11:30:00,8003.53,37.03,TRADE
NSW1,2016/09/05 12:00:00,7912.12,36.19,TRADE
NSW1,2016/09/05 12:30:00,7782.76,35.67,TRADE
NSW1,2016/09/05 13:00:00,7758.11,34.77,TRADE
NSW1,2016/09/05 13:30:00,7741.37,34.48,TRADE
NSW1,2016/09/05 14:00:00,7754.03,36.27,TRADE
NSW1,2016/09/05 14:30:00,7745.25,35.84,TRADE
NSW1,2016/09/05 15:00:00,7765.01,36.72,TRADE
NSW1,2016/09/05 15:30:00,7828.21,36.78,TRADE
NSW1,2016/09/05 16:00:00,7985.63,39.20,TRADE
NSW1,2016/09/05 16:30:00,8110.24,33.82,TRADE
NSW1,2016/09/05 17:00:00,8316.71,35.55,TRADE
NSW1,2016/09/05 17:30:00,8682.07,43.39,TRADE
NSW1,2016/09/05 18:00:00,9177.62,71.95,TRADE
NSW1,2016/09/05 18:30:00,9635.77,185.28,TRADE
NSW1,2016/09/05 19:00:00,9633.34,83.67,TRADE
NSW1,2016/09/05 19:30:00,9432.14,56.54,TRADE
NSW1,2016/09/05 20:00:00,9215.08,50.37,TRADE
NSW1,2016/09/05 20:30:00,9083,48.66,TRADE
NSW1,2016/09/05 21:00:00,8878.25,48.76,TRADE
NSW1,2016/09/05 21:30:00,8677.45,44.90,TRADE
NSW1,2016/09/05 22:00:00,8339.91,36.86,TRADE
NSW1,2016/09/05 22:30:00,8381.66,52.94,TRADE
NSW1,2016/09/05 23:00:00,8194.52,42.26,TRADE
NSW1,2016/09/05 23:30:00,8092.56,37.79,TRADE
NSW1,2016/09/06 00:00:00,7983.62,40.49,TRADE
NSW1,2016/09/06 00:30:00,7849.4,37.68,TRADE
NSW1,2016/09/06 01:00:00,7682.3,35.94,TRADE
NSW1,2016/09/06 01:30:00,7501.34,38.11,TRADE
NSW1,2016/09/06 02:00:00,7339.19,39.87,TRADE
NSW1,2016/09/06 02:30:00,7011.74,37.78,TRADE
NSW1,2016/09/06 03:00:00,6750.02,32.80,TRADE
NSW1,2016/09/06 03:30:00,6543.65,30.33,TRADE
NSW1,2016/09/06 04:00:00,6462.84,29.84,TRADE
NSW1,2016/09/06 04:30:00,6475.19,30.88,TRADE
NSW1,2016/09/06 05:00:00,6601.77,30.54,TRADE
NSW1,2016/09/06 05:30:00,6904.35,28.87,TRADE
NSW1,2016/09/06 06:00:00,7367.8,30.26,TRADE
NSW1,2016/09/06 06:30:00,8119.8,44.39,TRADE
NSW1,2016/09/06 07:00:00,8711.21,58.37,TRADE
NSW1,2016/09/06 07:30:00,8988.31,40.62,TRADE
NSW1,2016/09/06 08:00:00,8975.32,45.43,TRADE
NSW1,2016/09/06 08:30:00,8913.14,39.21,TRADE
NSW1,2016/09/06 09:00:00,8606.09,35.12,TRADE
NSW1,2016/09/06 09:30:00,8435.51,34.68,TRADE
NSW1,2016/09/06 10:00:00,8280.54,35.70,TRADE
NSW1,2016/09/06 10:30:00,8156.6,34.11,TRADE
NSW1,2016/09/06 11:00:00,8075.86,32.07,TRADE
NSW1,2016/09/06 11:30:00,7873.73,30.97,TRADE
NSW1,2016/09/06 12:00:00,7833.01,30.69,TRADE
NSW1,2016/09/06 12:30:00,7761.31,31.16,TRADE
NSW1,2016/09/06 13:00:00,7728.09,31.60,TRADE
NSW1,2016/09/06 13:30:00,7668.04,30.78,TRADE
NSW1,2016/09/06 14:00:00,7660.43,31.64,TRADE
NSW1,2016/09/06 14:30:00,7735.92,30.78,TRADE
NSW1,2016/09/06 15:00:00,7739.58,30.68,TRADE
NSW1,2016/09/06 15:30:00,7844.03,31.20,TRADE
NSW1,2016/09/06 16:00:00,7981.85,34.01,TRADE
NSW1,2016/09/06 16:30:00,8030.26,31.34,TRADE
NSW1,2016/09/06 17:00:00,8231.2,31.95,TRADE
NSW1,2016/09/06 17:30:00,8480.08,37.28,TRADE
NSW1,2016/09/06 18:00:00,8953.01,52.23,TRADE
NSW1,2016/09/06 18:30:00,9385.75,67.67,TRADE
NSW1,2016/09/06 19:00:00,9394.33,65.21,TRADE
NSW1,2016/09/06 19:30:00,9188.59,45.44,TRADE
NSW1,2016/09/06 20:00:00,9033.78,41.09,TRADE
NSW1,2016/09/06 20:30:00,8854.66,36.09,TRADE
NSW1,2016/09/06 21:00:00,8730.39,36.96,TRADE
NSW1,2016/09/06 21:30:00,8464.99,34.87,TRADE
NSW1,2016/09/06 22:00:00,8254.57,31.11,TRADE
NSW1,2016/09/06 22:30:00,8212.26,38.01,TRADE
NSW1,2016/09/06 23:00:00,7998.63,34.41,TRADE
NSW1,2016/09/06 23:30:00,7986.28,37.57,TRADE
NSW1,2016/09/07 00:00:00,7839.35,34.73,TRADE
NSW1,2016/09/07 00:30:00,7758.82,30.68,TRADE
NSW1,2016/09/07 01:00:00,7526.09,30.22,TRADE
NSW1,2016/09/07 01:30:00,7414.97,31.01,TRADE
NSW1,2016/09/07 02:00:00,7145.81,29.73,TRADE
NSW1,2016/09/07 02:30:00,6786.46,29.23,TRADE
NSW1,2016/09/07 03:00:00,6553.1,27.41,TRADE
NSW1,2016/09/07 03:30:00,6377.51,27.14,TRADE
NSW1,2016/09/07 04:00:00,6281.64,26.88,TRADE
NSW1,2016/09/07 04:30:00,6288.4,27.72,TRADE
NSW1,2016/09/07 05:00:00,6433.84,27.43,TRADE
NSW1,2016/09/07 05:30:00,6700.12,24.86,TRADE
NSW1,2016/09/07 06:00:00,7121.18,27.03,TRADE
NSW1,2016/09/07 06:30:00,7852.28,56.40,TRADE
NSW1,2016/09/07 07:00:00,8418.74,51.18,TRADE
NSW1,2016/09/07 07:30:00,8591.89,34.76,TRADE
NSW1,2016/09/07 08:00:00,8714.78,41.96,TRADE
NSW1,2016/09/07 08:30:00,8672.58,39.69,TRADE
NSW1,2016/09/07 09:00:00,8409.6,36.96,TRADE
NSW1,2016/09/07 09:30:00,8324.82,34.35,TRADE
NSW1,2016/09/07 10:00:00,8215.78,31.04,TRADE
NSW1,2016/09/07 10:30:00,8161.13,31.42,TRADE
NSW1,2016/09/07 11:00:00,8121.1,31.95,TRADE
NSW1,2016/09/07 11:30:00,8028.02,32.60,TRADE
NSW1,2016/09/07 12:00:00,7969.6,32.72,TRADE
NSW1,2016/09/07 12:30:00,7960.21,31.61,TRADE
NSW1,2016/09/07 13:00:00,7912.65,31.09,TRADE
NSW1,2016/09/07 13:30:00,7861.82,30.09,TRADE
NSW1,2016/09/07 14:00:00,7858.56,29.96,TRADE
NSW1,2016/09/07 14:30:00,7824.5,29.82,TRADE
NSW1,2016/09/07 15:00:00,7829.73,29.27,TRADE
NSW1,2016/09/07 15:30:00,7842.81,29.96,TRADE
NSW1,2016/09/07 16:00:00,7968.83,29.69,TRADE
NSW1,2016/09/07 16:30:00,8073.79,30.10,TRADE
NSW1,2016/09/07 17:00:00,8226.81,29.55,TRADE
NSW1,2016/09/07 17:30:00,8419.83,29.96,TRADE
NSW1,2016/09/07 18:00:00,8802.84,31.39,TRADE
NSW1,2016/09/07 18:30:00,9140.54,33.17,TRADE
NSW1,2016/09/07 19:00:00,9135.01,33.05,TRADE
NSW1,2016/09/07 19:30:00,8951.48,29.41,TRADE
NSW1,2016/09/07 20:00:00,8723.48,28.53,TRADE
NSW1,2016/09/07 20:30:00,8546.57,26.91,TRADE
NSW1,2016/09/07 21:00:00,8391.95,27.34,TRADE
NSW1,2016/09/07 21:30:00,8166.03,27.46,TRADE
NSW1,2016/09/07 22:00:00,7949.13,27.10,TRADE
NSW1,2016/09/07 22:30:00,8060.22,45.14,TRADE
NSW1,2016/09/07 23:00:00,7834.81,28.44,TRADE
NSW1,2016/09/07 23:30:00,7821.8,29.31,TRADE
NSW1,2016/09/08 00:00:00,7720.03,28.65,TRADE
NSW1,2016/09/08 00:30:00,7570.48,30.26,TRADE
NSW1,2016/09/08 01:00:00,7398.61,35.76,TRADE
NSW1,2016/09/08 01:30:00,7235.88,38.61,TRADE
NSW1,2016/09/08 02:00:00,7034.16,38.31,TRADE
NSW1,2016/09/08 02:30:00,6698.24,36.96,TRADE
NSW1,2016/09/08 03:00:00,6470.83,35.37,TRADE
NSW1,2016/09/08 03:30:00,6297.43,30.80,TRADE
NSW1,2016/09/08 04:00:00,6238.69,30.49,TRADE
NSW1,2016/09/08 04:30:00,6228.34,30.11,TRADE
NSW1,2016/09/08 05:00:00,6341.72,32.76,TRADE
NSW1,2016/09/08 05:30:00,6654.38,41.72,TRADE
NSW1,2016/09/08 06:00:00,7012.22,36.74,TRADE
NSW1,2016/09/08 06:30:00,7624.37,33.48,TRADE
NSW1,2016/09/08 07:00:00,8137.89,34.27,TRADE
NSW1,2016/09/08 07:30:00,8363.44,27.51,TRADE
NSW1,2016/09/08 08:00:00,8553.71,28.12,TRADE
NSW1,2016/09/08 08:30:00,8553.07,27.41,TRADE
NSW1,2016/09/08 09:00:00,8331.63,26.82,TRADE
NSW1,2016/09/08 09:30:00,8389.53,29.96,TRADE
NSW1,2016/09/08 10:00:00,8326.03,29.96,TRADE
NSW1,2016/09/08 10:30:00,8250.52,30.10,TRADE
NSW1,2016/09/08 11:00:00,8139.53,29.96,TRADE
NSW1,2016/09/08 11:30:00,7969.62,29.96,TRADE
NSW1,2016/09/08 12:00:00,7976.93,30.10,TRADE
NSW1,2016/09/08 12:30:00,7994.69,30.23,TRADE
NSW1,2016/09/08 13:00:00,7940.54,29.96,TRADE
NSW1,2016/09/08 13:30:00,7923.71,29.14,TRADE
NSW1,2016/09/08 14:00:00,7948.54,29.96,TRADE
NSW1,2016/09/08 14:30:00,7963.64,29.96,TRADE
NSW1,2016/09/08 15:00:00,7906.59,29.96,TRADE
NSW1,2016/09/08 15:30:00,7950,29.41,TRADE
NSW1,2016/09/08 16:00:00,8082.55,30.97,TRADE
NSW1,2016/09/08 16:30:00,8140.07,30.71,TRADE
NSW1,2016/09/08 17:00:00,8291.49,29.96,TRADE
NSW1,2016/09/08 17:30:00,8517.72,30.13,TRADE
NSW1,2016/09/08 18:00:00,8915.46,39.65,TRADE
NSW1,2016/09/08 18:30:00,9266.25,38.74,TRADE
NSW1,2016/09/08 19:00:00,9283.35,36.96,TRADE
NSW1,2016/09/08 19:30:00,9065.71,35.93,TRADE
NSW1,2016/09/08 20:00:00,8863.9,36.47,TRADE
NSW1,2016/09/08 20:30:00,8690.95,34.10,TRADE
NSW1,2016/09/08 21:00:00,8510.2,31.29,TRADE
NSW1,2016/09/08 21:30:00,8254.08,30.37,TRADE
NSW1,2016/09/08 22:00:00,7959.26,29.96,TRADE
NSW1,2016/09/08 22:30:00,8007.52,48.77,TRADE
NSW1,2016/09/08 23:00:00,7819.41,30.78,TRADE
NSW1,2016/09/08 23:30:00,7801.43,32.70,TRADE
NSW1,2016/09/09 00:00:00,7704.93,31.27,TRADE
NSW1,2016/09/09 00:30:00,7489.74,31.55,TRADE
NSW1,2016/09/09 01:00:00,7312.88,30.86,TRADE
NSW1,2016/09/09 01:30:00,7186.19,29.81,TRADE
NSW1,2016/09/09 02:00:00,6992.72,29.98,TRADE
NSW1,2016/09/09 02:30:00,6652.81,27.88,TRADE
NSW1,2016/09/09 03:00:00,6388.76,27.41,TRADE
NSW1,2016/09/09 03:30:00,6256.61,27.15,TRADE
NSW1,2016/09/09 04:00:00,6159.65,23.12,TRADE
NSW1,2016/09/09 04:30:00,6187.07,25.63,TRADE
NSW1,2016/09/09 05:00:00,6257.52,26.38,TRADE
NSW1,2016/09/09 05:30:00,6559.16,28.42,TRADE
NSW1,2016/09/09 06:00:00,6906.45,22.30,TRADE
NSW1,2016/09/09 06:30:00,7502.56,29.38,TRADE
NSW1,2016/09/09 07:00:00,8037.77,29.99,TRADE
NSW1,2016/09/09 07:30:00,8200.03,28.84,TRADE
NSW1,2016/09/09 08:00:00,8453.22,35.73,TRADE
NSW1,2016/09/09 08:30:00,8400.52,34.52,TRADE
NSW1,2016/09/09 09:00:00,8258.07,30.78,TRADE
NSW1,2016/09/09 09:30:00,8191.56,30.10,TRADE
NSW1,2016/09/09 10:00:00,8149.13,30.10,TRADE
NSW1,2016/09/09 10:30:00,8190.86,30.67,TRADE
NSW1,2016/09/09 11:00:00,8137.46,29.17,TRADE
NSW1,2016/09/09 11:30:00,8084.81,29.69,TRADE
NSW1,2016/09/09 12:00:00,8058.31,30.83,TRADE
NSW1,2016/09/09 12:30:00,7966.54,30.37,TRADE
NSW1,2016/09/09 13:00:00,7910.99,30.51,TRADE
NSW1,2016/09/09 13:30:00,7912.32,30.92,TRADE
NSW1,2016/09/09 14:00:00,7956.75,30.37,TRADE
NSW1,2016/09/09 14:30:00,7971.73,30.82,TRADE
NSW1,2016/09/09 15:00:00,8028.32,31.76,TRADE
NSW1,2016/09/09 15:30:00,8083.96,31.30,TRADE
NSW1,2016/09/09 16:00:00,8234.81,34.54,TRADE
NSW1,2016/09/09 16:30:00,8314.53,30.84,TRADE
NSW1,2016/09/09 17:00:00,8349.12,34.79,TRADE
NSW1,2016/09/09 17:30:00,8520.64,36.96,TRADE
NSW1,2016/09/09 18:00:00,8786.06,41.49,TRADE
NSW1,2016/09/09 18:30:00,8910.77,39.45,TRADE
NSW1,2016/09/09 19:00:00,8812.96,35.13,TRADE
NSW1,2016/09/09 19:30:00,8544.08,30.99,TRADE
NSW1,2016/09/09 20:00:00,8372.61,30.71,TRADE
NSW1,2016/09/09 20:30:00,8176.1,32.01,TRADE
NSW1,2016/09/09 21:00:00,8020.41,31.34,TRADE
NSW1,2016/09/09 21:30:00,7885.47,30.76,TRADE
NSW1,2016/09/09 22:00:00,7702.28,30.61,TRADE
NSW1,2016/09/09 22:30:00,7834.73,67.43,TRADE
NSW1,2016/09/09 23:00:00,7726.79,39.36,TRADE
NSW1,2016/09/09 23:30:00,7678.6,35.69,TRADE
NSW1,2016/09/10 00:00:00,7757.21,38.06,TRADE
NSW1,2016/09/10 00:30:00,7529.57,30.48,TRADE
NSW1,2016/09/10 01:00:00,7315.65,30.51,TRADE
NSW1,2016/09/10 01:30:00,7059.16,29.99,TRADE
NSW1,2016/09/10 02:00:00,6892.57,30.21,TRADE
NSW1,2016/09/10 02:30:00,6557.35,29.96,TRADE
NSW1,2016/09/10 03:00:00,6364.7,29.93,TRADE
NSW1,2016/09/10 03:30:00,6184.97,29.55,TRADE
NSW1,2016/09/10 04:00:00,5997.5,28.95,TRADE
NSW1,2016/09/10 04:30:00,5921.77,27.25,TRADE
NSW1,2016/09/10 05:00:00,5898.55,26.72,TRADE
NSW1,2016/09/10 05:30:00,5977.81,28.25,TRADE
NSW1,2016/09/10 06:00:00,6073.49,28.77,TRADE
NSW1,2016/09/10 06:30:00,6293.97,29.53,TRADE
NSW1,2016/09/10 07:00:00,6565.71,30.72,TRADE
NSW1,2016/09/10 07:30:00,6864.62,30.80,TRADE
NSW1,2016/09/10 08:00:00,7189.29,35.63,TRADE
NSW1,2016/09/10 08:30:00,7465.41,42.29,TRADE
NSW1,2016/09/10 09:00:00,7616.8,53.57,TRADE
NSW1,2016/09/10 09:30:00,7751.69,59.63,TRADE
NSW1,2016/09/10 10:00:00,7666.62,44.71,TRADE
NSW1,2016/09/10 10:30:00,7621.04,46.78,TRADE
NSW1,2016/09/10 11:00:00,7419.44,39.86,TRADE
NSW1,2016/09/10 11:30:00,7344.92,34.02,TRADE
NSW1,2016/09/10 12:00:00,7271.07,31.88,TRADE
NSW1,2016/09/10 12:30:00,7229.11,32.54,TRADE
NSW1,2016/09/10 13:00:00,7131.02,31.12,TRADE
NSW1,2016/09/10 13:30:00,7035.59,33.94,TRADE
NSW1,2016/09/10 14:00:00,6962.43,30.19,TRADE
NSW1,2016/09/10 14:30:00,6993.69,33.61,TRADE
NSW1,2016/09/10 15:00:00,6990.8,31.89,TRADE
NSW1,2016/09/10 15:30:00,7059.27,33.51,TRADE
NSW1,2016/09/10 16:00:00,7193.21,30.99,TRADE
NSW1,2016/09/10 16:30:00,7343.12,33.86,TRADE
NSW1,2016/09/10 17:00:00,7535.53,33.32,TRADE
NSW1,2016/09/10 17:30:00,7693.18,45.89,TRADE
NSW1,2016/09/10 18:00:00,8063.51,61.28,TRADE
NSW1,2016/09/10 18:30:00,8323.85,78.53,TRADE
NSW1,2016/09/10 19:00:00,8323.09,77.73,TRADE
NSW1,2016/09/10 19:30:00,8107.08,55.76,TRADE
NSW1,2016/09/10 20:00:00,7938.7,50.91,TRADE
NSW1,2016/09/10 20:30:00,7774.55,41.95,TRADE
NSW1,2016/09/10 21:00:00,7659.94,36.65,TRADE
NSW1,2016/09/10 21:30:00,7634.22,38.86,TRADE
NSW1,2016/09/10 22:00:00,7507.9,33.11,TRADE
NSW1,2016/09/10 22:30:00,7538.01,34.25,TRADE
NSW1,2016/09/10 23:00:00,7409.7,36.71,TRADE
NSW1,2016/09/10 23:30:00,7354.27,39.23,TRADE
NSW1,2016/09/11 00:00:00,7217.98,41.78,TRADE
NSW1,2016/09/11 00:30:00,6988.12,37.77,TRADE
NSW1,2016/09/11 01:00:00,6845.15,43.06,TRADE
NSW1,2016/09/11 01:30:00,6695.72,37.91,TRADE
NSW1,2016/09/11 02:00:00,6474.85,49.17,TRADE
NSW1,2016/09/11 02:30:00,6242.16,52.76,TRADE
NSW1,2016/09/11 03:00:00,6009.02,52.81,TRADE
NSW1,2016/09/11 03:30:00,5911.17,48.27,TRADE
NSW1,2016/09/11 04:00:00,5856.86,41.50,TRADE
NSW1,2016/09/11 04:30:00,5786.18,57.84,TRADE
NSW1,2016/09/11 05:00:00,5885.28,63.67,TRADE
NSW1,2016/09/11 05:30:00,6028.89,65.08,TRADE
NSW1,2016/09/11 06:00:00,6065.46,60.23,TRADE
NSW1,2016/09/11 06:30:00,6238.52,41.78,TRADE
NSW1,2016/09/11 07:00:00,6390.8,36.01,TRADE
NSW1,2016/09/11 07:30:00,6622.74,39.21,TRADE
NSW1,2016/09/11 08:00:00,6931.33,40.09,TRADE
NSW1,2016/09/11 08:30:00,7089.35,42.57,TRADE
NSW1,2016/09/11 09:00:00,7224.87,47.49,TRADE
NSW1,2016/09/11 09:30:00,7289.09,42.82,TRADE
NSW1,2016/09/11 10:00:00,7155.39,36.87,TRADE
NSW1,2016/09/11 10:30:00,7100.22,34.42,TRADE
NSW1,2016/09/11 11:00:00,6966.97,31.81,TRADE
NSW1,2016/09/11 11:30:00,6836.47,34.27,TRADE
NSW1,2016/09/11 12:00:00,6707.41,37.25,TRADE
NSW1,2016/09/11 12:30:00,6656.84,36.16,TRADE
NSW1,2016/09/11 13:00:00,6608.18,34.57,TRADE
NSW1,2016/09/11 13:30:00,6593.51,34.40,TRADE
NSW1,2016/09/11 14:00:00,6615.37,36.70,TRADE
NSW1,2016/09/11 14:30:00,6611.43,36.42,TRADE
NSW1,2016/09/11 15:00:00,6634.06,38.29,TRADE
NSW1,2016/09/11 15:30:00,6770.85,48.98,TRADE
NSW1,2016/09/11 16:00:00,6919.72,66.33,TRADE
NSW1,2016/09/11 16:30:00,7063.41,59.05,TRADE
NSW1,2016/09/11 17:00:00,7285.18,55.11,TRADE
NSW1,2016/09/11 17:30:00,7543.8,55.50,TRADE
NSW1,2016/09/11 18:00:00,8049,61.26,TRADE
NSW1,2016/09/11 18:30:00,8550.37,183.80,TRADE
NSW1,2016/09/11 19:00:00,8622.87,112.50,TRADE
NSW1,2016/09/11 19:30:00,8496.04,68.29,TRADE
NSW1,2016/09/11 20:00:00,8249.41,54.22,TRADE
NSW1,2016/09/11 20:30:00,8128.88,52.44,TRADE
NSW1,2016/09/11 21:00:00,7985.94,47,TRADE
NSW1,2016/09/11 21:30:00,7763.05,39.03,TRADE
NSW1,2016/09/11 22:00:00,7581.15,36.74,TRADE
NSW1,2016/09/11 22:30:00,7489.47,42.32,TRADE
NSW1,2016/09/11 23:00:00,7255,36.23,TRADE
NSW1,2016/09/11 23:30:00,7199.96,36.40,TRADE
NSW1,2016/09/12 00:00:00,7088.97,38.77,TRADE
NSW1,2016/09/12 00:30:00,6947.41,31.40,TRADE
NSW1,2016/09/12 01:00:00,6844.97,30.78,TRADE
NSW1,2016/09/12 01:30:00,6654.16,30.27,TRADE
NSW1,2016/09/12 02:00:00,6522.03,30.54,TRADE
NSW1,2016/09/12 02:30:00,6243.28,30.64,TRADE
NSW1,2016/09/12 03:00:00,6049.99,29.69,TRADE
NSW1,2016/09/12 03:30:00,5980.41,29.83,TRADE
NSW1,2016/09/12 04:00:00,5908.39,30.05,TRADE
NSW1,2016/09/12 04:30:00,6003.59,26.92,TRADE
NSW1,2016/09/12 05:00:00,6138.86,30.43,TRADE
NSW1,2016/09/12 05:30:00,6511.31,33.77,TRADE
NSW1,2016/09/12 06:00:00,6920,44.85,TRADE
NSW1,2016/09/12 06:30:00,7570.73,56.39,TRADE
NSW1,2016/09/12 07:00:00,8103.29,60.49,TRADE
NSW1,2016/09/12 07:30:00,8315.93,43.52,TRADE
NSW1,2016/09/12 08:00:00,8386.61,57.43,TRADE
NSW1,2016/09/12 08:30:00,8349.92,58.42,TRADE
NSW1,2016/09/12 09:00:00,8137.22,42.60,TRADE
NSW1,2016/09/12 09:30:00,8090.33,39.16,TRADE
NSW1,2016/09/12 10:00:00,8017.79,36.90,TRADE
NSW1,2016/09/12 10:30:00,7942.65,36.96,TRADE
NSW1,2016/09/12 11:00:00,7867.8,36.96,TRADE
NSW1,2016/09/12 11:30:00,7766.17,36.86,TRADE
NSW1,2016/09/12 12:00:00,7727.59,36.96,TRADE
NSW1,2016/09/12 12:30:00,7712.49,38.63,TRADE
NSW1,2016/09/12 13:00:00,7707.25,41.96,TRADE
NSW1,2016/09/12 13:30:00,7679.93,41.96,TRADE
NSW1,2016/09/12 14:00:00,7669.68,41.96,TRADE
NSW1,2016/09/12 14:30:00,7748.85,47.69,TRADE
NSW1,2016/09/12 15:00:00,7820.24,51.40,TRADE
NSW1,2016/09/12 15:30:00,7841.94,53.06,TRADE
NSW1,2016/09/12 16:00:00,7958.65,56.80,TRADE
NSW1,2016/09/12 16:30:00,8092.85,51.35,TRADE
NSW1,2016/09/12 17:00:00,8242.43,55.70,TRADE
NSW1,2016/09/12 17:30:00,8474.08,52.19,TRADE
NSW1,2016/09/12 18:00:00,8869.06,64.91,TRADE
NSW1,2016/09/12 18:30:00,9284.23,89.73,TRADE
NSW1,2016/09/12 19:00:00,9263.1,77.36,TRADE
NSW1,2016/09/12 19:30:00,8975.13,54.80,TRADE
NSW1,2016/09/12 20:00:00,8764.05,58.42,TRADE
NSW1,2016/09/12 20:30:00,8619.72,56.56,TRADE
NSW1,2016/09/12 21:00:00,8330.31,45.31,TRADE
NSW1,2016/09/12 21:30:00,8096.13,43.41,TRADE
NSW1,2016/09/12 22:00:00,7878.35,36.43,TRADE
NSW1,2016/09/12 22:30:00,7940.3,52.54,TRADE
NSW1,2016/09/12 23:00:00,7768.25,42.48,TRADE
NSW1,2016/09/12 23:30:00,7766.33,46.50,TRADE
NSW1,2016/09/13 00:00:00,7655.94,36.73,TRADE
NSW1,2016/09/13 00:30:00,7443.27,36.41,TRADE
NSW1,2016/09/13 01:00:00,7262.54,34.43,TRADE
NSW1,2016/09/13 01:30:00,7132.29,31.62,TRADE
NSW1,2016/09/13 02:00:00,6938.57,31.05,TRADE
NSW1,2016/09/13 02:30:00,6659.07,30.77,TRADE
NSW1,2016/09/13 03:00:00,6380.47,30.76,TRADE
NSW1,2016/09/13 03:30:00,6219.1,30.23,TRADE
NSW1,2016/09/13 04:00:00,6193.77,30.23,TRADE
NSW1,2016/09/13 04:30:00,6150.99,31.94,TRADE
NSW1,2016/09/13 05:00:00,6226.48,31.43,TRADE
NSW1,2016/09/13 05:30:00,6472.3,31.64,TRADE
NSW1,2016/09/13 06:00:00,6848.68,37.40,TRADE
NSW1,2016/09/13 06:30:00,7462.59,54.43,TRADE
NSW1,2016/09/13 07:00:00,7976.2,65.48,TRADE
NSW1,2016/09/13 07:30:00,8168.07,54.52,TRADE
NSW1,2016/09/13 08:00:00,8434.69,60.27,TRADE
NSW1,2016/09/13 08:30:00,8468.44,60.96,TRADE
NSW1,2016/09/13 09:00:00,8325.24,59.85,TRADE
NSW1,2016/09/13 09:30:00,8406.87,68.26,TRADE
NSW1,2016/09/13 10:00:00,8314.89,57.82,TRADE
NSW1,2016/09/13 10:30:00,8319.44,56.67,TRADE
NSW1,2016/09/13 11:00:00,8257.55,51.09,TRADE
NSW1,2016/09/13 11:30:00,8166.39,54.74,TRADE
NSW1,2016/09/13 12:00:00,8140.66,55.50,TRADE
NSW1,2016/09/13 12:30:00,8163.37,57.07,TRADE
NSW1,2016/09/13 13:00:00,8077.59,54.91,TRADE
NSW1,2016/09/13 13:30:00,8083.86,55.39,TRADE
NSW1,2016/09/13 14:00:00,8062.65,60.61,TRADE
NSW1,2016/09/13 14:30:00,8079.72,64.43,TRADE
NSW1,2016/09/13 15:00:00,8094.5,61.33,TRADE
NSW1,2016/09/13 15:30:00,8113.37,64.43,TRADE
NSW1,2016/09/13 16:00:00,8205.23,67.55,TRADE
NSW1,2016/09/13 16:30:00,8340.73,64.78,TRADE
NSW1,2016/09/13 17:00:00,8542.89,56.98,TRADE
NSW1,2016/09/13 17:30:00,8678.38,52.29,TRADE
NSW1,2016/09/13 18:00:00,9096.85,64.87,TRADE
NSW1,2016/09/13 18:30:00,9301.85,79.67,TRADE
NSW1,2016/09/13 19:00:00,9226.19,72,TRADE
NSW1,2016/09/13 19:30:00,8987.4,54.59,TRADE
NSW1,2016/09/13 20:00:00,8779.71,55.51,TRADE
NSW1,2016/09/13 20:30:00,8555.28,56.65,TRADE
NSW1,2016/09/13 21:00:00,8387.84,48.45,TRADE
NSW1,2016/09/13 21:30:00,8074.22,38.65,TRADE
NSW1,2016/09/13 22:00:00,7824.11,33.84,TRADE
NSW1,2016/09/13 22:30:00,7903.85,48.61,TRADE
NSW1,2016/09/13 23:00:00,7726.68,34.88,TRADE
NSW1,2016/09/13 23:30:00,7657.77,39.47,TRADE
NSW1,2016/09/14 00:00:00,7576.27,34.37,TRADE
NSW1,2016/09/14 00:30:00,7406.65,30.69,TRADE
NSW1,2016/09/14 01:00:00,7222.56,30.90,TRADE
NSW1,2016/09/14 01:30:00,7047.02,30.37,TRADE
NSW1,2016/09/14 02:00:00,6830.42,30.05,TRADE
NSW1,2016/09/14 02:30:00,6517.64,28.81,TRADE
NSW1,2016/09/14 03:00:00,6199.61,28.30,TRADE
NSW1,2016/09/14 03:30:00,6045.89,26.70,TRADE
NSW1,2016/09/14 04:00:00,5989.04,27.07,TRADE
NSW1,2016/09/14 04:30:00,6024.19,27.13,TRADE
NSW1,2016/09/14 05:00:00,6107.73,27.22,TRADE
NSW1,2016/09/14 05:30:00,6413.81,29.88,TRADE
NSW1,2016/09/14 06:00:00,6838.38,31.06,TRADE
NSW1,2016/09/14 06:30:00,7452.23,51.55,TRADE
NSW1,2016/09/14 07:00:00,7943.38,56.53,TRADE
NSW1,2016/09/14 07:30:00,8186.34,50.25,TRADE
NSW1,2016/09/14 08:00:00,8432.95,74.04,TRADE
NSW1,2016/09/14 08:30:00,8584.99,78.76,TRADE
NSW1,2016/09/14 09:00:00,8522.84,60.76,TRADE
NSW1,2016/09/14 09:30:00,8506.6,66.78,TRADE
NSW1,2016/09/14 10:00:00,8492.55,58.99,TRADE
NSW1,2016/09/14 10:30:00,8429.5,54.81,TRADE
NSW1,2016/09/14 11:00:00,8303.4,52.41,TRADE
NSW1,2016/09/14 11:30:00,8235.48,51.29,TRADE
NSW1,2016/09/14 12:00:00,8156.31,50.19,TRADE
NSW1,2016/09/14 12:30:00,8087.44,50.99,TRADE
NSW1,2016/09/14 13:00:00,8037.46,51.53,TRADE
NSW1,2016/09/14 13:30:00,8052.64,52.48,TRADE
NSW1,2016/09/14 14:00:00,8123.93,55.03,TRADE
NSW1,2016/09/14 14:30:00,8126.99,55.43,TRADE
NSW1,2016/09/14 15:00:00,8150.64,55.95,TRADE
NSW1,2016/09/14 15:30:00,8118.48,50.42,TRADE
NSW1,2016/09/14 16:00:00,8228.5,56.70,TRADE
NSW1,2016/09/14 16:30:00,8335.29,55.78,TRADE
NSW1,2016/09/14 17:00:00,8457.08,59.29,TRADE
NSW1,2016/09/14 17:30:00,8530.95,50.88,TRADE
NSW1,2016/09/14 18:00:00,8825.02,55.03,TRADE
NSW1,2016/09/14 18:30:00,9107.08,74.67,TRADE
NSW1,2016/09/14 19:00:00,9065.46,72.75,TRADE
NSW1,2016/09/14 19:30:00,8906.54,62.61,TRADE
NSW1,2016/09/14 20:00:00,8693.38,58.82,TRADE
NSW1,2016/09/14 20:30:00,8476.75,55.96,TRADE
NSW1,2016/09/14 21:00:00,8305.78,50.92,TRADE
NSW1,2016/09/14 21:30:00,8094.34,48,TRADE
NSW1,2016/09/14 22:00:00,7899.72,43.19,TRADE
NSW1,2016/09/14 22:30:00,7933.81,99.86,TRADE
NSW1,2016/09/14 23:00:00,7720.71,47.50,TRADE
NSW1,2016/09/14 23:30:00,7630.03,49.72,TRADE
NSW1,2016/09/15 00:00:00,7574.63,42.95,TRADE
NSW1,2016/09/15 00:30:00,7327.22,36.13,TRADE
NSW1,2016/09/15 01:00:00,7130.5,32.23,TRADE
NSW1,2016/09/15 01:30:00,6989.84,40.90,TRADE
NSW1,2016/09/15 02:00:00,6788.4,40.60,TRADE
NSW1,2016/09/15 02:30:00,6456.18,32.11,TRADE
NSW1,2016/09/15 03:00:00,6176.21,32.07,TRADE
NSW1,2016/09/15 03:30:00,6023.75,30.19,TRADE
NSW1,2016/09/15 04:00:00,5930.11,30.33,TRADE
NSW1,2016/09/15 04:30:00,5917.94,30.61,TRADE
NSW1,2016/09/15 05:00:00,6036.29,32.65,TRADE
NSW1,2016/09/15 05:30:00,6357.34,32.83,TRADE
NSW1,2016/09/15 06:00:00,6705.29,30.43,TRADE
NSW1,2016/09/15 06:30:00,7298.13,37.01,TRADE
NSW1,2016/09/15 07:00:00,7881.52,53.62,TRADE
NSW1,2016/09/15 07:30:00,8103.76,51.99,TRADE
NSW1,2016/09/15 08:00:00,8270.32,61.51,TRADE
NSW1,2016/09/15 08:30:00,8282.05,64.98,TRADE
NSW1,2016/09/15 09:00:00,8124.9,50.74,TRADE
NSW1,2016/09/15 09:30:00,8086.06,45.75,TRADE
NSW1,2016/09/15 10:00:00,8001.23,44.55,TRADE
NSW1,2016/09/15 10:30:00,7955.87,35.01,TRADE
NSW1,2016/09/15 11:00:00,7938.8,35.74,TRADE
NSW1,2016/09/15 11:30:00,7862.92,32.47,TRADE
NSW1,2016/09/15 12:00:00,7881.29,36.95,TRADE
NSW1,2016/09/15 12:30:00,7862.26,36.04,TRADE
NSW1,2016/09/15 13:00:00,7845.83,32.36,TRADE
NSW1,2016/09/15 13:30:00,7878.12,35.29,TRADE
NSW1,2016/09/15 14:00:00,7880.98,43.17,TRADE
NSW1,2016/09/15 14:30:00,7811.03,36.10,TRADE
NSW1,2016/09/15 15:00:00,7909.9,41.40,TRADE
NSW1,2016/09/15 15:30:00,7916,41.82,TRADE
NSW1,2016/09/15 16:00:00,7996.4,40.61,TRADE
NSW1,2016/09/15 16:30:00,8085.81,44.61,TRADE
NSW1,2016/09/15 17:00:00,8227.09,50.15,TRADE
NSW1,2016/09/15 17:30:00,8492.55,40.43,TRADE
NSW1,2016/09/15 18:00:00,8908.48,48.18,TRADE
NSW1,2016/09/15 18:30:00,9167.42,49.50,TRADE
NSW1,2016/09/15 19:00:00,9145.98,53.90,TRADE
NSW1,2016/09/15 19:30:00,8925.7,49.33,TRADE
NSW1,2016/09/15 20:00:00,8725.61,48.16,TRADE
NSW1,2016/09/15 20:30:00,8578.58,46.74,TRADE
NSW1,2016/09/15 21:00:00,8395.54,44.99,TRADE
NSW1,2016/09/15 21:30:00,8180.42,39.06,TRADE
NSW1,2016/09/15 22:00:00,7954.61,35.04,TRADE
NSW1,2016/09/15 22:30:00,7941.31,61.56,TRADE
NSW1,2016/09/15 23:00:00,7804.92,46.41,TRADE
NSW1,2016/09/15 23:30:00,7758.63,45.39,TRADE
NSW1,2016/09/16 00:00:00,7666.83,40.63,TRADE
NSW1,2016/09/16 00:30:00,7431.83,38.69,TRADE
NSW1,2016/09/16 01:00:00,7312.46,37.77,TRADE
NSW1,2016/09/16 01:30:00,7147.24,35.09,TRADE
NSW1,2016/09/16 02:00:00,6928.46,34.36,TRADE
NSW1,2016/09/16 02:30:00,6584.61,32.30,TRADE
NSW1,2016/09/16 03:00:00,6337.03,29.77,TRADE
NSW1,2016/09/16 03:30:00,6191.96,29.96,TRADE
NSW1,2016/09/16 04:00:00,6076.91,30.09,TRADE
NSW1,2016/09/16 04:30:00,6089.39,30.10,TRADE
NSW1,2016/09/16 05:00:00,6227.96,31.44,TRADE
NSW1,2016/09/16 05:30:00,6477.93,31.98,TRADE
NSW1,2016/09/16 06:00:00,6822.96,32.60,TRADE
NSW1,2016/09/16 06:30:00,7472.8,58.97,TRADE
NSW1,2016/09/16 07:00:00,7968.28,109.03,TRADE
NSW1,2016/09/16 07:30:00,8268.91,69.57,TRADE
NSW1,2016/09/16 08:00:00,8461.06,79.81,TRADE
NSW1,2016/09/16 08:30:00,8393.48,64.29,TRADE
NSW1,2016/09/16 09:00:00,8204.29,55.45,TRADE
NSW1,2016/09/16 09:30:00,8082.75,51.72,TRADE
NSW1,2016/09/16 10:00:00,7993.46,49.52,TRADE
NSW1,2016/09/16 10:30:00,7891.91,49.46,TRADE
NSW1,2016/09/16 11:00:00,7835.37,47.99,TRADE
NSW1,2016/09/16 11:30:00,7768.27,38.10,TRADE
NSW1,2016/09/16 12:00:00,7740.14,41.45,TRADE
NSW1,2016/09/16 12:30:00,7657.6,33.98,TRADE
NSW1,2016/09/16 13:00:00,7572.89,31.31,TRADE
NSW1,2016/09/16 13:30:00,7563.83,33.09,TRADE
NSW1,2016/09/16 14:00:00,7512.14,34.28,TRADE
NSW1,2016/09/16 14:30:00,7527.28,32.33,TRADE
NSW1,2016/09/16 15:00:00,7453.78,30.61,TRADE
NSW1,2016/09/16 15:30:00,7563.24,35.92,TRADE
NSW1,2016/09/16 16:00:00,7676.72,39.71,TRADE
NSW1,2016/09/16 16:30:00,7849.19,48.42,TRADE
NSW1,2016/09/16 17:00:00,7961.86,57.91,TRADE
NSW1,2016/09/16 17:30:00,8074.81,54.31,TRADE
NSW1,2016/09/16 18:00:00,8371.89,67.26,TRADE
NSW1,2016/09/16 18:30:00,8665.18,69.41,TRADE
NSW1,2016/09/16 19:00:00,8701.06,71.57,TRADE
NSW1,2016/09/16 19:30:00,8553.06,57.80,TRADE
NSW1,2016/09/16 20:00:00,8427.81,48.90,TRADE
NSW1,2016/09/16 20:30:00,8312.25,54.99,TRADE
NSW1,2016/09/16 21:00:00,8226.25,52.20,TRADE
NSW1,2016/09/16 21:30:00,8047.86,45.13,TRADE
NSW1,2016/09/16 22:00:00,7914.12,37.98,TRADE
NSW1,2016/09/16 22:30:00,8085.67,64.75,TRADE
NSW1,2016/09/16 23:00:00,7929.74,55.13,TRADE
NSW1,2016/09/16 23:30:00,7898.13,48.59,TRADE
NSW1,2016/09/17 00:00:00,7781.61,45.74,TRADE
NSW1,2016/09/17 00:30:00,7550.96,40.75,TRADE
NSW1,2016/09/17 01:00:00,7375.64,34.88,TRADE
NSW1,2016/09/17 01:30:00,7185.18,33.06,TRADE
NSW1,2016/09/17 02:00:00,6958.23,33.04,TRADE
NSW1,2016/09/17 02:30:00,6655.13,29.63,TRADE
NSW1,2016/09/17 03:00:00,6312.4,29.49,TRADE
NSW1,2016/09/17 03:30:00,6163.13,29.32,TRADE
NSW1,2016/09/17 04:00:00,6007.89,27.33,TRADE
NSW1,2016/09/17 04:30:00,5964.63,26.49,TRADE
NSW1,2016/09/17 05:00:00,5963.37,24.59,TRADE
NSW1,2016/09/17 05:30:00,6055.66,27.72,TRADE
NSW1,2016/09/17 06:00:00,6217.54,29.71,TRADE
NSW1,2016/09/17 06:30:00,6465.65,30.17,TRADE
NSW1,2016/09/17 07:00:00,6788.49,32.14,TRADE
NSW1,2016/09/17 07:30:00,7021.22,32.22,TRADE
NSW1,2016/09/17 08:00:00,7287,35.26,TRADE
NSW1,2016/09/17 08:30:00,7504.48,40.44,TRADE
NSW1,2016/09/17 09:00:00,7591.76,41.72,TRADE
NSW1,2016/09/17 09:30:00,7672.51,46.61,TRADE
NSW1,2016/09/17 10:00:00,7502.22,35.92,TRADE
NSW1,2016/09/17 10:30:00,7401.34,32.68,TRADE
NSW1,2016/09/17 11:00:00,7268.08,30.92,TRADE
NSW1,2016/09/17 11:30:00,7141.04,30.25,TRADE
NSW1,2016/09/17 12:00:00,7074.79,30.87,TRADE
NSW1,2016/09/17 12:30:00,6969.22,30.62,TRADE
NSW1,2016/09/17 13:00:00,6931.29,30.90,TRADE
NSW1,2016/09/17 13:30:00,6871.34,30.98,TRADE
NSW1,2016/09/17 14:00:00,6892.37,31.49,TRADE
NSW1,2016/09/17 14:30:00,6971.24,32.06,TRADE
NSW1,2016/09/17 15:00:00,7038.58,33.24,TRADE
NSW1,2016/09/17 15:30:00,7105.28,36.43,TRADE
NSW1,2016/09/17 16:00:00,7224.61,37.43,TRADE
NSW1,2016/09/17 16:30:00,7313.92,38.81,TRADE
NSW1,2016/09/17 17:00:00,7506.31,34.20,TRADE
NSW1,2016/09/17 17:30:00,7652.48,38.64,TRADE
NSW1,2016/09/17 18:00:00,8038.06,57.77,TRADE
NSW1,2016/09/17 18:30:00,8337.2,65.91,TRADE
NSW1,2016/09/17 19:00:00,8345.91,73.65,TRADE
NSW1,2016/09/17 19:30:00,8164.39,54.95,TRADE
NSW1,2016/09/17 20:00:00,7962.21,50.66,TRADE
NSW1,2016/09/17 20:30:00,7820.29,55.27,TRADE
NSW1,2016/09/17 21:00:00,7723.12,44.88,TRADE
NSW1,2016/09/17 21:30:00,7597.02,37.46,TRADE
NSW1,2016/09/17 22:00:00,7466.12,33.87,TRADE
NSW1,2016/09/17 22:30:00,7479.15,36.53,TRADE
NSW1,2016/09/17 23:00:00,7300.59,32.79,TRADE
NSW1,2016/09/17 23:30:00,7283.89,35.17,TRADE
NSW1,2016/09/18 00:00:00,7185.87,33.20,TRADE
NSW1,2016/09/18 00:30:00,6988.93,31.25,TRADE
NSW1,2016/09/18 01:00:00,6785.6,28.45,TRADE
NSW1,2016/09/18 01:30:00,6587.02,30.86,TRADE
NSW1,2016/09/18 02:00:00,6404.91,29.60,TRADE
NSW1,2016/09/18 02:30:00,6106.11,29.44,TRADE
NSW1,2016/09/18 03:00:00,5937.96,26.53,TRADE
NSW1,2016/09/18 03:30:00,5817.52,25.99,TRADE
NSW1,2016/09/18 04:00:00,5746.55,26.27,TRADE
NSW1,2016/09/18 04:30:00,5729.75,25.95,TRADE
NSW1,2016/09/18 05:00:00,5751.56,26.18,TRADE
NSW1,2016/09/18 05:30:00,5781.4,27.46,TRADE
NSW1,2016/09/18 06:00:00,5897.88,33.27,TRADE
NSW1,2016/09/18 06:30:00,6059.76,33.34,TRADE
NSW1,2016/09/18 07:00:00,6259.58,30.49,TRADE
NSW1,2016/09/18 07:30:00,6491.47,30.17,TRADE
NSW1,2016/09/18 08:00:00,6865.23,34.77,TRADE
NSW1,2016/09/18 08:30:00,7277.36,45.27,TRADE
NSW1,2016/09/18 09:00:00,7624.04,56.91,TRADE
NSW1,2016/09/18 09:30:00,7847.87,83.35,TRADE
NSW1,2016/09/18 10:00:00,7959.13,74.28,TRADE
NSW1,2016/09/18 10:30:00,8011.21,58.92,TRADE
NSW1,2016/09/18 11:00:00,8001.41,58.31,TRADE
NSW1,2016/09/18 11:30:00,7975.26,59.72,TRADE
NSW1,2016/09/18 12:00:00,7941.77,62.41,TRADE
NSW1,2016/09/18 12:30:00,7931.18,59.21,TRADE
NSW1,2016/09/18 13:00:00,7940.38,39.98,TRADE
NSW1,2016/09/18 13:30:00,7963.98,42.97,TRADE
NSW1,2016/09/18 14:00:00,7943.67,42.44,TRADE
NSW1,2016/09/18 14:30:00,7895.82,36.27,TRADE
NSW1,2016/09/18 15:00:00,8053.68,44.89,TRADE
NSW1,2016/09/18 15:30:00,8127.17,46.15,TRADE
NSW1,2016/09/18 16:00:00,8250.58,45.85,TRADE
NSW1,2016/09/18 16:30:00,8363.79,53.71,TRADE
NSW1,2016/09/18 17:00:00,8548.77,64.05,TRADE
NSW1,2016/09/18 17:30:00,8724.37,55.15,TRADE
NSW1,2016/09/18 18:00:00,9037.62,64.36,TRADE
NSW1,2016/09/18 18:30:00,9223.23,83.63,TRADE
NSW1,2016/09/18 19:00:00,9146.45,87.76,TRADE
NSW1,2016/09/18 19:30:00,8934.5,67.78,TRADE
NSW1,2016/09/18 20:00:00,8652.04,66.14,TRADE
NSW1,2016/09/18 20:30:00,8453.8,65.44,TRADE
NSW1,2016/09/18 21:00:00,8308.61,61.66,TRADE
NSW1,2016/09/18 21:30:00,8081.54,59.72,TRADE
NSW1,2016/09/18 22:00:00,7897.86,47.45,TRADE
NSW1,2016/09/18 22:30:00,7747.13,50.52,TRADE
NSW1,2016/09/18 23:00:00,7510.94,53.01,TRADE
NSW1,2016/09/18 23:30:00,7348.46,43.17,TRADE
NSW1,2016/09/19 00:00:00,7182.03,42.25,TRADE
NSW1,2016/09/19 00:30:00,6987.65,33.45,TRADE
NSW1,2016/09/19 01:00:00,6836.78,31.83,TRADE
NSW1,2016/09/19 01:30:00,6657.78,32.02,TRADE
NSW1,2016/09/19 02:00:00,6555.17,29.18,TRADE
NSW1,2016/09/19 02:30:00,6293.7,27.31,TRADE
NSW1,2016/09/19 03:00:00,6094.08,27.08,TRADE
NSW1,2016/09/19 03:30:00,6026.29,28.28,TRADE
NSW1,2016/09/19 04:00:00,5927.85,27.67,TRADE
NSW1,2016/09/19 04:30:00,6016.49,28.73,TRADE
NSW1,2016/09/19 05:00:00,6082.9,28.50,TRADE
NSW1,2016/09/19 05:30:00,6435.56,31.06,TRADE
NSW1,2016/09/19 06:00:00,6795.27,35.38,TRADE
NSW1,2016/09/19 06:30:00,7423.63,51.94,TRADE
NSW1,2016/09/19 07:00:00,8033,65.98,TRADE
NSW1,2016/09/19 07:30:00,8043.5,51.81,TRADE
NSW1,2016/09/19 08:00:00,8252.93,67.52,TRADE
NSW1,2016/09/19 08:30:00,8364.84,75.41,TRADE
NSW1,2016/09/19 09:00:00,8233.28,58.80,TRADE
NSW1,2016/09/19 09:30:00,8219.57,55.44,TRADE
NSW1,2016/09/19 10:00:00,8135.84,56.15,TRADE
NSW1,2016/09/19 10:30:00,8082.56,53.64,TRADE
NSW1,2016/09/19 11:00:00,8014.66,53.86,TRADE
NSW1,2016/09/19 11:30:00,7881.89,50.87,TRADE
NSW1,2016/09/19 12:00:00,7809.01,50.17,TRADE
NSW1,2016/09/19 12:30:00,7731.15,49.88,TRADE
NSW1,2016/09/19 13:00:00,7680.68,46.51,TRADE
NSW1,2016/09/19 13:30:00,7637.12,49.68,TRADE
NSW1,2016/09/19 14:00:00,7558.61,44.03,TRADE
NSW1,2016/09/19 14:30:00,7623.34,42.42,TRADE
NSW1,2016/09/19 15:00:00,7618.61,44.08,TRADE
NSW1,2016/09/19 15:30:00,7550.38,40.90,TRADE
NSW1,2016/09/19 16:00:00,7718.05,51.35,TRADE
NSW1,2016/09/19 16:30:00,7867.26,51.09,TRADE
NSW1,2016/09/19 17:00:00,8130.08,75.25,TRADE
NSW1,2016/09/19 17:30:00,8332.67,58.18,TRADE
NSW1,2016/09/19 18:00:00,8732.44,65.53,TRADE
NSW1,2016/09/19 18:30:00,9127.44,89.56,TRADE
NSW1,2016/09/19 19:00:00,9296.87,104.14,TRADE
NSW1,2016/09/19 19:30:00,9029.88,70.74,TRADE
NSW1,2016/09/19 20:00:00,8861.82,76.18,TRADE
NSW1,2016/09/19 20:30:00,8713.17,71.24,TRADE
NSW1,2016/09/19 21:00:00,8495.09,60.60,TRADE
NSW1,2016/09/19 21:30:00,8375.49,60.84,TRADE
NSW1,2016/09/19 22:00:00,8083.01,43.41,TRADE
NSW1,2016/09/19 22:30:00,8072.93,49.43,TRADE
NSW1,2016/09/19 23:00:00,7884.05,45.27,TRADE
NSW1,2016/09/19 23:30:00,7856.65,52.93,TRADE
NSW1,2016/09/20 00:00:00,7718.13,44.12,TRADE
NSW1,2016/09/20 00:30:00,7531.39,31.77,TRADE
NSW1,2016/09/20 01:00:00,7401.9,32.05,TRADE
NSW1,2016/09/20 01:30:00,7279.34,32.30,TRADE
NSW1,2016/09/20 02:00:00,7026.58,28.34,TRADE
NSW1,2016/09/20 02:30:00,6667.73,26.07,TRADE
NSW1,2016/09/20 03:00:00,6480.56,23.78,TRADE
NSW1,2016/09/20 03:30:00,6298.41,17.93,TRADE
NSW1,2016/09/20 04:00:00,6231.19,19.11,TRADE
NSW1,2016/09/20 04:30:00,6186.37,25.93,TRADE
NSW1,2016/09/20 05:00:00,6301.22,27.09,TRADE
NSW1,2016/09/20 05:30:00,6610.26,29.29,TRADE
NSW1,2016/09/20 06:00:00,7028.1,31.27,TRADE
NSW1,2016/09/20 06:30:00,7738.35,45.97,TRADE
NSW1,2016/09/20 07:00:00,8360.09,54.50,TRADE
NSW1,2016/09/20 07:30:00,8520.53,46.15,TRADE
NSW1,2016/09/20 08:00:00,8603.29,41.84,TRADE
NSW1,2016/09/20 08:30:00,8493.68,46.93,TRADE
NSW1,2016/09/20 09:00:00,8267.67,40.79,TRADE
NSW1,2016/09/20 09:30:00,8253.02,51.29,TRADE
NSW1,2016/09/20 10:00:00,8160.76,50.47,TRADE
NSW1,2016/09/20 10:30:00,8140.37,45.45,TRADE
NSW1,2016/09/20 11:00:00,8001.99,42.83,TRADE
NSW1,2016/09/20 11:30:00,7856.15,32.94,TRADE
NSW1,2016/09/20 12:00:00,7733.56,32.58,TRADE
NSW1,2016/09/20 12:30:00,7629.91,31.49,TRADE
NSW1,2016/09/20 13:00:00,7434.06,31.62,TRADE
NSW1,2016/09/20 13:30:00,7739.51,44.60,TRADE
NSW1,2016/09/20 14:00:00,7883.63,49.39,TRADE
NSW1,2016/09/20 14:30:00,7944.23,47.60,TRADE
NSW1,2016/09/20 15:00:00,7963.57,55.59,TRADE
NSW1,2016/09/20 15:30:00,8010.36,56.74,TRADE
NSW1,2016/09/20 16:00:00,8097.01,48.62,TRADE
NSW1,2016/09/20 16:30:00,8230.35,50.56,TRADE
NSW1,2016/09/20 17:00:00,8345.12,53.16,TRADE
NSW1,2016/09/20 17:30:00,8408.7,50.74,TRADE
NSW1,2016/09/20 18:00:00,9041.27,71.13,TRADE
NSW1,2016/09/20 18:30:00,9457.74,93.58,TRADE
NSW1,2016/09/20 19:00:00,9499.25,152.79,TRADE
NSW1,2016/09/20 19:30:00,9267.21,64.02,TRADE
NSW1,2016/09/20 20:00:00,9017.69,57.85,TRADE
NSW1,2016/09/20 20:30:00,8836.75,57.21,TRADE
NSW1,2016/09/20 21:00:00,8692.43,54.34,TRADE
NSW1,2016/09/20 21:30:00,8466.32,52.76,TRADE
NSW1,2016/09/20 22:00:00,8158.61,37.74,TRADE
NSW1,2016/09/20 22:30:00,8191.54,57.63,TRADE
NSW1,2016/09/20 23:00:00,7927.17,41.34,TRADE
NSW1,2016/09/20 23:30:00,7816.91,37.44,TRADE
NSW1,2016/09/21 00:00:00,7771.56,39.68,TRADE
NSW1,2016/09/21 00:30:00,7609.73,33.96,TRADE
NSW1,2016/09/21 01:00:00,7433.23,29.74,TRADE
NSW1,2016/09/21 01:30:00,7260.95,31.11,TRADE
NSW1,2016/09/21 02:00:00,7059.94,30,TRADE
NSW1,2016/09/21 02:30:00,6734.63,28.65,TRADE
NSW1,2016/09/21 03:00:00,6444.33,27.52,TRADE
NSW1,2016/09/21 03:30:00,6295.76,27.07,TRADE
NSW1,2016/09/21 04:00:00,6158.21,27.09,TRADE
NSW1,2016/09/21 04:30:00,6152.63,27.25,TRADE
NSW1,2016/09/21 05:00:00,6292.43,27.52,TRADE
NSW1,2016/09/21 05:30:00,6580.52,28.34,TRADE
NSW1,2016/09/21 06:00:00,6926.24,30.24,TRADE
NSW1,2016/09/21 06:30:00,7568.6,41.34,TRADE
NSW1,2016/09/21 07:00:00,8122.74,55.46,TRADE
NSW1,2016/09/21 07:30:00,8458.75,53.57,TRADE
NSW1,2016/09/21 08:00:00,8740.39,66.81,TRADE
NSW1,2016/09/21 08:30:00,8829.86,74.09,TRADE
NSW1,2016/09/21 09:00:00,8621.18,65.73,TRADE
NSW1,2016/09/21 09:30:00,8496.58,57.21,TRADE
NSW1,2016/09/21 10:00:00,8465.78,65.11,TRADE
NSW1,2016/09/21 10:30:00,8516.36,66.96,TRADE
NSW1,2016/09/21 11:00:00,8533.31,62.72,TRADE
NSW1,2016/09/21 11:30:00,8459.42,55.13,TRADE
NSW1,2016/09/21 12:00:00,8374.9,49.83,TRADE
NSW1,2016/09/21 12:30:00,8424.24,45.49,TRADE
NSW1,2016/09/21 13:00:00,8418.59,42.23,TRADE
NSW1,2016/09/21 13:30:00,8399.03,50.17,TRADE
NSW1,2016/09/21 14:00:00,8353.72,50.79,TRADE
NSW1,2016/09/21 14:30:00,8388.73,58.03,TRADE
NSW1,2016/09/21 15:00:00,8352.95,48.47,TRADE
NSW1,2016/09/21 15:30:00,8346.63,56.99,TRADE
NSW1,2016/09/21 16:00:00,8442.66,69.88,TRADE
NSW1,2016/09/21 16:30:00,8506.23,64.86,TRADE
NSW1,2016/09/21 17:00:00,8691.19,67.33,TRADE
NSW1,2016/09/21 17:30:00,8801.72,44.43,TRADE
NSW1,2016/09/21 18:00:00,9076.16,56.03,TRADE
NSW1,2016/09/21 18:30:00,9435.91,80.35,TRADE
NSW1,2016/09/21 19:00:00,9493.91,99.91,TRADE
NSW1,2016/09/21 19:30:00,9267.24,75.02,TRADE
NSW1,2016/09/21 20:00:00,9084.88,89.99,TRADE
NSW1,2016/09/21 20:30:00,8931.86,99.07,TRADE
NSW1,2016/09/21 21:00:00,8738.17,72.48,TRADE
NSW1,2016/09/21 21:30:00,8497.1,63.28,TRADE
NSW1,2016/09/21 22:00:00,8249.48,50.21,TRADE
NSW1,2016/09/21 22:30:00,8231.85,74.32,TRADE
NSW1,2016/09/21 23:00:00,7990.99,60.47,TRADE
NSW1,2016/09/21 23:30:00,7930.88,58.78,TRADE
NSW1,2016/09/22 00:00:00,7894.52,57.53,TRADE
NSW1,2016/09/22 00:30:00,7711.1,72.84,TRADE
NSW1,2016/09/22 01:00:00,7485.3,53.30,TRADE
NSW1,2016/09/22 01:30:00,7279.01,45.44,TRADE
NSW1,2016/09/22 02:00:00,7073.53,39.55,TRADE
NSW1,2016/09/22 02:30:00,6752.76,38.53,TRADE
NSW1,2016/09/22 03:00:00,6519.17,38.17,TRADE
NSW1,2016/09/22 03:30:00,6349.1,32.72,TRADE
NSW1,2016/09/22 04:00:00,6254.58,30.39,TRADE
NSW1,2016/09/22 04:30:00,6252.54,32.05,TRADE
NSW1,2016/09/22 05:00:00,6373.56,32.71,TRADE
NSW1,2016/09/22 05:30:00,6700.27,39.51,TRADE
NSW1,2016/09/22 06:00:00,7006.1,47.27,TRADE
NSW1,2016/09/22 06:30:00,7625.88,99.11,TRADE
NSW1,2016/09/22 07:00:00,8184.42,76.15,TRADE
NSW1,2016/09/22 07:30:00,8279.22,49.24,TRADE
NSW1,2016/09/22 08:00:00,8408.26,60.77,TRADE
NSW1,2016/09/22 08:30:00,8396.34,64.94,TRADE
NSW1,2016/09/22 09:00:00,8235.5,68.95,TRADE
NSW1,2016/09/22 09:30:00,8133.84,51.83,TRADE
NSW1,2016/09/22 10:00:00,8159.52,62.19,TRADE
NSW1,2016/09/22 10:30:00,8196.66,57.44,TRADE
NSW1,2016/09/22 11:00:00,8228.35,61.32,TRADE
NSW1,2016/09/22 11:30:00,8227.86,69.54,TRADE
NSW1,2016/09/22 12:00:00,8157.61,75.11,TRADE
NSW1,2016/09/22 12:30:00,8077.68,65.35,TRADE
NSW1,2016/09/22 13:00:00,8102.37,55.06,TRADE
NSW1,2016/09/22 13:30:00,8102.35,48.97,TRADE
NSW1,2016/09/22 14:00:00,8015.66,41.60,TRADE
NSW1,2016/09/22 14:30:00,8038.73,50.40,TRADE
NSW1,2016/09/22 15:00:00,8070.41,47.68,TRADE
NSW1,2016/09/22 15:30:00,8095.82,53.69,TRADE
NSW1,2016/09/22 16:00:00,8221.04,59.75,TRADE
NSW1,2016/09/22 16:30:00,8394.23,54.97,TRADE
NSW1,2016/09/22 17:00:00,8534.11,57.18,TRADE
NSW1,2016/09/22 17:30:00,8748.8,43.13,TRADE
NSW1,2016/09/22 18:00:00,9104.23,56.94,TRADE
NSW1,2016/09/22 18:30:00,9428.51,72.73,TRADE
NSW1,2016/09/22 19:00:00,9429.12,115.21,TRADE
NSW1,2016/09/22 19:30:00,9223.43,70.81,TRADE
NSW1,2016/09/22 20:00:00,9028.31,83.22,TRADE
NSW1,2016/09/22 20:30:00,8853.52,66.86,TRADE
NSW1,2016/09/22 21:00:00,8643.68,54.54,TRADE
NSW1,2016/09/22 21:30:00,8469.01,52.99,TRADE
NSW1,2016/09/22 22:00:00,8180.04,41.85,TRADE
NSW1,2016/09/22 22:30:00,8209.79,62.99,TRADE
NSW1,2016/09/22 23:00:00,7957.5,57.54,TRADE
NSW1,2016/09/22 23:30:00,7905.84,59.29,TRADE
NSW1,2016/09/23 00:00:00,7858.54,68.70,TRADE
NSW1,2016/09/23 00:30:00,7711.72,59.86,TRADE
NSW1,2016/09/23 01:00:00,7514.88,45.55,TRADE
NSW1,2016/09/23 01:30:00,7320.62,38.16,TRADE
NSW1,2016/09/23 02:00:00,7129.68,44.71,TRADE
NSW1,2016/09/23 02:30:00,6780.75,42.56,TRADE
NSW1,2016/09/23 03:00:00,6526.03,48.97,TRADE
NSW1,2016/09/23 03:30:00,6356.8,43.30,TRADE
NSW1,2016/09/23 04:00:00,6255.27,34.88,TRADE
NSW1,2016/09/23 04:30:00,6280.05,37.76,TRADE
NSW1,2016/09/23 05:00:00,6386.27,37.56,TRADE
NSW1,2016/09/23 05:30:00,6622.51,51.36,TRADE
NSW1,2016/09/23 06:00:00,7019.28,49.37,TRADE
NSW1,2016/09/23 06:30:00,7557.95,48.09,TRADE
NSW1,2016/09/23 07:00:00,8094.05,60.25,TRADE
NSW1,2016/09/23 07:30:00,8238.3,50.82,TRADE
NSW1,2016/09/23 08:00:00,8353.25,48.26,TRADE
NSW1,2016/09/23 08:30:00,8347.29,44.47,TRADE
NSW1,2016/09/23 09:00:00,8183.29,41.58,TRADE
NSW1,2016/09/23 09:30:00,8115.78,47.54,TRADE
NSW1,2016/09/23 10:00:00,8098.52,49.71,TRADE
NSW1,2016/09/23 10:30:00,8060.31,43.84,TRADE
NSW1,2016/09/23 11:00:00,8037.21,38.39,TRADE
NSW1,2016/09/23 11:30:00,7984.59,37.03,TRADE
NSW1,2016/09/23 12:00:00,7929.62,40.38,TRADE
NSW1,2016/09/23 12:30:00,7852.28,35.82,TRADE
NSW1,2016/09/23 13:00:00,7749.54,33,TRADE
NSW1,2016/09/23 13:30:00,7726.96,33.08,TRADE
NSW1,2016/09/23 14:00:00,7688.91,34.87,TRADE
NSW1,2016/09/23 14:30:00,7682.96,32.54,TRADE
NSW1,2016/09/23 15:00:00,7696.89,39.53,TRADE
NSW1,2016/09/23 15:30:00,7701.02,43,TRADE
NSW1,2016/09/23 16:00:00,7746.09,46.76,TRADE
NSW1,2016/09/23 16:30:00,7861.43,41.93,TRADE
NSW1,2016/09/23 17:00:00,8007.58,53.93,TRADE
NSW1,2016/09/23 17:30:00,8129.71,40.23,TRADE
NSW1,2016/09/23 18:00:00,8365.42,45.72,TRADE
NSW1,2016/09/23 18:30:00,8628.49,67.15,TRADE
NSW1,2016/09/23 19:00:00,8742.82,80.86,TRADE
NSW1,2016/09/23 19:30:00,8560.93,58.17,TRADE
NSW1,2016/09/23 20:00:00,8389.11,56.32,TRADE
NSW1,2016/09/23 20:30:00,8228.13,47.86,TRADE
NSW1,2016/09/23 21:00:00,8118.3,43.70,TRADE
NSW1,2016/09/23 21:30:00,8003.11,41.58,TRADE
NSW1,2016/09/23 22:00:00,7816.62,33.07,TRADE
NSW1,2016/09/23 22:30:00,8000.23,49.95,TRADE
NSW1,2016/09/23 23:00:00,7801.88,49.11,TRADE
NSW1,2016/09/23 23:30:00,7736.62,50.71,TRADE
NSW1,2016/09/24 00:00:00,7713.63,44.17,TRADE
NSW1,2016/09/24 00:30:00,7514.47,37.29,TRADE
NSW1,2016/09/24 01:00:00,7356.92,40.89,TRADE
NSW1,2016/09/24 01:30:00,7170.47,45.22,TRADE
NSW1,2016/09/24 02:00:00,6915.58,35.98,TRADE
NSW1,2016/09/24 02:30:00,6627.41,34.83,TRADE
NSW1,2016/09/24 03:00:00,6311.17,34.61,TRADE
NSW1,2016/09/24 03:30:00,6139.83,30.29,TRADE
NSW1,2016/09/24 04:00:00,6005.32,31.41,TRADE
NSW1,2016/09/24 04:30:00,6012.29,34.04,TRADE
NSW1,2016/09/24 05:00:00,6039.82,35.33,TRADE
NSW1,2016/09/24 05:30:00,6104.26,39.20,TRADE
NSW1,2016/09/24 06:00:00,6197.61,42.20,TRADE
NSW1,2016/09/24 06:30:00,6474.99,37.10,TRADE
NSW1,2016/09/24 07:00:00,6698.58,43.84,TRADE
NSW1,2016/09/24 07:30:00,6919.56,36,TRADE
NSW1,2016/09/24 08:00:00,7173.26,45.08,TRADE
NSW1,2016/09/24 08:30:00,7312.76,48.78,TRADE
NSW1,2016/09/24 09:00:00,7392.8,57.43,TRADE
NSW1,2016/09/24 09:30:00,7399.92,60.22,TRADE
NSW1,2016/09/24 10:00:00,7287.57,47.23,TRADE
NSW1,2016/09/24 10:30:00,7238.92,46.44,TRADE
NSW1,2016/09/24 11:00:00,7109.39,41.92,TRADE
NSW1,2016/09/24 11:30:00,7005.34,39.10,TRADE
NSW1,2016/09/24 12:00:00,6933.68,36.06,TRADE
NSW1,2016/09/24 12:30:00,6884.81,46.13,TRADE
NSW1,2016/09/24 13:00:00,6825.02,43.12,TRADE
NSW1,2016/09/24 13:30:00,6754.9,35.48,TRADE
NSW1,2016/09/24 14:00:00,6761.73,45.83,TRADE
NSW1,2016/09/24 14:30:00,6784.31,49.90,TRADE
NSW1,2016/09/24 15:00:00,6820.64,40.18,TRADE
NSW1,2016/09/24 15:30:00,6780.44,32.79,TRADE
NSW1,2016/09/24 16:00:00,6969.07,46.75,TRADE
NSW1,2016/09/24 16:30:00,7086.69,41.90,TRADE
NSW1,2016/09/24 17:00:00,7248.97,54.17,TRADE
NSW1,2016/09/24 17:30:00,7333.71,41.73,TRADE
NSW1,2016/09/24 18:00:00,7605.81,58.85,TRADE
NSW1,2016/09/24 18:30:00,7952.44,61.03,TRADE
NSW1,2016/09/24 19:00:00,8032.58,74.32,TRADE
NSW1,2016/09/24 19:30:00,7889.43,53.18,TRADE
NSW1,2016/09/24 20:00:00,7708.76,47.03,TRADE
NSW1,2016/09/24 20:30:00,7540.21,48.67,TRADE
NSW1,2016/09/24 21:00:00,7430.75,47.79,TRADE
NSW1,2016/09/24 21:30:00,7408.03,49.74,TRADE
NSW1,2016/09/24 22:00:00,7251.75,47.86,TRADE
NSW1,2016/09/24 22:30:00,7286.73,49.96,TRADE
NSW1,2016/09/24 23:00:00,7133.63,47.39,TRADE
NSW1,2016/09/24 23:30:00,7077.8,58.43,TRADE
NSW1,2016/09/25 00:00:00,6977.38,49.80,TRADE
NSW1,2016/09/25 00:30:00,6741.52,32.04,TRADE
NSW1,2016/09/25 01:00:00,6605.94,33.80,TRADE
NSW1,2016/09/25 01:30:00,6440.75,30.13,TRADE
NSW1,2016/09/25 02:00:00,6271.49,31.51,TRADE
NSW1,2016/09/25 02:30:00,6016.57,30.46,TRADE
NSW1,2016/09/25 03:00:00,5799.15,28.73,TRADE
NSW1,2016/09/25 03:30:00,5710.34,29.55,TRADE
NSW1,2016/09/25 04:00:00,5641.26,30.72,TRADE
NSW1,2016/09/25 04:30:00,5546.97,25.56,TRADE
NSW1,2016/09/25 05:00:00,5574.25,27.51,TRADE
NSW1,2016/09/25 05:30:00,5634.39,28.43,TRADE
NSW1,2016/09/25 06:00:00,5695.68,28.80,TRADE
NSW1,2016/09/25 06:30:00,5841.02,31.84,TRADE
NSW1,2016/09/25 07:00:00,6098.03,33.96,TRADE
NSW1,2016/09/25 07:30:00,6331.24,37.63,TRADE
NSW1,2016/09/25 08:00:00,6632.23,42.07,TRADE
NSW1,2016/09/25 08:30:00,6857.85,36.93,TRADE
NSW1,2016/09/25 09:00:00,7021.1,36.96,TRADE
NSW1,2016/09/25 09:30:00,7148.05,41.37,TRADE
NSW1,2016/09/25 10:00:00,7211.27,32.37,TRADE
NSW1,2016/09/25 10:30:00,7170.87,30.37,TRADE
NSW1,2016/09/25 11:00:00,6984.24,30.55,TRADE
NSW1,2016/09/25 11:30:00,6895.27,30.64,TRADE
NSW1,2016/09/25 12:00:00,6840.58,30.64,TRADE
NSW1,2016/09/25 12:30:00,6888.01,32.41,TRADE
NSW1,2016/09/25 13:00:00,6876.91,31.08,TRADE
NSW1,2016/09/25 13:30:00,6814.54,30.91,TRADE
NSW1,2016/09/25 14:00:00,6766.14,30.60,TRADE
NSW1,2016/09/25 14:30:00,6749.24,30.78,TRADE
NSW1,2016/09/25 15:00:00,6857.77,30.91,TRADE
NSW1,2016/09/25 15:30:00,6952.76,32.20,TRADE
NSW1,2016/09/25 16:00:00,7023.44,31.41,TRADE
NSW1,2016/09/25 16:30:00,7093,32.94,TRADE
NSW1,2016/09/25 17:00:00,7275.61,47.89,TRADE
NSW1,2016/09/25 17:30:00,7391.74,34.10,TRADE
NSW1,2016/09/25 18:00:00,7750.43,47.11,TRADE
NSW1,2016/09/25 18:30:00,8187.99,72.91,TRADE
NSW1,2016/09/25 19:00:00,8343.57,85.31,TRADE
NSW1,2016/09/25 19:30:00,8159.05,59.09,TRADE
NSW1,2016/09/25 20:00:00,7935.3,51.73,TRADE
NSW1,2016/09/25 20:30:00,7788.09,52.38,TRADE
NSW1,2016/09/25 21:00:00,7705.76,47.87,TRADE
NSW1,2016/09/25 21:30:00,7546.27,46.32,TRADE
NSW1,2016/09/25 22:00:00,7325.86,37.76,TRADE
NSW1,2016/09/25 22:30:00,7335.26,50.27,TRADE
NSW1,2016/09/25 23:00:00,7160.13,44.47,TRADE
NSW1,2016/09/25 23:30:00,7128.4,35.13,TRADE
NSW1,2016/09/26 00:00:00,7029.58,39.03,TRADE
NSW1,2016/09/26 00:30:00,6800.78,30.67,TRADE
NSW1,2016/09/26 01:00:00,6657.51,32.25,TRADE
NSW1,2016/09/26 01:30:00,6532.67,29.83,TRADE
NSW1,2016/09/26 02:00:00,6380.31,29.96,TRADE
NSW1,2016/09/26 02:30:00,6115.77,29.75,TRADE
NSW1,2016/09/26 03:00:00,5957,29.47,TRADE
NSW1,2016/09/26 03:30:00,5866.51,28.28,TRADE
NSW1,2016/09/26 04:00:00,5830.19,27.62,TRADE
NSW1,2016/09/26 04:30:00,5890.02,35.66,TRADE
NSW1,2016/09/26 05:00:00,6057.68,47.05,TRADE
NSW1,2016/09/26 05:30:00,6365.66,32.03,TRADE
NSW1,2016/09/26 06:00:00,6700.64,34.20,TRADE
NSW1,2016/09/26 06:30:00,7223.99,41.73,TRADE
NSW1,2016/09/26 07:00:00,7633.4,51.25,TRADE
NSW1,2016/09/26 07:30:00,7620.16,37.10,TRADE
NSW1,2016/09/26 08:00:00,7891.67,51.16,TRADE
NSW1,2016/09/26 08:30:00,7999.25,51.09,TRADE
NSW1,2016/09/26 09:00:00,7988.24,52.87,TRADE
NSW1,2016/09/26 09:30:00,7976.66,51.78,TRADE
NSW1,2016/09/26 10:00:00,7851.04,34.84,TRADE
NSW1,2016/09/26 10:30:00,7823.05,38.69,TRADE
NSW1,2016/09/26 11:00:00,7692.03,36.18,TRADE
NSW1,2016/09/26 11:30:00,7630.14,33.02,TRADE
NSW1,2016/09/26 12:00:00,7613.46,44.68,TRADE
NSW1,2016/09/26 12:30:00,7533.55,37.14,TRADE
NSW1,2016/09/26 13:00:00,7478.22,38.08,TRADE
NSW1,2016/09/26 13:30:00,7439.9,46.70,TRADE
NSW1,2016/09/26 14:00:00,7474.6,40.62,TRADE
NSW1,2016/09/26 14:30:00,7486.48,49.96,TRADE
NSW1,2016/09/26 15:00:00,7556.87,48.20,TRADE
NSW1,2016/09/26 15:30:00,7648.53,47.56,TRADE
NSW1,2016/09/26 16:00:00,7770.57,42.77,TRADE
NSW1,2016/09/26 16:30:00,7831.52,49.70,TRADE
NSW1,2016/09/26 17:00:00,8078.72,75.02,TRADE
NSW1,2016/09/26 17:30:00,8230.43,50.71,TRADE
NSW1,2016/09/26 18:00:00,8552.84,52.07,TRADE
NSW1,2016/09/26 18:30:00,8873.16,75,TRADE
NSW1,2016/09/26 19:00:00,8992.71,82.68,TRADE
NSW1,2016/09/26 19:30:00,8788.89,54.36,TRADE
NSW1,2016/09/26 20:00:00,8596.88,53.91,TRADE
NSW1,2016/09/26 20:30:00,8448.95,59.04,TRADE
NSW1,2016/09/26 21:00:00,8323.5,58.60,TRADE
NSW1,2016/09/26 21:30:00,8183.09,56.83,TRADE
NSW1,2016/09/26 22:00:00,7921.56,46.68,TRADE
NSW1,2016/09/26 22:30:00,7960.7,59.41,TRADE
NSW1,2016/09/26 23:00:00,7756.11,51.98,TRADE
NSW1,2016/09/26 23:30:00,7760.86,59.70,TRADE
NSW1,2016/09/27 00:00:00,7703.62,48.34,TRADE
NSW1,2016/09/27 00:30:00,7508.91,44.86,TRADE
NSW1,2016/09/27 01:00:00,7397.51,46.09,TRADE
NSW1,2016/09/27 01:30:00,7261.36,51.43,TRADE
NSW1,2016/09/27 02:00:00,6983.57,40.12,TRADE
NSW1,2016/09/27 02:30:00,6692.79,46.16,TRADE
NSW1,2016/09/27 03:00:00,6393.98,32.30,TRADE
NSW1,2016/09/27 03:30:00,6325.82,35.52,TRADE
NSW1,2016/09/27 04:00:00,6197.92,37.36,TRADE
NSW1,2016/09/27 04:30:00,6177.55,39,TRADE
NSW1,2016/09/27 05:00:00,6267.47,38.39,TRADE
NSW1,2016/09/27 05:30:00,6598.02,35.36,TRADE
NSW1,2016/09/27 06:00:00,6895.09,38.65,TRADE
NSW1,2016/09/27 06:30:00,7449.58,58.89,TRADE
NSW1,2016/09/27 07:00:00,7888.31,64.50,TRADE
NSW1,2016/09/27 07:30:00,7954.88,43.31,TRADE
NSW1,2016/09/27 08:00:00,8100.78,60.42,TRADE
NSW1,2016/09/27 08:30:00,8102.81,45.82,TRADE
NSW1,2016/09/27 09:00:00,7946.23,42.61,TRADE
NSW1,2016/09/27 09:30:00,7852.69,39.78,TRADE
NSW1,2016/09/27 10:00:00,7785.4,33.17,TRADE
NSW1,2016/09/27 10:30:00,7789.97,43.05,TRADE
NSW1,2016/09/27 11:00:00,7762.33,48.27,TRADE
NSW1,2016/09/27 11:30:00,7688.1,48.52,TRADE
NSW1,2016/09/27 12:00:00,7665.98,47.88,TRADE
NSW1,2016/09/27 12:30:00,7634.48,49.16,TRADE
NSW1,2016/09/27 13:00:00,7511.63,41.42,TRADE
NSW1,2016/09/27 13:30:00,7571.75,41.42,TRADE
NSW1,2016/09/27 14:00:00,7506.55,42.35,TRADE
NSW1,2016/09/27 14:30:00,7482.07,42.37,TRADE
NSW1,2016/09/27 15:00:00,7538.63,46.93,TRADE
NSW1,2016/09/27 15:30:00,7510.96,43.72,TRADE
NSW1,2016/09/27 16:00:00,7623.4,48.13,TRADE
NSW1,2016/09/27 16:30:00,7731.42,48.43,TRADE
NSW1,2016/09/27 17:00:00,7957.57,50.04,TRADE
NSW1,2016/09/27 17:30:00,8139.33,47.30,TRADE
NSW1,2016/09/27 18:00:00,8566.72,52.81,TRADE
NSW1,2016/09/27 18:30:00,8908.43,68.10,TRADE
NSW1,2016/09/27 19:00:00,9110.17,139.71,TRADE
NSW1,2016/09/27 19:30:00,8970.69,72.18,TRADE
NSW1,2016/09/27 20:00:00,8821.56,62.23,TRADE
NSW1,2016/09/27 20:30:00,8696.29,64.99,TRADE
NSW1,2016/09/27 21:00:00,8500.41,60.15,TRADE
NSW1,2016/09/27 21:30:00,8240.89,47.76,TRADE
NSW1,2016/09/27 22:00:00,8068.02,41.99,TRADE
NSW1,2016/09/27 22:30:00,8071.15,52.68,TRADE
NSW1,2016/09/27 23:00:00,7846.73,52.75,TRADE
NSW1,2016/09/27 23:30:00,7793.28,64.73,TRADE
NSW1,2016/09/28 00:00:00,7756.05,49.81,TRADE
NSW1,2016/09/28 00:30:00,7618.03,56.78,TRADE
NSW1,2016/09/28 01:00:00,7467,51.11,TRADE
NSW1,2016/09/28 01:30:00,7340.42,45.23,TRADE
NSW1,2016/09/28 02:00:00,7126.38,40.03,TRADE
NSW1,2016/09/28 02:30:00,6814.97,40.19,TRADE
NSW1,2016/09/28 03:00:00,6585.33,43.37,TRADE
NSW1,2016/09/28 03:30:00,6385.08,44.15,TRADE
NSW1,2016/09/28 04:00:00,6263.77,36.96,TRADE
NSW1,2016/09/28 04:30:00,6291.64,39.33,TRADE
NSW1,2016/09/28 05:00:00,6422.37,36.95,TRADE
NSW1,2016/09/28 05:30:00,6682.3,48.46,TRADE
NSW1,2016/09/28 06:00:00,6926.97,47.06,TRADE
NSW1,2016/09/28 06:30:00,7534.42,58.21,TRADE
NSW1,2016/09/28 07:00:00,7899.57,58.16,TRADE
NSW1,2016/09/28 07:30:00,7983.28,39.94,TRADE
NSW1,2016/09/28 08:00:00,8069,48.65,TRADE
NSW1,2016/09/28 08:30:00,8061.92,40.30,TRADE
NSW1,2016/09/28 09:00:00,7934.05,41.81,TRADE
NSW1,2016/09/28 09:30:00,7798.87,38.96,TRADE
NSW1,2016/09/28 10:00:00,7735.59,30.51,TRADE
NSW1,2016/09/28 10:30:00,7638.13,29.71,TRADE
NSW1,2016/09/28 11:00:00,7604.89,30.18,TRADE
NSW1,2016/09/28 11:30:00,7519.02,31.18,TRADE
NSW1,2016/09/28 12:00:00,7475.09,38.49,TRADE
NSW1,2016/09/28 12:30:00,7426.26,33.78,TRADE
NSW1,2016/09/28 13:00:00,7396.14,30.97,TRADE
NSW1,2016/09/28 13:30:00,7391.58,32.91,TRADE
NSW1,2016/09/28 14:00:00,7407.83,31.67,TRADE
NSW1,2016/09/28 14:30:00,7385.92,32.22,TRADE
NSW1,2016/09/28 15:00:00,7426.36,38.87,TRADE
NSW1,2016/09/28 15:30:00,7474.78,42.42,TRADE
NSW1,2016/09/28 16:00:00,7619.05,47.50,TRADE
NSW1,2016/09/28 16:30:00,7697.89,42.37,TRADE
NSW1,2016/09/28 17:00:00,7928.38,58.87,TRADE
NSW1,2016/09/28 17:30:00,8072.55,39.13,TRADE
NSW1,2016/09/28 18:00:00,8361.63,38.99,TRADE
NSW1,2016/09/28 18:30:00,8734.08,54,TRADE
NSW1,2016/09/28 19:00:00,8895.15,59.03,TRADE
NSW1,2016/09/28 19:30:00,8687.38,41.82,TRADE
NSW1,2016/09/28 20:00:00,8506.35,45.14,TRADE
NSW1,2016/09/28 20:30:00,8401.66,42.38,TRADE
NSW1,2016/09/28 21:00:00,8166.22,35.81,TRADE
NSW1,2016/09/28 21:30:00,7981.87,40.16,TRADE
NSW1,2016/09/28 22:00:00,7728.72,33.67,TRADE
NSW1,2016/09/28 22:30:00,7819.87,95.60,TRADE
NSW1,2016/09/28 23:00:00,7657.84,50.89,TRADE
NSW1,2016/09/28 23:30:00,7618.75,53.64,TRADE
NSW1,2016/09/29 00:00:00,7575.17,43.53,TRADE
NSW1,2016/09/29 00:30:00,7364.89,32.07,TRADE
NSW1,2016/09/29 01:00:00,7185.96,30.50,TRADE
NSW1,2016/09/29 01:30:00,6965.91,30.23,TRADE
NSW1,2016/09/29 02:00:00,6747.61,30.10,TRADE
NSW1,2016/09/29 02:30:00,6458.02,28.07,TRADE
NSW1,2016/09/29 03:00:00,6194.06,25.96,TRADE
NSW1,2016/09/29 03:30:00,6015.03,25.96,TRADE
NSW1,2016/09/29 04:00:00,5965.66,24.76,TRADE
NSW1,2016/09/29 04:30:00,5971.76,26.50,TRADE
NSW1,2016/09/29 05:00:00,6080.85,29.62,TRADE
NSW1,2016/09/29 05:30:00,6348.61,28.79,TRADE
NSW1,2016/09/29 06:00:00,6608.71,28.73,TRADE
NSW1,2016/09/29 06:30:00,7129.54,35.49,TRADE
NSW1,2016/09/29 07:00:00,7626.02,41.89,TRADE
NSW1,2016/09/29 07:30:00,7850.56,32.73,TRADE
NSW1,2016/09/29 08:00:00,8256.16,55.13,TRADE
NSW1,2016/09/29 08:30:00,8490.26,82.67,TRADE
NSW1,2016/09/29 09:00:00,8599.35,70.77,TRADE
NSW1,2016/09/29 09:30:00,8625.45,83.45,TRADE
NSW1,2016/09/29 10:00:00,8682.5,57.43,TRADE
NSW1,2016/09/29 10:30:00,8665.82,58.34,TRADE
NSW1,2016/09/29 11:00:00,8531.03,48.64,TRADE
NSW1,2016/09/29 11:30:00,8300.79,47.95,TRADE
NSW1,2016/09/29 12:00:00,8264.67,38.54,TRADE
NSW1,2016/09/29 12:30:00,8170.67,38.48,TRADE
NSW1,2016/09/29 13:00:00,8046.27,35.01,TRADE
NSW1,2016/09/29 13:30:00,7847.86,30.78,TRADE
NSW1,2016/09/29 14:00:00,7911.64,31.50,TRADE
NSW1,2016/09/29 14:30:00,7835.28,31.32,TRADE
NSW1,2016/09/29 15:00:00,7829.72,41.72,TRADE
NSW1,2016/09/29 15:30:00,7860.49,32.19,TRADE
NSW1,2016/09/29 16:00:00,7907.02,45.17,TRADE
NSW1,2016/09/29 16:30:00,7998.44,48.42,TRADE
NSW1,2016/09/29 17:00:00,8070.1,46.24,TRADE
NSW1,2016/09/29 17:30:00,8282.48,42.10,TRADE
NSW1,2016/09/29 18:00:00,8583.18,51.41,TRADE
NSW1,2016/09/29 18:30:00,8985.08,66.92,TRADE
NSW1,2016/09/29 19:00:00,9185.07,61.36,TRADE
NSW1,2016/09/29 19:30:00,9040.72,53.17,TRADE
NSW1,2016/09/29 20:00:00,8935.48,50.87,TRADE
NSW1,2016/09/29 20:30:00,8797.54,54.02,TRADE
NSW1,2016/09/29 21:00:00,8589.73,45.89,TRADE
NSW1,2016/09/29 21:30:00,8328.27,37.10,TRADE
NSW1,2016/09/29 22:00:00,8127.39,34.13,TRADE
NSW1,2016/09/29 22:30:00,8207.69,73.07,TRADE
NSW1,2016/09/29 23:00:00,8011.02,53.53,TRADE
NSW1,2016/09/29 23:30:00,7870.83,51.94,TRADE
NSW1,2016/09/30 00:00:00,7738.62,38.06,TRADE
NSW1,2016/09/30 00:30:00,7586.46,35.33,TRADE
NSW1,2016/09/30 01:00:00,7402.48,31.99,TRADE
NSW1,2016/09/30 01:30:00,7211.04,33.45,TRADE
NSW1,2016/09/30 02:00:00,6971.15,29.41,TRADE
NSW1,2016/09/30 02:30:00,6623.31,27.20,TRADE
NSW1,2016/09/30 03:00:00,6397.92,27.14,TRADE
NSW1,2016/09/30 03:30:00,6253.42,26.86,TRADE
NSW1,2016/09/30 04:00:00,6144.64,25.73,TRADE
NSW1,2016/09/30 04:30:00,6133.92,26.13,TRADE
NSW1,2016/09/30 05:00:00,6218.54,26.80,TRADE
NSW1,2016/09/30 05:30:00,6516.48,29.01,TRADE
NSW1,2016/09/30 06:00:00,6825.3,30.46,TRADE
NSW1,2016/09/30 06:30:00,7341,31.20,TRADE
NSW1,2016/09/30 07:00:00,7694.7,33.99,TRADE
NSW1,2016/09/30 07:30:00,7768.76,30.15,TRADE
NSW1,2016/09/30 08:00:00,8038.68,32.79,TRADE
NSW1,2016/09/30 08:30:00,8189.72,36.10,TRADE
NSW1,2016/09/30 09:00:00,8199.38,36.07,TRADE
NSW1,2016/09/30 09:30:00,8271.31,40.42,TRADE
NSW1,2016/09/30 10:00:00,8272.56,41.65,TRADE
NSW1,2016/09/30 10:30:00,8247.51,41.33,TRADE
NSW1,2016/09/30 11:00:00,8225.35,38.43,TRADE
NSW1,2016/09/30 11:30:00,8051.75,37.14,TRADE
NSW1,2016/09/30 12:00:00,7977.11,35.80,TRADE
NSW1,2016/09/30 12:30:00,7878.56,34.86,TRADE
NSW1,2016/09/30 13:00:00,7837.75,39.69,TRADE
NSW1,2016/09/30 13:30:00,7750.91,34.49,TRADE
NSW1,2016/09/30 14:00:00,7671.2,33.52,TRADE
NSW1,2016/09/30 14:30:00,7623.22,32.77,TRADE
NSW1,2016/09/30 15:00:00,7591.07,30.50,TRADE
NSW1,2016/09/30 15:30:00,7613.07,31.96,TRADE
NSW1,2016/09/30 16:00:00,7727.25,33.33,TRADE
NSW1,2016/09/30 16:30:00,7831.15,33.39,TRADE
NSW1,2016/09/30 17:00:00,8044.11,42.15,TRADE
NSW1,2016/09/30 17:30:00,8289.41,46.19,TRADE
NSW1,2016/09/30 18:00:00,8601.05,51.84,TRADE
NSW1,2016/09/30 18:30:00,8954.2,114.52,TRADE
NSW1,2016/09/30 19:00:00,9079.62,110.12,TRADE
NSW1,2016/09/30 19:30:00,8860.43,60.57,TRADE
NSW1,2016/09/30 20:00:00,8689.64,53.65,TRADE
NSW1,2016/09/30 20:30:00,8563.13,48.52,TRADE
NSW1,2016/09/30 21:00:00,8402.77,44.30,TRADE
NSW1,2016/09/30 21:30:00,8176.49,40.69,TRADE
NSW1,2016/09/30 22:00:00,7959.45,34,TRADE
NSW1,2016/09/30 22:30:00,8090.07,53.58,TRADE
NSW1,2016/09/30 23:00:00,7934.28,45.55,TRADE
NSW1,2016/09/30 23:30:00,7860.78,44.41,TRADE
NSW1,2016/10/01 00:00:00,7771.63,37.79,TRADE
