0,0,0,0,0
0,4.4444,0,0,0
0,10,0,0,0
0,10,0,0,0
0,10,0,0,0
0,10,0,0,0
0,0,0,0,0
0,0,0,0,0
0,0,0,0,0
0,0,0,0,0
0,0,0,0,0
0,0,0,0,0
0,0,0,0,0
0,0,0,0,0
0,0,0,0,0
0,0,0,0,0
0,0,0,0,0
10,0,0,0,0
10,0,0,0,0
10,0,0,0,0
6,0,0,0,0
0,0,0,0,0
0,0,0,0,0
0,4.4444,0,0,0
0,0,0,0,0
0,10,0,0,0
0,10,0,0,0
0,10,0,0,0
0,10,0,0,0
0,0,0,0,0
0,0,0,0,0
10,0,0,0.5,0
10,0,0,0,0
4.9036,0,0,0.24518,0
0,0,0,0,0
0,0,0,0,0
0,0,0,0,0
0,10,0,0,0
0,10,0,0,0
0,10,0,0,0
0,0,0,0,0
10,0,0,0.5,0
10,0,0,0.5,0
10,0,0,0.5,0
7.5195,0,0,0.37598,0
0,0,0,0,0
0,0,0,0,0
0,0,0,0,0
0,4.4444,0,0,0
0,10,0,0,0
0,10,0,0,0
0,10,0,0,0
0,10,0,0,0
0,0,0,0,0
0,0,0,0,0
10,0,0,0.5,0
10,0,0,0.5,0
0,0,0,0,0
0,0,0,0,0
0,0,0,0,0
0,0,0,0,0
0,10,0,0,0
0,10,0,0,0
0,3.6914,0,0,0
0,0,0,0,0
10,0,0,0.5,0
10,0,0,0.5,0
10,0,0,0.5,0
7.215,0,0,0,0
0,0,0,0,0
0,0,0,0,0
0,10,0,0,0
0,4.4444,0,0,0
0,10,0,0,0
0,10,0,0,0
0,10,0,0,0
0,0,0,0,0
0,0,0,0,0
10,0,0,0.5,0
10,0,0,0.5,0
10,0,0,0.5,0
0,0,0,0,0
0,0,0,0,0
0,0,0,0,0
0,5.537,0,0,0
0,10,0,0,0
0,10,0,0,0
0,10,0,0,0
0,0,0,0,0
10,0,0,0.5,0
10,0,0,0.5,0
10,0,0,0.5,0
7.5195,0,0,0.37598,0
0,0,0,0,0
0,0,0,0,0
0,10,0,0,0
0,10,0,0,0
0,10,0,0,0
0,10,0,0,0
0,4.7368,0.23684,0,0
0,0,0,0,0
0,0,0,0,0
10,0,0,0,0
10,0,0,0,0
0.24241,0,0,0.012121,0
0,6.0221,0,0,39.779
0,0,0,0,0
0,0,0,0,0
0,0,0,0,0
0,0,0,0,0
0,0,0,0,0
0,0,0,0,0
0,0,0,0,0
0,0,0,0,0
0,0,0,0,0
0,0,0,0,0
0,0,0,0,0
0,0,0,0,0
0,0,0,0,0
0,0,0,0,0
0,0,0,0,0
0,0,0,0,0
0,0,0,0,0
0,0,0,0,0
0,0,0,0,0
0,0,0,0,0
0,0,0,0,0
0,0,0,0,0
0,0,0,0,0
0,0,0,0,0
0,0,0,0,0
0,0,0,0,0
0,0,0,0,0
0,0,0,0,0
0,0,0,0,0
0,0,0,0,0
0,0,0,0,0
0,0,0,0,0
0,0,0,0,0
0,0,0,0,0
0,0,0,0,0
0,0,0,0,0
0,0,0,0,0
0,0,0,0,0
0,0,0,0,0
0,0,0,0,0
0,0,0,0,0
0,0,0,0,0
0,0,0,0,0
0,0,0,0,0
0,0,0,0,0
0,0,0,0,0
0,0,0,0,0
0,0,0,0,0
0,0,0,0,0
0,0,0,0,0
0,0,0,0,0
0,0,0,0,0
0,0,0,0,0
0,0,0,0,0
0,0,0,0,0
0,0,0,0,0
0,0,0,0,0
0,0,0,0,0
0,0,0,0,0
0,0,0,0,0
0,0,0,0,0
0,0,0,0,0
0,10,0,0,0
0,10,0,0,0
0,10,0,0,0
0,10,0,0,0
0,4.4444,0,0,0
0,0,0,0,0
10,0,0,0.5,0
10,0,0,0,0
10,0,0,0.5,0
0,0,0,0,0
0,0,0,0,0
0,0,0,0,0
0,0,0,0,0
0,0,0,0,0
0,0,0,0,0
0,3.9383,0,0,0
0,0,0,0,0
10,0,0,0,0
0,0,0,0,0
0,0,0,0,0
0,0,0,0,0
0,0,0,0,0
0,0,0,0,0
0,10,0,0,0
0,0,0,0,0
0,4.4444,0,0,0
0,10,0,0,0
0,10,0,0,0
0,10,0,0,0
0,0,0,0,0
0,0,0,0,0
0,0,0,0,0
0,0,0,0,0
10,0,0,0,0
6,0,0,0,0
0,0,0,0,0
0,0,0,0,0
0,0,0,0,0
0,0,0,0,0
0,0,0,0,0
0,0,0,0,0
10,0,0,0,0
10,0,0,0,0
0,0,0,0,0
0,0,0,0,0
0,0,0,0,0
0,0,0,0,0
0,0,0,0,0
0,0,0,0,0
0,4.4444,0,0,0
0,10,0,0,0
0,10,0,0,0
0,10,0,0,0
0,10,0,0,0
0,0,0,0,0
0,0,0,0,0
0,0,0,0,0
0,0,0,0,0
0,0,0,0,0
0,0,0,0,0
0,0,0,0,0
0,0,0,0,0
0,0,0,0,0
0,0,0,0,0
0,0,0,0,0
10,0,0,0,0
10,0,0,0,0
10,0,0,0,0
2.4,0,0,0,0
0,0,0,0,0
0,0,0,0,0
0,10,0,0,0
0,10,0,0,0
0,10,0,0,0
0,0,0,0,0
0,10,0,0,0
0,0,0,0,0
0,0,0,0,0
10,0,0,0,0
10,0,0,0,0
10,0,0,0.5,0
0,0,0,0,0
0,0,0,0,0
0,0,0,0,0
0,0,0,0,0
0,10,0,0,0
0,10,0,0,0
0,10,0,0,0
0,6.537,0,0,0
10,0,0,0,0
10,0,0,0.5,0
10,0,0,0.5,0
7.0974,0,0,0.35487,0
0,0,0,0,0
0,0,0,0,0
0,10,0,0,0
0,4.4444,0,0,0
0,10,0,0,0
0,10,0,0,0
0,10,0,0,0
0,0,0,0,0
0,0,0,0,0
10,0,0,0.5,0
10,0,0,0.5,0
10,0,0,0.5,0
0,0,0,0,0
0,0,0,0,0
0,0,0,0,0
0,5.537,0,0,0
0,10,0,0,0
0,10,0,0,0
0,10,0,0,0
0,0,0,0,0
10,0,0,0.5,0
10,0,0,0.5,0
7.5195,0,0,0.37598,0
10,0,0,0.5,0
0,0,0,0,0
0,10,0,0,0
0,10,0,0,0
0,4.4444,0,0,0
0,10,0,0,0
0,10,0,0,0
0,0,0,0,0
0,0,0,0,0
0,0,0,0,0
10,0,0,0,0
10,0,0,0,0
10,0,0,0,0
6.2533,0,0,0.31266,0
0,0,0,0,0
0,0,0,0,0
0,0,0,0,0
0,5.488,0,0,0
0,10,0,0,0
0,10,0,0,0
0,0,0,0,39.779
0,0,0,0,0
0,0,0,0,0
0,0,0,0,0
0,0,0,0,0
0,0,0,0,0
0,0,0,0,0
0,0,0,0,0
0,0,0,0,0
0,0,0,0,0
0,0,0,0,0
0,0,0,0,0
0,0,0,0,0
0,0,0,0,0
0,0,0,0,0
0,0,0,0,0
0,0,0,0,0
0,0,0,0,0
0,0,0,0,0
0,0,0,0,0
0,0,0,0,0
0,0,0,0,0
0,0,0,0,0
0,0,0,0,0
0,0,0,0,0
0,0,0,0,0
0,0,0,0,0
0,0,0,0,0
0,0,0,0,0
0,0,0,0,0
0,0,0,0,0
0,0,0,0,0
0,4.4444,0,0,0
0,10,0,0,0
0,10,0,0,0
0,10,0,0,0
0,10,0,0,0
0,0,0,0,0
10,0,0,0,0
10,0,0,0,0
6,0,0,0,0
0,0,0,0,0
0,0,0,0,0
0,0,0,0,0
0,0,0,0,0
0,0,0,0,0
0,0,0,0,0
0,0,0,0,0
0,0,0,0,0
10,0,0,0,0
0,0,0,0,0
0,0,0,0,0
0,0,0,0,0
0,0,0,0,0
0,0,0,0,0
0,0,0,0,0
0,0,0,0,0
0,10,0,0,0
0,10,0,0,0
0,10,0,0,0
0,10,0,0,0
0,4.4444,0,0,0
0,0,0,0,0
0,0,0,0,0
0,0,0,0,0
0,0,0,0,0
0,0,0,0,0
0,0,0,0,0
0,0,0,0,0
0,0,0,0,0
0,0,0,0,0
0,0,0,0,0
0,0,0,0,0
10,0,0,0,0
10,0,0,0,0
10,0,0,0,0
6,0,0,0,0
0,0,0,0,0
0,0,0,0,0
0,0,0,0,0
0,4.4444,0,0,0
0,10,0,0,0
0,10,0,0,0
0,10,0,0,0
0,10,0,0,0
0,0,0,0,0
0,0,0,0,0
0,0,0,0,0
0,0,0,0,0
0,0,0,0,0
0,0,0,0,0
0,0,0,0,0
0,0,0,0,0
0,0,0,0,0
0,0,0,0,0
0,0,0,0,0
0,0,0,0,0
10,0,0,0.5,0
10,0,0,0,0
10,0,0,0,0
6.6754,0,0,0.33377,0
0,0,0,0,0
0,4.4444,0,0,0
0,10,0,0,0
0,10,0,0,0
0,10,0,0,0
0,0,0,0,0
0,10,0,0,0
0,0,0,0,0
0,0,0,0,0
0,0,0,0,0
10,0,0,0.5,0
10,0,0,0,0
10,0,0,0,0
2.305,0,0,0,0
0,0,0,0,0
0,0,0,0,0
0,10,0,0,0
0,10,0,0,0
0,10,0,0,0
0,10,0.5,0,0
10,0,0,0,0
10,0,0,0,0
10,0,0,0,0
6,0,0,0,0
0,0,0,0,0
0,10,0,0,0
0,10,0,0,0
0,10,0,0,0
0,10,0,0,0
0,4.4444,0,0,0
0,0,0,0,0
0,0,0,0,0
6.2533,0,0,0.31266,0
10,0,0,0,0
10,0,0,0,0
10,0,0,0,0
0,0,0,0,0
0,0,0,0,0
0,5.3947,0.26974,0,0
0,0,0,0,0
0,10,0.5,0,0
0,10,0,0,0
0,10,0,0,0
0,10,0,0,0
9.9315,0,0,0,0
10,0,0,0,0
0,0,0,0,0
0,6.0221,0.3011,0,39.779
0,0,0,0,0
0,0,0,0,0
0,0,0,0,0
0,0,0,0,0
0,0,0,0,0
0,0,0,0,0
0,0,0,0,0
0,0,0,0,0
0,0,0,0,0
0,0,0,0,0
0,0,0,0,0
0,0,0,0,0
0,0,0,0,0
0,0,0,0,0
0,0,0,0,0
0,0,0,0,0
0,0,0,0,0
0,0,0,0,0
0,0,0,0,0
0,0,0,0,0
0,0,0,0,0
0,0,0,0,0
0,0,0,0,0
0,0,0,0,0
0,0,0,0,0
0,0,0,0,0
0,0,0,0,0
0,0,0,0,0
0,0,0,0,0
0,0,0,0,0
0,0,0,0,0
0,0,0,0,0
0,0,0,0,0
0,0,0,0,0
0,0,0,0,0
0,0,0,0,0
0,0,0,0,0
0,0,0,0,0
0,0,0,0,0
0,0,0,0,0
0,0,0,0,0
0,0,0,0,0
0,0,0,0,0
0,0,0,0,0
0,0,0,0,0
0,0,0,0,0
0,0,0,0,0
0,0,0,0,0
0,0,0,0,0
0,0,0,0,0
0,0,0,0,0
0,10,0,0,0
0,10,0,0,0
0,10,0,0,0
0,10,0,0,0
0,4.4444,0,0,0
0,0,0,0,0
10,0,0,0.5,0
10,0,0,0.5,0
10,0,0,0,0
6.81,0,0,0,0
0,0,0,0,0
0,0,0,0,0
0,0,0,0,0
0,5.3086,0,0,0
0,10,0,0,0
0,10,0.5,0,0
0,0,0,0,0
10,0,0,0,0
10,0,0,0,0
0,0,0,0,0
0,0,0,0,0
0,0,0,0,0
0,0,0,0,0
0,10,0,0,0
0,0,0,0,0
0,5.0617,0,0,0
0,10,0,0,0
0,10,0,0,0
0,10,0.5,0,0
0,0,0,0,0
0,0,0,0,0
0,0,0,0,0
0,0,0,0,0
7.1272,0,0,0,0
8.1425,0,0,0,18.575
0,0,0,0,0
0,0,0,0,0
0,0,0,0,0
0,0,0,0,0
0,10,0,0,0
0,0,0,0,0
10,0,0,0,0
9.19,0,0,0,0
0,0,0,0,0
0,0,0,0,0
0,0,0,0,0
0,3.6914,0,0,0
0,10,0,0,0
0,0,0,0,0
0,0,0,0,0
0,10,0,0,0
0,0,0,0,0
0,0,0,0,0
0,0,0,0,0
0,0,0,0,0
10,0,0,0.5,0
0,0,0,0,0
10,0,0,0.5,0
0,0,0,0,0
0,0,0,0,0
0,0,0,0,0
0,3.6914,0,0,0
0,10,0,0,0
0,10,0,0,0
0,0,0,0,0
10,0,0,0.5,0
10,0,0,0.5,0
0,0,0,0,0
0,0,0,0,0
0,0,0,0,0
0,10,0,0,0
0,10,0,0,0
0,0,0,0,0
0,3.6914,0,0,0
0,0,0,0,0
0,0,0,0,0
0,0,0,0,0
0,0,0,0,0
10,0,0,0.5,0
10,0,0,0.5,0
0,0,0,0,0
0,0,0,0,0
0,0,0,0,0
0,0,0,0,0
0,0,0,0,0
0,3.6914,0,0,0
0,10,0,0,0
0,10,0,0,0
0,0,0,0,0
10,0,0,0.5,0
10,0,0,0.5,0
0,0,0,0,0
0,0,0,0,0
0,0,0,0,0
0,0,0,0,0
0,0,0,0,0
0,0,0,0,0
0,3.6914,0,0,0
0,10,0,0,0
0,10,0,0,0
0,0,0,0,0
0,0,0,0,0
10,0,0,0.5,0
10,0,0,0.5,0
0,0,0,0,0
0,0,0,0,0
0,0,0,0,0
0,0,0,0,0
0,0,0,0,0
0,0,0,0,0
0,10,0,0,0
0,10,0,0,0
0,0,0,0,0
6.8838,0,0,0.34419,0
10,0,0,0.5,0
0,0,0,0,0
0,0,0,0,0
0,0,0,0,0
0,0,0,0,0
0,0,0,0,0
0,0,0,0,0
0,3.6914,0,0,0
0,10,0,0,0
0,10,0,0,0
0,0,0,0,0
0,0,0,0,0
0,0,0,0,0
0,0,0,0,0
0,0,0,0,0
0,0,0,0,0
0,0,0,0,0
0,0,0,0,0
0,0,0,0,0
0,0,0,0,0
0,0,0,0,0
0,0,0,0,0
0,0,0,0,0
10,0,0,0,0
9.19,0,0,0,0
0,0,0,0,0
0,0,0,0,0
0,0,0,0,0
0,0,0,0,0
0,10,0,0,0
0,0,0,0,0
0,10,0,0,0
0,3.3144,0,0,0
0,0,0,0,0
0,0,0,0,0
0,0,0,0,0
7.8796,0,0,0,21.204
0,0,0,0,0
0,0,0,0,0
0,0,0,0,0
0,0,0,0,0
0,0,0,0,0
0,0,0,0,0
0,0,0,0,0
0,0,0,0,0
0,0,0,0,0
0,0,0,0,0
0,0,0,0,0
0,0,0,0,0
0,0,0,0,0
0,0,0,0,0
0,0,0,0,0
0,0,0,0,0
0,0,0,0,0
0,10,0,0,0
0,10,0,0,0
0,10,0,0,0
0,10,0,0,0
0,4.4444,0,0,0
0,0,0,0,0
10,0,0,0,0
10,0,0,0,0
10,0,0,0,0
0,0,0,0,0
0,0,0,0,0
0,0,0,0,0
0,0,0,0,0
0,9.1296,0,0,0
0,10,0,0,0
0,10,0,0,0
0,0,0,0,0
10,0,0,0,0
10,0,0,0,0
10,0,0,0.5,0
0,0,0,0,0
0,0,0,0,0
0,0,0,0,0
0,10,0,0,0
0,10,0,0,0
0,4.4444,0,0,0
0,10,0,0,0
0,10,0,0,0
0,0,0,0,0
0,0,0,0,0
10,0,0,0,0
10,0,0,0,0
10,0,0,0,0
6.2533,0,0,0.31266,0
0,0,0,0,0
0,0,0,0,0
0,0,0,0,0
0,10,0,0,0
0,10,0,0,0
0,10,0,0,0
0,6.537,0,0,0
10,0,0,0,0
10,0,0,0,0
10,0,0,0.5,0
0,0,0,0,0
0,0,0,0,0
0,0,0,0,0
0,0,0,0,0
0,0,0,0,0
0,10,0,0,0
0,10,0,0,0
0,10,0,0,0
0,10,0,0,0
0,4.4444,0,0,0
0,0,0,0,0
10,0,0,0.5,0
10,0,0,0.5,0
0,0,0,0,0
0,0,0,0,0
0,0,0,0,0
0,0,0,0,0
0,0,0,0,0
0,10,0,0,0
0,10,0,0,0
0,0,0,0,0
10,0,0,0,0
10,0,0,0,0
10,0,0,0,0
3.1371,0,0,0.15685,0
0,0,0,0,0
0,0,0,0,0
0,0,0,0,0
0,10,0,0,0
0,10,0,0,0
0,10,0,0,0
0,10,0,0,0
0,4.4444,0,0,0
0,0,0,0,0
0,0,0,0,0
10,0,0,0,0
0,0,0,0,0
0,0,0,0,0
0,0,0,0,0
0,0,0,0,0
0,0,0,0,0
0,0,0,0,0
0,0,0,0,0
0,4.4383,0,0,0
0,0,0,0,0
10,0,0,0.5,0
10,0,0,0,0
10,0,0,0,0
0,0,0,0,0
0,0,0,0,0
0,0,0,0,0
0,0,0,0,0
0,10,0,0,0
0,10,0,0,0
0,10,0,0,0
0,10,0,0,0
0,4.4444,0,0,0
0,0,0,0,0
10,0,0,0,0
10,0,0,0,0
10,0,0,0.5,0
0,0,0,0,0
0,0,0,0,0
0,0,0,0,0
0,0,0,0,0
0,9.1296,0,0,0
0,10,0,0,0
0,10,0,0,0
0,0,0,0,0
10,0,0,0,0
10,0,0,0,0
10,0,0,0,0
0,0,0,0,0
0,0,0,0,0
0,0,0,0,0
0,0,0,0,0
0,0,0,0,0
0,2.9227,0,0,0
0,10,0,0,0
0,10,0,0,0
0,10,0,0,0
0,0,0,0,0
6.0221,0,0,0,39.779
0,0,0,0,0
0,0,0,0,0
0,0,0,0,0
0,0,0,0,0
0,0,0,0,0
0,0,0,0,0
0,0,0,0,0
0,0,0,0,0
0,0,0,0,0
0,0,0,0,0
0,0,0,0,0
0,0,0,0,0
0,0,0,0,0
0,0,0,0,0
0,0,0,0,0
0,0,0,0,0
0,0,0,0,0
0,0,0,0,0
0,0,0,0,0
0,0,0,0,0
0,0,0,0,0
0,0,0,0,0
0,0,0,0,0
0,0,0,0,0
0,0,0,0,0
0,0,0,0,0
0,0,0,0,0
0,0,0,0,0
0,0,0,0,0
0,0,0,0,0
0,0,0,0,0
0,0,0,0,0
0,0,0,0,0
0,0,0,0,0
0,0,0,0,0
0,0,0,0,0
0,0,0,0,0
0,0,0,0,0
0,0,0,0,0
0,0,0,0,0
0,0,0,0,0
0,10,0,0,0
0,10,0,0,0
0,10,0,0,0
0,10,0,0,0
0,4.4444,0,0,0
0,0,0,0,0
10,0,0,0,0
10,0,0,0,0
10,0,0,0,0
0.3,0,0,0,0
0,0,0,0,0
0,0,0,0,0
0,0,0,0,0
0,0,0,0,0
0,10,0,0,0
0,10,0,0,0
0,10,0,0,0
10,0,0,0,0
10,0,0,0,0
10,0,0,0,0
0,0,0,0,0
0,0,0,0,0
0,0,0,0,0
0,10,0,0,0
0,10,0,0,0
0,4.4444,0,0,0
0,10,0,0,0
0,10,0,0,0
0,0,0,0,0
0,0,0,0,0
10,0,0,0.5,0
10,0,0,0,0
10,0,0,0,0
6.6754,0,0,0.33377,0
0,0,0,0,0
0,0,0,0,0
0,0,0,0,0
0,10,0,0,0
0,10,0,0,0
0,10,0,0,0
0,10,0,0,0
2.4,0,0,0,0
10,0,0,0,0
10,0,0,0,0
10,0,0,0,0
0,0,0,0,0
0,0,0,0,0
0,0,0,0,0
0,4.4444,0,0,0
0,10,0,0,0
0,10,0,0,0
0,10,0,0,0
0,10,0,0,0
0,0,0,0,0
0,0,0,0,0
10,0,0,0.5,0
10,0,0,0,0
0,0,0,0,0
0,0,0,0,0
0,0,0,0,0
0,0,0,0,0
0,4.1914,0,0,0
0,10,0,0,0
0,10,0,0,0
0,0,0,0,0
6,0,0,0,0
10,0,0,0,0
10,0,0,0,0
10,0,0,0,0
0,0,0,0,0
0,0,0,0,0
0,10,0,0,0
0,4.4444,0,0,0
0,10,0,0,0
0,10,0,0,0
0,10,0,0,0
0,0,0,0,0
0,0,0,0,0
10,0,0,0.5,0
10,0,0,0.5,0
10,0,0,0.5,0
7.5195,0,0,0.37598,0
0,0,0,0,0
0,0,0,0,0
0,4.4444,0,0,0
0,10,0,0,0
0,10,0,0,0
0,10,0,0,0
0,10,0,0,0
10,0,0,0.5,0
10,0,0,0.5,0
10,0,0,0.5,0
7.5195,0,0,0.37598,0
0,0,0,0,0
0,0,0,0,0
0,10,0,0,0
0,4.4444,0,0,0
0,10,0,0,0
0,10,0,0,0
0,10,0,0,0
0,0,0,0,0
0,0,0,0,0
10,0,0,0.5,0
10,0,0,0.5,0
10,0,0,0.5,0
0,0,0,0,0
2.325,0,0,0,0
0,0,0,0,0
0,0,0,0,0
0,10,0,0,0
0,10,0,0,0
0,10,0,0,0
0,0,0,0,0
10,0,0,0.5,0
10,0,0,0.5,0
10,0,0,0,0
0,0,0,0,0
0,0,0,0,0
0,0,0,0,0
0,4.4444,0,0,0
0,10,0,0,0
0,10,0,0,0
0,10,0,0,0
0,10,0,0,0
0,0,0,0,0
0,0,0,0,0
10,0,0,0.5,0
10,0,0,0.5,0
10,0,0,0.5,0
0,0,0,0,0
0,0,0,0,0
0,0,0,0,0
0,5.537,0,0,0
0,10,0,0,0
0,10,0,0,0
0,10,0,0,0
0,0,0,0,0
10,0,0,0,0
10,0,0,0,0
10,0,0,0.5,0
6.405,0,0,0,0
0,0,0,0,0
0,0,0,0,0
0,10,0,0,0
0,2.9227,0,0,0
0,10,0,0,0
0,10,0,0,0
0,0,0,0,0
0,0,0,0,0
6.0221,0,0,0,39.779
0,0,0,0,0
0,0,0,0,0
0,0,0,0,0
0,0,0,0,0
0,0,0,0,0
0,0,0,0,0
0,0,0,0,0
0,0,0,0,0
0,0,0,0,0
0,0,0,0,0
0,0,0,0,0
0,0,0,0,0
0,0,0,0,0
0,0,0,0,0
0,0,0,0,0
0,0,0,0,0
0,0,0,0,0
0,0,0,0,0
0,10,0,0,0
0,10,0,0,0
0,10,0,0,0
0,10,0,0,0
0,0,0,0,0
0,0,0,0,0
10,0,0,0,0
10,0,0,0,0
10,0,0,0.5,0
2.805,0,0,0,0
0,0,0,0,0
0,0,0,0,0
0,0,0,0,0
0,10,0,0,0
0,10,0,0,0
0,10,0,0,0
0,10,0,0,0
0,0,0,0,0
10,0,0,0.5,0
3.1318,0,0,0.15659,0
0,0,0,0,0
0,0,0,0,0
0,10,0,0,0
0,10,0,0,0
0,0,0,0,0
0,0,0,0,0
0,0,0,0,0
0,0,0,0,0
0,0,0,0,0
0,0,0,0,0
0,0,0,0,0
0,0,0,0,0
10,0,0,0.5,0
10,0,0,0.5,0
10,0,0,0.5,0
0,0,0,0,0
0,5.537,0,0,0
0,10,0,0,0
0,10,0,0,0
0,10,0,0,0
0,0,0,0,0
0,0,0,0,0
10,0,0,0.5,0
10,0,0,0.5,0
10,0,0,0.5,0
7.215,0,0,0,0
0,0,0,0,0
0,0,0,0,0
0,10,0,0,0
0,10,0,0,0
0,10,0,0,0
0,10,0,0,0
0,0,0,0,0
0,0,0,0,0
10,0,0,0.5,0
10,0,0,0.5,0
10,0,0,0.5,0
3.7676,0,0,0.18838,0
0,0,0,0,0
0,0,0,0,0
0,4.4444,0,0,0
0,10,0,0,0
0,10,0,0,0
0,10,0,0,0
0,10,0,0,0
7.0974,0,0,0.35487,0
10,0,0,0,0
10,0,0,0.5,0
10,0,0,0.5,0
0,0,0,0,0
0,0,0,0,0
0,0,0,0,0
0,4.4444,0,0,0
0,10,0,0,0
0,10,0,0,0
0,10,0,0,0
0,10,0,0,0
0,0,0,0,0
0,0,0,0,0
10,0,0,0.5,0
10,0,0,0,0
6.405,0,0,0,0
10,0,0,0,0
0,0,0,0,0
0,1.1428,0.057139,0,0
0,10,0.5,0,0
0,10,0.5,0,0
0,6.0221,0.3011,0,39.779
0,0,0,0,0
0,0,0,0,0
0,0,0,0,0
0,0,0,0,0
0,0,0,0,0
0,0,0,0,0
0,0,0,0,0
0,0,0,0,0
0,0,0,0,0
0,0,0,0,0
0,0,0,0,0
0,0,0,0,0
0,0,0,0,0
0,0,0,0,0
0,0,0,0,0
0,0,0,0,0
0,0,0,0,0
0,0,0,0,0
0,0,0,0,0
0,0,0,0,0
0,0,0,0,0
0,0,0,0,0
0,0,0,0,0
0,0,0,0,0
0,0,0,0,0
0,0,0,0,0
0,0,0,0,0
0,0,0,0,0
0,0,0,0,0
0,0,0,0,0
0,0,0,0,0
0,0,0,0,0
0,0,0,0,0
0,0,0,0,0
0,0,0,0,0
0,0,0,0,0
0,0,0,0,0
0,0,0,0,0
0,0,0,0,0
0,0,0,0,0
0,0,0,0,0
0,0,0,0,0
0,0,0,0,0
0,0,0,0,0
0,0,0,0,0
0,0,0,0,0
0,0,0,0,0
0,0,0,0,0
0,0,0,0,0
0,0,0,0,0
0,0,0,0,0
0,0,0,0,0
0,0,0,0,0
0,0,0,0,0
0,0,0,0,0
0,0,0,0,0
0,0,0,0,0
0,0,0,0,0
0,0,0,0,0
0,0,0,0,0
0,0,0,0,0
0,0,0,0,0
0,0,0,0,0
0,0,0,0,0
0,0,0,0,0
0,0,0,0,0
0,0,0,0,0
0,0,0,0,0
0,0,0,0,0
0,0,0,0,0
0,0,0,0,0
0,0,0,0,0
0,0,0,0,0
0,0,0,0,0
0,0,0,0,0
0,0,0,0,0
0,0,0,0,0
0,0,0,0,0
0,0,0,0,0
0,0,0,0,0
0,10,0,0,0
0,10,0,0,0
0,10,0,0,0
0,10,0,0,0
0,4.4444,0,0,0
6,0,0,0,0
10,0,0,0,0
10,0,0,0,0
10,0,0,0,0
0,0,0,0,0
0,0,0,0,0
0,0,0,0,0
0,0,0,0,0
0,0,0,0,0
0,10,0,0,0
0,2.3457,0,0,0
0,0,0,0,0
0,0,0,0,0
10,0,0,0,0
0,0,0,0,0
0,0,0,0,0
0,0,0,0,0
0,0,0,0,0
0,4.4444,0,0,0
0,0,0,0,0
0,10,0,0,0
0,10,0,0,0
0,10,0,0,0
0,10,0,0,0
0,0,0,0,0
0,0,0,0,0
10,0,0,0.5,0
10,0,0,0,0
10,0,0,0,0
6.405,0,0,0,0
0,0,0,0,0
0,0,0,0,0
0,0,0,0,0
0,10,0,0,0
0,10,0,0,0
0,10,0,0,0
0,0,0,0,0
10,0,0,0,0
10,0,0,0,0
4.4815,0,0,0.22408,0
0,0,0,0,0
0,0,0,0,0
0,0,0,0,0
0,0,0,0,0
0,10,0,0,0
0,10,0,0,0
0,10,0,0,0
0,10,0,0,0
0,4.4444,0,0,0
0,0,0,0,0
0,0,0,0,0
6.8838,0,0,0.34419,0
10,0,0,0.5,0
0,0,0,0,0
0,0,0,0,0
0,0,0,0,0
0,0,0,0,0
0,10,0,0,0
0,10,0,0,0
0,0,0,0,0
0,0,0,0,0
10,0,0,0,0
10,0,0,0,0
10,0,0,0,0
6.2533,0,0,0.31266,0
0,0,0,0,0
0,4.4444,0,0,0
0,10,0,0,0
0,10,0,0,0
0,10,0,0,0
0,10,0,0,0
0,0,0,0,0
0,0,0,0,0
10,0,0,0,0
10,0,0,0,0
0,0,0,0,0
0,0,0,0,0
0,0,0,0,0
0,0,0,0,0
0,0,0,0,0
0,0,0,0,0
0,0,0,0,0
0,10,0,0,0
0,0,0,0,0
4.6952,0,0,0.23476,0
10,0,0,0,0
10,0,0,0.5,0
0,0,0,0,0
0,0,0,0,0
0,0,0,0,0
0,0,0,0,0
0,10,0,0,0
0,10,0,0,0
0,10,0,0,0
0,10,0,0,0
0,4.4444,0,0,0
0,0,0,0,0
10,0,0,0.5,0
10,0,0,0.5,0
0,0,0,0,0
0,0,0,0,0
0,0,0,0,0
0,0,0,0,0
0,0,0,0,0
0,0,0,0,0
0,0,0,0,0
0,2.9383,0,0,0
0,0,0,0,0
0,0,0,0,0
10,0,0,0.5,0
10,0,0,0.5,0
0,0,0,0,0
0,0,0,0,0
0,0,0,0,0
0,0,0,0,0
0,4.4444,0,0,0
0,10,0,0,0
0,10,0,0,0
0,10,0,0,0
0,10,0,0,0
0,0,0,0,0
10,0,0,0,0
10,0,0,0,0
0,0,0,0,0
0,0,0,0,0
0,0,0,0,0
0,0,0,0,0
0,0,0,0,0
0,0,0,0,0
0,0,0,0,0
0,0,0,0,0
0,0,0,0,0
0,0,0,0,0
10,0,0,0,0
6,0,0,0,0
0,0,0,0,0
0,0,0,0,0
0,0,0,0,0
0,0,0,0,0
0,10,0,0,0
0,10,0,0,0
0,10,0,0,0
0,10,0,0,0
0,4.4444,0,0,0
9.3326,0,0,0,0
6.0221,0,0,0,39.779
0,0,0,0,0
0,0,0,0,0
0,0,0,0,0
0,0,0,0,0
0,0,0,0,0
0,0,0,0,0
0,0,0,0,0
0,0,0,0,0
0,0,0,0,0
0,0,0,0,0
0,0,0,0,0
0,0,0,0,0
0,0,0,0,0
0,0,0,0,0
0,0,0,0,0
0,0,0,0,0
0,0,0,0,0
0,10,0,0,0
0,10,0,0,0
0,10,0,0,0
0,10,0,0,0
0,4.4444,0,0,0
0,0,0,0,0
10,0,0,0.5,0
10,0,0,0.5,0
7.5195,0,0,0.37598,0
10,0,0,0.5,0
0,0,0,0,0
0,0,0,0,0
0,0,0,0,0
0,5.537,0,0,0
0,10,0,0,0
0,10,0,0,0
0,10,0,0,0
0,0,0,0,0
10,0,0,0.5,0
10,0,0,0.5,0
10,0,0,0.5,0
0,0,0,0,0
0,0,0,0,0
0,10,0,0,0
0,4.4444,0,0,0
0,10,0,0,0
0,10,0,0,0
0,10,0,0,0
0,0,0,0,0
0,0,0,0,0
10,0,0,0.5,0
10,0,0,0.5,0
10,0,0,0.5,0
7.5195,0,0,0.37598,0
0,0,0,0,0
0,0,0,0,0
0,0,0,0,0
0,5.537,0,0,0
0,10,0,0,0
0,10,0,0,0
0,10,0,0,0
0,0,0,0,0
10,0,0,0.5,0
10,0,0,0.5,0
10,0,0,0.5,0
0,0,0,0,0
0,0,0,0,0
0,0,0,0,0
0,0,0,0,0
0,10,0,0,0
0,10,0,0,0
0,10,0,0,0
0,0,0,0,0
0,0,0,0,0
0,0,0,0,0
10,0,0,0.5,0
5.3257,0,0,0.26628,0
10,0,0,0.5,0
0,0,0,0,0
0,0,0,0,0
0,0,0,0,0
0,10,0,0,0
0,10,0,0,0
0,10,0,0,0
0,10,0,0,0
0,0,0,0,0
10,0,0,0,0
10,0,0,0,0
10,0,0,0,0
2.5013,0,0,0.12507,0
0,0,0,0,0
0,0,0,0,0
0,10,0,0,0
0,10,0,0,0
0,10,0,0,0
0,10,0,0,0
0,4.4444,0,0,0
0,0,0,0,0
10,0,0,0,0
10,0,0,0,0
0,0,0,0,0
4.2731,0,0,0.21365,0
0,0,0,0,0
0,0,0,0,0
0,0,0,0,0
0,0,0,0,0
0,0,0,0,0
0,10,0,0,0
0,0,0,0,0
0,0,0,0,0
10,0,0,0,0
10,0,0,0,0
0,0,0,0,0
0,0,0,0,0
0,0,0,0,0
0,10,0,0,0
0,0,0,0,0
0,0.54044,0,0,0
0,10,0,0,0
0,10,0,0,0
0,0,0,0,0
0,0,0,0,29.177
9.595,0,0,0,0
0,0,0,0,0
0,0,0,0,0
0,0,0,0,0
0,0,0,0,0
0,0,0,0,0
0,0,0,0,0
0,0,0,0,0
0,0,0,0,0
0,10,0,0,0
0,1.8457,0,0,0
0,0,0,0,0
9.595,0,0,0,0
0,0,0,0,0
0,0,0,0,0
0,0,0,0,0
0,0,0,0,0
0,0,0,0,0
0,0,0,0,0
0,0,0,0,0
0,10,0,0,0
0,1.8457,0,0,0
0,0,0,0,0
0,0,0,0,0
10,0,0,0.5,0
0,0,0,0,0
0,0,0,0,0
0,0,0,0,0
0,0,0,0,0
0,0,0,0,0
0,0,0,0,0
0,0,0,0,0
0,10,0,0,0
0,1.8457,0,0,0
0,0,0,0,0
0,0,0,0,0
10,0,0,0.5,0
0,0,0,0,0
0,1.0585,0,0,1.6519
0,0,0,0,0
0,0,0,0,0
0,0,0,0,0
0,0,0,0,0
0,0,0,0,0
0,10,0,0,0
0,0,0,0,0
0,0,0,0,0
0,0,0,0,0
8.4419,0,0,0.42209,0
0,0,0,0,0
0,0,0,0,0
0,0,0,0,0
0,0,0,0,0
0,0,0,0,0
0,0,0,0,0
0,0,0,0,0
0,0,0,0,0
0,10,0,0,0
0,0,0,0,0
0,0,0,0,0
3.6006,0,0,0.18003,0
0,0,0,0,0
0,0,0,0,8.9503
0,0,0,0,0
0,0,0,0,0
0,0,0,0,0
0,4.4444,0,0,0
0,10,0,0,0
0,10,0,0,0
0,10,0,0,0
0,10,0,0,0
0,0,0,0,0
10,0,0,0.5,0
10,0,0,0,0
10,0,0,0.5,0
6.81,0,0,0,0
0,0,0,0,0
0,0,0,0,0
0,0,0,0,0
0,10,0,0,0
0,10,0,0,0
0,10,0,0,0
0,7.037,0,0,0
0,0,0,0,0
10,0,0,0,0
10,0,0,0,0
10,0,0,0,0
0,0,0,0,0
0,0,0,0,0
0,10,0,0,0
0,0,0,0,0
0,6.0194,0,0,0
0,10,0,0,0
0,10,0,0,0
0,0,0,0,0
0,0,0,0,17.68
10,0,0,0,0
10,0,0,0.5,0
0.405,0,0,0,0
0,0,0,0,0
0,0,0,0,0
0,0,0,0,0
0,0,0,0,0
0,0,0,0,0
0,10,0,0,0
0,10,0,0,0
0,4.6914,0,0,0
0,0,0,0,0
10,0,0,0,0
10,0,0,0,0
0,0,0,0,0
0,0,0,0,0
0,0,0,0,0
0,0,0,0,0
0,0,0,0,0
0,0,0,0,0
0,4.1914,0,0,0
0,10,0,0,0
0,10,0,0,0
0,0,0,0,0
0,0,0,0,0
0,0,0,0,0
10,0,0,0,0
10,0,0,0.5,0
0,0,0,0,0
0,0,0,0,0
0,0,0,0,0
0,4.6914,0,0,0
0,10,0,0,0
0,10,0,0,0
0,0,0,0,0
0,0,0,0,0
10,0,0,0,0
10,0,0,0,0
0,0,0,0,0
0,0,0,0,0
0,0,0,0,0
0,0,0,0,0
0,0,0,0,0
0,10,0,0,0
0,4.6914,0,0,0
0,10,0,0,0
0,0,0,0,0
0,0,0,0,0
10,0,0,0,0
10,0,0,0,0
0,0,0,0,0
0,0,0,0,0
0,0,0,0,0
0,0,0,0,0
0,0,0,0,0
0,0,0,0,0
0,4.6914,0,0,0
0,10,0,0,0
0,10,0,0,0
0,0,0,0,0
10,0,0,0,0
10,0,0,0,0
0,0,0,0,0
0,0,0,0,0
0,0,0,0,0
0,0,0,0,0
0,4.6914,0,0,0
0,0,0,0,0
0,10,0,0,0
0,10,0,0,0
0,0,0,0,0
0,0,0,0,0
10,0,0,0.5,0
0,0,0,0,0
0,0,0,0,0
0,0,0,0,0
0,0,0,0,0
0,0,0,0,0
0,0,0,0,0
0,0,0,0,0
0,0,0,0,0
0,0,0,0,0
0,0,0,0,0
0,0,0,0,0
10,0,0,0.5,0
0.84419,0,0,0.042209,0
0,0,0,0,0
0,0,0,0,0
0,0,0,0,0
0,0,0,0,0
0,0,0,0,0
0,4.6914,0,0,0
0,10,0,0,0
0,10,0,0,0
0,0,0,0,0
0,0,0,0,0
0,0,0,0,0
0,0,0,0,0
0,0,0,0,0
0,0,0,0,0
0,0,0,0,0
0,0,0,0,0
0,0,0,0,0
0,0,0,0,0
0,0,0,0,0
0,0,0,0,0
0,0,0,0,0
0,0,0,0,0
10,0,0,0,0
10,0,0,0,0
0,0,0,0,0
0,0,0,0,0
0,0,0,0,0
0,0,0,0,0
0,0,0,0,0
0,0,0,0,0
0,10,0,0,0
0,10,0,0,0
0,4.6914,0,0,0
0,0,0,0,0
0,0,0,0,0
8.5304,0,0,0,0
0,0,0,0,22.099
0,0,0,0,0
0,0,0,0,0
0,0,0,0,0
0,0,0,0,0
0,0,0,0,0
0,0,0,0,0
0,0,0,0,0
0,0,0,0,0
0,0,0,0,0
0,0,0,0,0
0,0,0,0,0
0,0,0,0,0
0,0,0,0,0
0,0,0,0,0
0,0,0,0,0
0,10,0,0,0
0,4.4444,0,0,0
0,10,0,0,0
0,10,0,0,0
0,10,0,0,0
0,0,0,0,0
10,0,0,0.5,0
10,0,0,0.5,0
10,0,0,0.5,0
0,0,0,0,0
0,0,0,0,0
0,0,0,0,0
0,0,0,0,0
0,0,0,0,0
0,0,0,0,0
0,10,0,0,0
0,5.284,0,0,0
0,0,0,0,0
10,0,0,0,0
10,0,0,0.5,0
0,0,0,0,0
0,0,0,0,0
0,0,0,0,0
0,0,0,0,0
0,4.4444,0,0,0
0,10,0,0,0
0,10,0,0,0
0,10,0,0,0
0,10,0,0,0
0,0,0,0,0
0,0,0,0,0
0,0,0,0,0
10,0,0,0,0
10,0,0,0,0
10,0,0,0,0
6,0,0,0,0
0,0,0,0,0
0,0,0,0,0
0,10,0,0,0
0,10,0,0,0
0,10,0,0,0
0,0,0,0,0
10,0,0,0,0
10,0,0,0,0
4.3,0,0,0,0
0,0,0,0,0
0,0,0,0,0
0,4.4444,0,0,0
0,0,0,0,0
0,10,0,0,0
0,10,0,0,0
0,10,0,0,0
0,10,0,0,0
0,0,0,0,0
0,0,0,0,0
0,0,0,0,0
0,0,0,0,0
0,0,0,0,0
0,0,0,0,0
0,0,0,0,0
0,0,0,0,0
0,0,0,0,0
0,0,0,0,0
0,0,0,0,0
0,0,0,0,0
6.2533,0,0,0.31266,0
10,0,0,0,0
10,0,0,0,0
10,0,0,0,0
0,0,0,0,0
0,0,0,0,0
0,4.4444,0,0,0
0,10,0,0,0
0,10,0,0,0
0,10,0,0,0
0,10,0,0,0
0,0,0,0,0
0,0,0,0,0
10,0,0,0.5,0
0,0,0,0,0
0,0,0,0,0
10,0,0,0,0
6.9253,0,0,0.34626,0
0,0,0,0,0
0,7.0823,0.35412,0,29.177
0,0,0,0,0
0,0,0,0,0
0,10,0,0,0
0,1.8457,0,0,0
0,0,0,0,0
9.595,0,0,0,0
0,0,0,0,0
0,0,0,0,0
0,0,0,0,0
0,0,0,0,0
0,0,0,0,0
0,0,0,0,0
0,10,0,0,0
0,1.8457,0,0,0
0,0,0,0,0
0,0,0,0,0
0,0,0,0,0
10,0,0,0.5,0
0,0,0,0,0
0,0,0,0,0
0,0,0,0,0
0,0,0,0,0
0,0,0,0,0
0,0,0,0,0
0,0,0,0,0
0,1.8457,0,0,0
0,10,0,0,0
0,0,0,0,0
0,0,0,0,0
10,0,0,0.5,0
0,0,0,0,0
0,0,0,0,0
0,0,0,0,0
0,0,0,0,0
0,0,0,0,0
0,0,0,0,0
0,1.8457,0,0,0
0,10,0,0,0
0,0,0,0,0
0,0,0,0,0
0,0,0,0,0
0,0,0,0,0
0,0,0,0,0
0,0,0,0,0
0,0,0,0,0
0,0,0,0,0
0,0,0,0,0
0,0,0,0,0
0,0,0,0,0
0,0,0,0,0
0,0,0,0,0
0,0,0,0,0
0,0,0,0,0
10,0,0,0.5,0
0,0,0,0,0
0,0,0,0,0
0,0,0,0,0
0,0,0,0,0
0,0,0,0,0
0,0,0,0,0
0,10,0,0,0
0,1.8457,0,0,0
0,0,0,0,0
0,0,0,0,0
10,0,0,0.5,0
0,0,0,0,0
0,0,0,0,0
0,0,0,0,0
0,0,0,0,0
0,0,0,0,0
0,6.7933,0,0,0
0,0,0,0,10.602
0,0,0,0,0
0,0,0,0,0
0,0,0,0,0
0,0,0,0,0
0,0,0,0,0
0,0,0,0,0
0,0,0,0,0
0,0,0,0,0
0,0,0,0,0
0,0,0,0,0
0,0,0,0,0
0,10,0,0,0
0,10,0,0,0
0,10,0,0,0
0,10,0,0,0
0,4.4444,0,0,0
10,0,0,0.5,0
10,0,0,0.5,0
7.5195,0,0,0.37598,0
0,0,0,0,0
10,0,0,0.5,0
0,0,0,0,0
0,0,0,0,0
0,0,0,0,0
0,0,0,0,0
0,3.6914,0,0,0
0,10,0,0,0
0,10,0,0,0
0,0,0,0,0
10,0,0,0.5,0
10,0,0,0.5,0
0,0,0,0,0
0,0,0,0,0
0,0,0,0,0
0,4.4444,0,0,0
0,10,0,0,0
0,10,0,0,0
0,10,0,0,0
0,10,0,0,0
0,0,0,0,0
0,0,0,0,0
0,0,0,0,0
10,0,0,0.5,0
10,0,0,0.5,0
10,0,0,0,0
0,0,0,0,0
0,0,0,0,0
0,0,0,0,0
0,0,0,0,0
0,10,0,0,0
0,5.284,0,0,0
0,0,0,0,0
0,0,0,0,0
10,0,0,0.5,0
10,0,0,0.5,0
0,0,0,0,0
0,0,0,0,0
0,0,0,0,0
0,4.4444,0,0,0
0,10,0,0,0
0,10,0,0,0
0,10,0,0,0
0,10,0,0,0
0,0,0,0,0
0,0,0,0,0
0,0,0,0,0
0,0,0,0,0
10,0,0,0.5,0
1.7874,0,0,0.089369,0
0,0,0,0,0
0,0,0,0,0
0,0,0,0,0
0,0,0,0,0
0,10,0,0,0
0,0,0,0,0
0,0,0,0,0
0,0,0,0,0
10,0,0,0.5,0
10,0,0,0,0
10,0,0,0.5,0
0,0,0,0,0
0,10,0,0,0
0,0,0,0,0
0,10,0,0,0
0,10,0,0,0
0,10,0,0,0
0,0,0,0,0
0,0,0,0,0
10,0,0,0.5,0
10,0,0,0,0
10,0,0,0,0
6.6754,0,0,0.33377,0
0,0,0,0,0
0,0,0,0,0
0,0,0,0,0
0,0,0,0,0
0,3.6914,0,0,0
0,10,0,0,0
0,10,0,0,0
0,0,0,0,0
0,0,0,0,0
10,0,0,0.5,0
10,0,0,0.5,0
0,0,0,0,0
0,0,0,0,0
0,0,0,0,0
0,10,0,0,0
0,10,0,0,0
0,10,0,0,0
0,10,0,0,0
0,4.4444,0,0,0
0,0,0,0,0
10,0,0,0,0
8.232,0,0,0,17.68
8.5923,0,0,0,0
0,0,0,0,0
0,0,0,0,0
0,0,0,0,0
0,0,0,0,0
0,0,0,0,0
0,0,0,0,0
0,10,0,0,0
0,10,0,0,0
0,4.6914,0,0,0
0,0,0,0,0
10,0,0,0,0
10,0,0,0,0
0,0,0,0,0
0,0,0,0,0
0,0,0,0,0
0,0,0,0,0
0,4.6914,0,0,0
0,10,0,0,0
0,10,0,0,0
0,0,0,0,0
0,0,0,0,0
10,0,0,0,0
10,0,0,0.5,0
0,0,0,0,0
0,0,0,0,0
0.405,0,0,0,0
0,0,0,0,0
0,0,0,0,0
0,0,0,0,0
0,0,0,0,0
0,4.6914,0,0,0
0,10,0,0,0
0,10,0,0,0
0,0,0,0,0
10,0,0,0,0
10,0,0,0,0
0,0,0,0,0
0,0,0,0,0
0,0,0,0,0
0,0,0,0,0
0,4.6914,0,0,0
0,10,0,0,0
0,10,0,0,0
0,0,0,0,0
0,0,0,0,0
0,0,0,0,0
8.5304,0,0,0,0
0,0,0,0,0
0,0,0,0,22.099
0,0,0,0,0
0,0,0,0,0
0,0,0,0,0
0,0,0,0,0
0,0,0,0,0
0,0,0,0,0
0,0,0,0,0
0,0,0,0,0
0,0,0,0,0
0,0,0,0,0
0,0,0,0,0
0,0,0,0,0
0,0,0,0,0
0,0,0,0,0
0,0,0,0,0
0,10,0,0,0
0,10,0,0,0
0,10,0,0,0
0,10,0,0,0
0,4.4444,0,0,0
0,0,0,0,0
0,0,0,0,0
0,0,0,0,0
10,0,0,0.5,0
10,0,0,0.5,0
10,0,0,0,0
0,0,0,0,0
0,0,0,0,0
0,0,0,0,0
0,0,0,0,0
0,0,0,0,0
0,0,0,0,0
0,10,0,0,0
10,0,0,0,0
4.91,0,0,0,0
0,0,0,0,0
0,0,0,0,0
0,9.4659,0,0,0
0,10,0,0,0
0,6.0221,0,0,39.779
0,0,0,0,0
0,0,0,0,0
0,0,0,0,0
0,0,0,0,0
0,0,0,0,0
0,0,0,0,0
0,0,0,0,0
0,0,0,0,0
0,0,0,0,0
0,0,0,0,0
0,0,0,0,0
0,0,0,0,0
0,0,0,0,0
0,0,0,0,0
0,0,0,0,0
0,0,0,0,0
0,0,0,0,0
0,0,0,0,0
0,0,0,0,0
0,0,0,0,0
0,0,0,0,0
0,0,0,0,0
0,0,0,0,0
0,0,0,0,0
0,0,0,0,0
0,0,0,0,0
0,0,0,0,0
0,0,0,0,0
0,0,0,0,0
0,0,0,0,0
0,0,0,0,0
0,0,0,0,0
0,0,0,0,0
0,0,0,0,0
0,0,0,0,0
0,0,0,0,0
0,0,0,0,0
0,0,0,0,0
0,0,0,0,0
0,0,0,0,0
0,0,0,0,0
0,0,0,0,0
0,0,0,0,0
0,0,0,0,0
0,0,0,0,0
0,0,0,0,0
0,0,0,0,0
0,0,0,0,0
0,0,0,0,0
0,0,0,0,0
0,0,0,0,0
0,0,0,0,0
0,0,0,0,0
0,0,0,0,0
0,0,0,0,0
0,0,0,0,0
0,0,0,0,0
0,0,0,0,0
0,0,0,0,0
0,0,0,0,0
0,0,0,0,0
0,0,0,0,0
0,0,0,0,0
0,0,0,0,0
0,0,0,0,0
0,0,0,0,0
0,0,0,0,0
0,0,0,0,0
0,0,0,0,0
0,0,0,0,0
0,0,0,0,0
0,0,0,0,0
0,0,0,0,0
0,0,0,0,0
0,0,0,0,0
0,0,0,0,0
0,0,0,0,0
0,0,0,0,0
0,0,0,0,0
0,0,0,0,0
0,0,0,0,0
0,0,0,0,0
0,0,0,0,0
0,0,0,0,0
0,0,0,0,0
0,0,0,0,0
0,0,0,0,0
0,0,0,0,0
0,0,0,0,0
0,0,0,0,0
0,0,0,0,0
0,0,0,0,0
0,0,0,0,0
0,0,0,0,0
0,0,0,0,0
0,0,0,0,0
0,0,0,0,0
0,0,0,0,0
0,0,0,0,0
0,0,0,0,0
0,0,0,0,0
0,0,0,0,0
0,0,0,0,0
0,0,0,0,0
0,0,0,0,0
0,0,0,0,0
0,0,0,0,0
0,0,0,0,0
0,0,0,0,0
0,0,0,0,0
0,0,0,0,0
0,0,0,0,0
0,0,0,0,0
0,0,0,0,0
0,0,0,0,0
0,0,0,0,0
0,0,0,0,0
0,0,0,0,0
0,0,0,0,0
0,0,0,0,0
0,0,0,0,0
0,0,0,0,0
0,0,0,0,0
0,0,0,0,0
0,0,0,0,0
0,0,0,0,0
0,0,0,0,0
0,0,0,0,0
0,0,0,0,0
0,0,0,0,0
0,0,0,0,0
0,0,0,0,0
0,0,0,0,0
0,0,0,0,0
0,0,0,0,0
0,0,0,0,0
0,0,0,0,0
0,0,0,0,0
0,0,0,0,0
0,0,0,0,0
0,0,0,0,0
0,0,0,0,0
0,0,0,0,0
0,10,0,0,0
0,10,0,0,0
0,10,0,0,0
0,10,0,0,0
0,4.4444,0,0,0
0,0,0,0,0
0,0,0,0,0
6,0,0,0,0
10,0,0,0,0
10,0,0,0,0
10,0,0,0,0
0,0,0,0,0
0,0,0,0,0
0,0,0,0,0
0,0,0,0,0
0,0,0,0,0
0,0,0,0,0
0,10,0,0,0
0,0,0,0,0
8.1,0,0,0,0
0,0,0,0,0
0,0,0,0,0
0,0,0,0,0
0,0,0,0,0
0,10,0,0,0
0,10,0,0,0
0,10,0,0,0
0,10,0,0,0
0,4.4444,0,0,0
0,0,0,0,0
0,0,0,0,0
0,0,0,0,0
10,0,0,0,0
10,0,0,0,0
0,0,0,0,0
0,0,0,0,0
0,0,0,0,0
0,0,0,0,0
0,10,0,0,0
0,7.284,0,0,0
0,0,0,0,0
0,0,0,0,0
10,0,0,0,0
10,0,0,0,0
10,0,0,0,0
0,0,0,0,0
0,10,0,0,0
0,4.4444,0,0,0
0,10,0,0,0
0,10,0,0,0
0,10,0,0,0
0,0,0,0,0
0,0,0,0,0
0,0,0,0,0
0.3,0,0,0,0
10,0,0,0,0
10,0,0,0,0
10,0,0,0,0
0,0,0,0,0
0,0,0,0,0
0,0,0,0,0
0,10,0,0,0
0,10,0,0,0
0,10,0,0,0
0,0,0,0,0
0,0,0,0,0
10,0,0,0,0
10,0,0,0,0
10,0,0,0,0
0,0,0,0,0
0,0,0,0,0
0,10,0,0,0
0,10,0,0,0
0,10,0,0,0
0,10,0,0,0
0,4.4444,0,0,0
0,0,0,0,0
10,0,0,0.5,0
0,0,0,0,0
0,0,0,0,0
10,0,0,0.5,0
10,0,0,0,0
6.81,0,0,0,0
0,0,0,0,0
0,0,0,0,0
0,0,0,0,0
0,8.3889,0,0,0
0,10,0.5,0,0
0,10,0.5,0,0
0,10,0.5,0,0
10,0,0,0,0
10,0,0,0,0
10,0,0,0.5,0
0,0,0,0,0
0,4.4444,0,0,0
0,10,0,0,0
0,10,0,0,0
0,10,0,0,0
0,10,0,0,0
0,0,0,0,0
0,0,0,0,0
10,0,0,0,0
10,0,0,0,0
10,0,0,0.5,0
6.6754,0,0,0.33377,0
0,0,0,0,0
0,0,0,0,0
0,0,0,0,0
0,0,0,0,0
0,0,0,0,0
0,10,0,0,0
0,10,0,0,0
0,4.1914,0,0,0
0,0,0,0,0
10,0,0,0.5,0
10,0,0,0,0
0,0,0,0,0
0,0,0,0,0
0,10,0,0,0
0,4.4444,0,0,0
0,10,0,0,0
0,10,0,0,0
0,10,0,0,0
0,0,0,0,0
0,0,0,0,0
10,0,0,0,0
10,0,0,0,0
10,0,0,0.5,0
6.6754,0,0,0.33377,0
0,0,0,0,0
0,0,0,0,0
0,0,0,0,0
0,0,0,0,0
0,0,0,0,0
0,9.8377,0,0,0
0,10,0,0,0
0,0,0,0,0
0,0,0,0,0
0,6.0221,0.3011,0,39.779
0,0,0,0,0
0,0,0,0,0
0,0,0,0,0
0,0,0,0,0
0,0,0,0,0
0,0,0,0,0
0,0,0,0,0
0,0,0,0,0
0,0,0,0,0
0,0,0,0,0
0,0,0,0,0
0,0,0,0,0
0,0,0,0,0
0,0,0,0,0
0,0,0,0,0
0,0,0,0,0
0,0,0,0,0
0,0,0,0,0
0,0,0,0,0
0,0,0,0,0
0,0,0,0,0
0,0,0,0,0
0,0,0,0,0
0,0,0,0,0
0,0,0,0,0
0,0,0,0,0
0,0,0,0,0
0,0,0,0,0
0,0,0,0,0
0,10,0,0,0
0,10,0,0,0
0,10,0,0,0
0,10,0,0,0
0,4.4444,0,0,0
10,0,0,0,0
10,0,0,0.5,0
0,0,0,0,0
10,0,0,0.5,0
6.81,0,0,0,0
0,0,0,0,0
0,0,0,0,0
0,0,0,0,0
0,0,0,0,0
0,0,0,0,0
0,10,0,0,0
0,10,0,0,0
0,4.6914,0,0,0
10,0,0,0,0
10,0,0,0,0
0,0,0,0,0
0,0,0,0,0
0,10,0,0,0
0,0,0,0,0
0,10,0,0,0
0,10,0,0,0
0,10,0,0,0
0,4.4444,0,0,0
0,0,0,0,0
0,0,0,0,0
0,0,0,0,0
6.2533,0,0,0.31266,0
10,0,0,0,0
10,0,0,0,0
10,0,0,0,0
0,0,0,0,0
0,6.037,0,0,0
0,10,0,0,0
0,10,0,0,0
0,10,0,0,0
0,0,0,0,0
0,0,0,0,0
10,0,0,0.5,0
10,0,0,0,0
10,0,0,0.5,0
0,0,0,0,0
0,10,0.5,0,0
0,0,0,0,0
0,10,0,0,0
0,10,0.5,0,0
0,10,0.5,0,0
0,6.2963,0,0,0
0,0,0,0,0
7.0974,0,0,0.35487,0
10,0,0,0,0
10,0,0,0.5,0
10,0,0,0.5,0
0,0,0,0,0
0,0,0,0,0
0,0,0,0,0
0,0,0,0,0
0,10,0,0,0
0,10,0,0,0
0,10,0,0,0
0,6.037,0,0,0
0,0,0,0,0
10,0,0,0.5,0
10,0,0,0,0
10,0,0,0.5,0
0,0,0,0,0
0,0,0,0,0
0,4.4444,0,0,0
0,10,0,0,0
0,10,0,0,0
0,10,0,0,0
0,10,0,0,0
0,0,0,0,0
10,0,0,0.5,0
10,0,0,0.5,0
10,0,0,0.5,0
7.5195,0,0,0.37598,0
0,0,0,0,0
0,0,0,0,0
0,0,0,0,0
0,0,0,0,0
0,0,0,0,0
0,0,0,0,0
0,0,0,0,0
0,10,0,0,0
0,1.8457,0,0,0
0,0,0,0,0
10,0,0,0.5,0
0,0,0,0,0
0,0,0,0,0
0,0,0,0,0
0,10,0,0,0
0,10,0,0,0
0,10,0,0,0
0,10,0,0,0
0,4.4444,0,0,0
0,0,0,0,0
10,0,0,0,0
10,0,0,0.5,0
0,0,0,0,0
0,0,0,0,0
10,0,0,0.5,0
7.0974,0,0,0.35487,0
0,0,0,0,0
0,0,0,0,0
0,0,0,0,0
0,10,0,0,0
0,10,0,0,0
0,10,0,0,0
0,6.037,0,0,0
10,0,0,0.5,0
10,0,0,0.5,0
10,0,0,0,0
0,0,0,0,0
0,0,0,0,0
0,10,0,0,0
0,10,0,0,0
0,10,0,0,0
0,10,0,0,0
0,4.4444,0,0,0
0,0,0,0,0
10,0,0,0,0
10,0,0,0,0
10,0,0,0.5,0
0,0,0,0,0
6.6754,0,0,0.33377,0
0,0,0,0,0
0,0,0,0,0
0,0,0,0,0
0,0,0,0,0
0,10,0,0,0
0,0,0,0,0
0,2.3457,0,0,0
0,0,0,0,0
0,0,0,0,0
10,0,0,0,0
0,0,0,0,0
0,0,0,0,0
0,4.4444,0,0,0
0,10,0,0,0
0,10,0,0,0
0,10,0,0,0
0,10,0,0,0
0,0,0,0,0
9.3326,0,0,0,0
6.0221,0,0,0,39.779
0,0,0,0,0
0,0,0,0,0
0,0,0,0,0
0,0,0,0,0
0,0,0,0,0
0,0,0,0,0
0,0,0,0,0
0,0,0,0,0
0,0,0,0,0
0,0,0,0,0
0,0,0,0,0
0,0,0,0,0
0,0,0,0,0
0,0,0,0,0
0,0,0,0,0
0,0,0,0,0
0,0,0,0,0
0,0,0,0,0
0,10,0,0,0
0,10,0,0,0
0,10,0,0,0
0,10,0,0,0
0,0,0,0,0
10,0,0,0.5,0
10,0,0,0,0
10,0,0,0,0
0,0,0,0,0
2.805,0,0,0,0
0,0,0,0,0
0,0,0,0,0
0,0,0,0,0
0,0,0,0,0
0,0,0,0,0
0,3.6914,0,0,0
0,10,0,0,0
0,10,0,0,0
0,0,0,0,0
10,0,0,0.5,0
10,0,0,0.5,0
0,0,0,0,0
0,0,0,0,0
0,10,0,0,0
0,4.4444,0,0,0
0,10,0,0,0
0,10,0,0,0
0,10,0,0,0
0,0,0,0,0
0,0,0,0,0
0,0,0,0,0
10,0,0,0.5,0
10,0,0,0.5,0
10,0,0,0.5,0
7.215,0,0,0,0
0,0,0,0,0
0,0,0,0,0
0,0,0,0,0
0,4.1914,0,0,0
0,10,0,0,0
0,10,0,0,0
0,0,0,0,0
10,0,0,0.5,0
10,0,0,0,0
0,0,0,0,0
0,0,0,0,0
0,0,0,0,0
0,0,0,0,0
0,4.4444,0,0,0
0,10,0,0,0
0,10,0,0,0
0,10,0,0,0
0,10,0,0,0
0,0,0,0,0
0,0,0,0,0
6.2533,0,0,0.31266,0
0,0,0,0,0
0,0,0,0,0
0,0,0,0,0
0,0,0,0,0
0,0,0,0,0
0,0,0,0,0
0,0,0,0,0
0,0,0,0,0
0,0,0,0,0
0,0,0,0,0
10,0,0,0,0
10,0,0,0,0
10,0,0,0,0
0,0,0,0,0
0,0,0,0,0
0,10,0,0,0
0,10,0,0,0
0,10,0,0,0
0,10,0,0,0
0,4.4444,0,0,0
0,0,0,0,0
0,0,0,0,0
0,0,0,0,0
0,0,0,0,0
0,0,0,0,0
0,0,0,0,0
0,0,0,0,0
0,0,0,0,0
0,0,0,0,0
0,0,0,0,0
9.7265,0,0,0.48633,0
6.0221,0,0,0,39.779
0,0,0,0,0
0,0,0,0,0
0,0,0,0,0
0,0,0,0,0
0,0,0,0,0
0,0,0,0,0
0,0,0,0,0
0,0,0,0,0
0,0,0,0,0
0,0,0,0,0
0,0,0,0,0
0,0,0,0,0
0,0,0,0,0
0,0,0,0,0
0,0,0,0,0
0,0,0,0,0
0,0,0,0,0
0,0,0,0,0
0,0,0,0,0
0,0,0,0,0
0,0,0,0,0
0,0,0,0,0
0,0,0,0,0
0,0,0,0,0
0,0,0,0,0
0,0,0,0,0
0,0,0,0,0
0,0,0,0,0
0,0,0,0,0
0,0,0,0,0
0,0,0,0,0
0,0,0,0,0
0,0,0,0,0
0,0,0,0,0
0,0,0,0,0
0,0,0,0,0
0,0,0,0,0
0,0,0,0,0
0,0,0,0,0
0,0,0,0,0
0,0,0,0,0
0,0,0,0,0
0,0,0,0,0
0,0,0,0,0
0,0,0,0,0
0,0,0,0,0
0,0,0,0,0
0,0,0,0,0
0,0,0,0,0
0,0,0,0,0
0,0,0,0,0
0,0,0,0,0
0,0,0,0,0
0,0,0,0,0
0,0,0,0,0
0,0,0,0,0
0,0,0,0,0
0,0,0,0,0
0,0,0,0,0
0,0,0,0,0
0,0,0,0,0
0,0,0,0,0
0,0,0,0,0
0,0,0,0,0
0,0,0,0,0
0,0,0,0,0
0,0,0,0,0
0,0,0,0,0
0,0,0,0,0
0,0,0,0,0
0,0,0,0,0
0,0,0,0,0
0,0,0,0,0
0,0,0,0,0
0,0,0,0,0
0,0,0,0,0
0,0,0,0,0
0,0,0,0,0
0,0,0,0,0
0,0,0,0,0
0,10,0,0,0
0,10,0,0,0
0,10,0,0,0
0,10,0,0,0
0,4.4444,0,0,0
0,0,0,0,0
0,0,0,0,0
0,0,0,0,0
0,0,0,0,0
0,0,0,0,0
10,0,0,0.5,0
10,0,0,0.5,0
7.5195,0,0,0.37598,0
0,0,0,0,0
10,0,0,0.5,0
0,0,0,0,0
0,0,0,0,0
0,1.8457,0,0,0
0,10,0,0,0
10,0,0,0.5,0
0,0,0,0,0
0,0,0,0,0
0,0,0,0,0
0,0,0,0,0
0,10,0,0,0
0,10,0,0,0
0,10,0,0,0
0,10,0,0,0
0,4.4444,0,0,0
0,0,0,0,0
0,0,0,0,0
0,0,0,0,0
0,0,0,0,0
10,0,0,0.5,0
10,0,0,0.5,0
0,0,0,0,0
0,0,0,0,0
0,0,0,0,0
0,2.9383,0,0,0
0,0,0,0,0
0,0,0,0,0
0,0,0,0,0
0,0,0,0,0
10,0,0,0.5,0
10,0,0,0.5,0
0,0,0,0,0
0,0,0,0,0
0,4.4444,0,0,0
0,10,0,0,0
0,10,0,0,0
0,10,0,0,0
0,10,0,0,0
0,0,0,0,0
0,0,0,0,0
0,0,0,0,0
0,0,0,0,0
0,0,0,0,0
0,0,0,0,0
0,0,0,0,0
0,0,0,0,0
0,0,0,0,0
0,0,0,0,0
0,0,0,0,0
0,0,0,0,0
6,0,0,0,0
0,0,0,0,0
10,0,0,0,0
10,0,0,0,0
10,0,0,0,0
0,0,0,0,0
0,0,0,0,0
0,10,0,0,0
0,10,0,0,0
0,10,0,0,0
0,10,0,0,0
0,4.4444,0,0,0
0,0,0,0,0
0,0,0,0,0
0,0,0,0,0
0,0,0,0,0
0,0,0,0,0
0,0,0,0,0
0,0,0,0,0
0,0,0,0,0
0,0,0,0,0
0,0,0,0,0
10,0,0,0.5,0
10,0,0,0.5,0
7.5195,0,0,0.37598,0
0,0,0,0,0
0,0,0,0,0
10,0,0,0.5,0
0,0,0,0,0
0,0,0,0,0
0,0,0,0,0
0,4.4444,0,0,0
0,10,0,0,0
0,10,0,0,0
0,10,0,0,0
0,10,0,0,0
0,0,0,0,0
0,0,0,0,0
0,0,0,0,0
0,0,0,0,0
0,0,0,0,0
0,0,0,0,0
0,0,0,0,0
0,0,0,0,0
0,0,0,0,0
10,0,0,0.5,0
10,0,0,0.5,0
10,0,0,0.5,0
7.5195,0,0,0.37598,0
0,0,0,0,0
0,10,0,0,0
8.4419,0,0,0.42209,0
0,0,0,0,0
0,0,0,0,0
0,0,0,0,0
0,4.4444,0,0,0
0,10,0,0,0
0,10,0,0,0
0,10,0,0,0
0,10,0,0,0
0,0,0,0,0
0,0,0,0,0
0,0,0,0,0
0,0,0,0,0
0,0,0,0,0
0,0,0,0,0
0,0,0,0,0
6,0,0,0,0
10,0,0,0,0
0,0,0,0,0
0,0,0,0,0
10,0,0,0,0
0,0,0,0,0
0,0,0,0,0
0,0,0,0,0
10,0,0,0,0
0,0,0,0,0
0,0,0,0,0
0,0,0,0,0
0,4.4444,0,0,0
0,10,0,0,0
0,10,0,0,0
0,10,0,0,0
0,10,0,0,0
0,0,0,0,0
0,0,0,0,0
0,0,0,0,0
0,0,0,0,0
0,0,0,0,0
0,0,0,0,0
0,0,0,0,0
5.3547,0,0,0,0
10,0,0,0,0
0,0,0,0,0
0,0,0,0,0
0,0,0,0,0
0,0,0,0,0
0,0,0,0,39.779
0,0,0,0,0
0,0,0,0,0
0,0,0,0,0
0,0,0,0,0
0,0,0,0,0
0,0,0,0,0
0,10,0,0,0
0,10,0,0,0
0,10,0,0,0
0,10,0,0,0
0,4.4444,0,0,0
0,0,0,0,0
0,0,0,0,0
0,0,0,0,0
0,0,0,0,0
10,0,0,0,0
5.3547,0,0,0,0
0,0,0,0,0
0,0,0,0,39.779
0,0,0,0,0
0,0,0,0,0
0,0,0,0,0
0,0,0,0,0
0,0,0,0,0
0,0,0,0,0
0,0,0,0,0
0,0,0,0,0
0,0,0,0,0
0,0,0,0,0
0,0,0,0,0
0,0,0,0,0
0,0,0,0,0
0,0,0,0,0
0,0,0,0,0
0,0,0,0,0
0,0,0,0,0
0,0,0,0,0
0,0,0,0,0
0,0,0,0,0
0,0,0,0,0
0,0,0,0,0
0,0,0,0,0
0,0,0,0,0
0,0,0,0,0
0,0,0,0,0
0,0,0,0,0
0,0,0,0,0
0,0,0,0,0
0,0,0,0,0
0,0,0,0,0
0,0,0,0,0
0,0,0,0,0
0,0,0,0,0
0,0,0,0,0
0,0,0,0,0
0,0,0,0,0
0,0,0,0,0
0,0,0,0,0
0,0,0,0,0
0,0,0,0,0
0,0,0,0,0
0,0,0,0,0
0,0,0,0,0
0,0,0,0,0
0,0,0,0,0
0,0,0,0,0
0,0,0,0,0
0,0,0,0,0
0,0,0,0,0
0,0,0,0,0
0,0,0,0,0
0,0,0,0,0
0,0,0,0,0
0,0,0,0,0
0,0,0,0,0
0,0,0,0,0
0,0,0,0,0
0,0,0,0,0
0,0,0,0,0
0,0,0,0,0
0,0,0,0,0
0,0,0,0,0
0,0,0,0,0
0,0,0,0,0
0,0,0,0,0
0,0,0,0,0
0,0,0,0,0
0,0,0,0,0
0,0,0,0,0
0,0,0,0,0
0,0,0,0,0
0,0,0,0,0
0,0,0,0,0
0,0,0,0,0
0,0,0,0,0
0,0,0,0,0
0,0,0,0,0
0,0,0,0,0
0,0,0,0,0
0,0,0,0,0
0,0,0,0,0
0,0,0,0,0
0,0,0,0,0
0,0,0,0,0
0,0,0,0,0
0,0,0,0,0
0,0,0,0,0
0,0,0,0,0
0,0,0,0,0
0,0,0,0,0
0,0,0,0,0
0,0,0,0,0
0,0,0,0,0
0,0,0,0,0
0,0,0,0,0
0,0,0,0,0
0,0,0,0,0
0,0,0,0,0
0,0,0,0,0
0,0,0,0,0
0,0,0,0,0
0,0,0,0,0
0,0,0,0,0
0,0,0,0,0
0,0,0,0,0
0,0,0,0,0
0,0,0,0,0
0,0,0,0,0
0,0,0,0,0
0,0,0,0,0
0,0,0,0,0
0,0,0,0,0
0,0,0,0,0
0,0,0,0,0
0,0,0,0,0
0,0,0,0,0
0,0,0,0,0
0,0,0,0,0
0,0,0,0,0
0,0,0,0,0
0,0,0,0,0
0,0,0,0,0
0,0,0,0,0
0,0,0,0,0
0,0,0,0,0
0,0,0,0,0
0,0,0,0,0
0,0,0,0,0
0,0,0,0,0
0,0,0,0,0
0,0,0,0,0
0,0,0,0,0
0,0,0,0,0
0,0,0,0,0
0,0,0,0,0
0,0,0,0,0
0,0,0,0,0
0,0,0,0,0
0,0,0,0,0
0,0,0,0,0
0,0,0,0,0
0,0,0,0,0
0,0,0,0,0
0,0,0,0,0
0,0,0,0,0
0,0,0,0,0
0,0,0,0,0
0,0,0,0,0
0,0,0,0,0
0,0,0,0,0
0,0,0,0,0
0,0,0,0,0
0,0,0,0,0
0,0,0,0,0
0,10,0,0,0
0,10,0,0,0
0,10,0,0,0
0,10,0,0,0
0,4.4444,0,0,0
10,0,0,0.5,0
0,0,0,0,0
0,0,0,0,0
0,0,0,0,0
10,0,0,0.5,0
10,0,0,0.5,0
7.5195,0,0,0.37598,0
0,0,0,0,0
0,0,0,0,0
0,0,0,0,0
0,0,0,0,0
0,0,0,0,0
0,0,0,0,0
0,10,0,0,0
8.4419,0,0,0.42209,0
0,0,0,0,0
0,0,0,0,0
0,0,0,0,0
0,0,0,0,0
0,4.4444,0,0,0
0,10,0,0,0
0,10,0,0,0
0,10,0,0,0
0,10,0,0,0
0,0,0,0,0
0,0,0,0,0
0,0,0,0,0
0,0,0,0,0
0,0,0,0,0
10,0,0,0,0
6,0,0,0,0
0,0,0,0,0
0,0,0,0,0
0,0,0,0,0
0,0,0,0,0
0,0,0,0,0
0,0,0,0,0
0,0,0,0,0
10,0,0,0,0
10,0,0,0,0
0,0,0,0,0
0,0,0,0,0
0,0,0,0,0
0,0,0,0,0
0,10,0,0,0
0,10,0,0,0
0,10,0,0,0
0,10,0,0,0
0,4.4444,0,0,0
0,0,0,0,0
0,0,0,0,0
0,0,0,0,0
0,0,0,0,0
0,0,0,0,0
0,0,0,0,0
0,0,0,0,0
0,0,0,0,0
0,0,0,0,0
0,0,0,0,0
0,0,0,0,0
6,0,0,0,0
10,0,0,0,0
10,0,0,0,0
10,0,0,0,0
0,0,0,0,0
0,0,0,0,0
0,4.4444,0,0,0
0,10,0,0,0
0,10,0,0,0
0,10,0,0,0
0,10,0,0,0
0,0,0,0,0
0,0,0,0,0
0,0,0,0,0
0,0,0,0,0
0.63293,0,0,0,0
7.8122,0,0,0,21.878
0,0,0,0,0
0,0,0,0,0
0,0,0,0,0
10,0,0,0.5,0
0,0,0,0,0
0,0,0,0,0
0,0,0,0,0
0,0,0,0,0
0,0,0,0,0
6.605,0,0,0,0
0,0,0,0,0
0,0,0,0,0
0,0,0,0,0
0,0,0,0,0
0,0,0,0,0
0,10,0,0,0
0,10,0,0,0
0,0,0,0,0
0,0,0,0,0
0,0,0,0,0
0,0,0,0,0
0,0,0,0,0
0,0,0,0,0
0,0,0,0,0
0,0,0,0,0
6.2,0,0,0,0
0,0,0,0,0
0,0,0,0,0
0,0,0,0,0
0,0,0,0,0
0,0,0,0,0
0,0,0,0,0
0,0,0,0,0
10,0,0,0,0
0,0,0,0,0
0,0,0,0,0
0,0,0,0,0
0,0,0,0,0
0,0,0,0,0
0,10,0,0,0
0,10,0,0,0
0,0,0,0,0
0,0,0,0,0
0,0,0,0,0
0,0,0,0,0
0,0,0,0,0
0,0,0,0,0
0,0,0,0,0
0,0,0,0,0
0,0,0,0,0
7.2013,0,0,0.36006,0
0,0,0,0,0
0,0,0,0,0
0,0,0,0,0
0,0,0,0,17.901
0,0,0,0,0
0,0,0,0,0
0,0,0,0,0
0,0,0,0,0
0,0,0,0,0
0,0,0,0,0
0,0,0,0,0
0,0,0,0,0
0,0,0,0,0
0,0,0,0,0
0,0,0,0,0
0,0,0,0,0
0,0,0,0,0
0,0,0,0,0
0,0,0,0,0
0,0,0,0,0
0,0,0,0,0
0,0,0,0,0
0,0,0,0,0
0,0,0,0,0
0,0,0,0,0
0,0,0,0,0
0,0,0,0,0
0,0,0,0,0
0,0,0,0,0
0,0,0,0,0
0,0,0,0,0
0,0,0,0,0
0,0,0,0,0
0,0,0,0,0
0,0,0,0,0
0,10,0,0,0
0,10,0,0,0
0,10,0,0,0
0,10,0,0,0
0,4.4444,0,0,0
0,0,0,0,0
0,0,0,0,0
0,0,0,0,0
0,0,0,0,0
10,0,0,0,0
10,0,0,0,0
10,0,0,0,0
0,0,0,0,0
6,0,0,0,0
0,0,0,0,0
0,0,0,0,0
0,0,0,0,0
0,0,0,0,0
0,0,0,0,0
0,0,0,0,0
0,0,0,0,0
0,0,0,0,0
0,0,0,0,0
0,0,0,0,0
0,0,0,0,0
0,10,0,0,0
0,10,0,0,0
0,10,0,0,0
0,10,0,0,0
0,4.4444,0,0,0
0,0,0,0,0
0,0,0,0,0
0,0,0,0,0
6,0,0,0,0
10,0,0,0,0
0,0,0,0,0
0,0,0,0,0
0,0,0,0,0
0,0,0,0,0
0,0,0,0,0
0,0,0,0,0
0,0,0,0,0
0,0,0,0,0
10,0,0,0,0
10,0,0,0,0
0,0,0,0,0
0,0,0,0,0
0,0,0,0,0
0,0,0,0,0
0,10,0,0,0
0,10,0,0,0
0,10,0,0,0
0,10,0,0,0
0,4.4444,0,0,0
0,0,0,0,0
0,0,0,0,0
0,0,0,0,0
0,0,0,0,0
0,0,0,0,0
0,0,0,0,0
0,0,0,0,0
0,0,0,0,0
0,0,0,0,0
0,0,0,0,0
0,0,0,0,0
0,0,0,0,0
10,0,0,0,0
10,0,0,0,0
10,0,0,0,0
6,0,0,0,0
0,4.4444,0,0,0
0,10,0,0,0
0,10,0,0,0
0,10,0,0,0
0,10,0,0,0
0,0,0,0,0
0,0,0,0,0
10,0,0,0.5,0
10,0,0,0.5,0
6.81,0,0,0,0
0,0,0,0,0
0,0,0,0,0
0,0,0,0,0
0,0,0,0,0
0,0,0,0,0
0,0,0,0,0
0,0,0,0,0
0,0,0,0,0
0,0,0,0,0
0,0,0,0,0
0,0,0,0,0
10,0,0,0,0
0,0,0,0,0
0,0,0,0,0
0,0,0,0,0
0,0,0,0,0
0,10,0,0,0
0,10,0,0,0
0,10,0,0,0
0,2.9227,0,0,0
0,0,0,0,0
6.0221,0,0,0,39.779
0,0,0,0,0
0,0,0,0,0
0,0,0,0,0
0,0,0,0,0
0,0,0,0,0
0,0,0,0,0
0,0,0,0,0
0,0,0,0,0
0,0,0,0,0
0,0,0,0,0
0,0,0,0,0
0,0,0,0,0
0,0,0,0,0
0,0,0,0,0
0,0,0,0,0
0,0,0,0,0
0,0,0,0,0
0,0,0,0,0
0,0,0,0,0
0,0,0,0,0
0,0,0,0,0
0,0,0,0,0
0,0,0,0,0
0,0,0,0,0
0,0,0,0,0
0,0,0,0,0
0,0,0,0,0
0,0,0,0,0
0,0,0,0,0
0,0,0,0,0
0,0,0,0,0
0,0,0,0,0
0,0,0,0,0
0,0,0,0,0
0,0,0,0,0
0,0,0,0,0
0,0,0,0,0
0,0,0,0,0
0,0,0,0,0
0,0,0,0,0
0,0,0,0,0
0,0,0,0,0
0,0,0,0,0
0,0,0,0,0
0,0,0,0,0
0,0,0,0,0
0,0,0,0,0
0,0,0,0,0
0,0,0,0,0
0,0,0,0,0
0,0,0,0,0
0,0,0,0,0
0,0,0,0,0
0,0,0,0,0
0,0,0,0,0
0,0,0,0,0
0,0,0,0,0
0,0,0,0,0
0,0,0,0,0
0,0,0,0,0
0,0,0,0,0
0,0,0,0,0
0,0,0,0,0
0,0,0,0,0
0,0,0,0,0
0,0,0,0,0
0,10,0,0,0
0,10,0,0,0
0,10,0,0,0
0,10,0,0,0
0,4.4444,0,0,0
0,0,0,0,0
0,0,0,0,0
0,0,0,0,0
0,0,0,0,0
0,0,0,0,0
10,0,0,0.5,0
10,0,0,0.5,0
10,0,0,0,0
6.81,0,0,0,0
0,0,0,0,0
0,0,0,0,0
0,0,0,0,0
0,0,0,0,0
0,0,0,0,0
0,0,0,0,0
0,0,0,0,0
0,0,0,0,0
0,0,0,0,0
0,0,0,0,0
0,5.679,0,0,0
0,10,0,0,0
0,10,0.5,0,0
0,10,0,0,0
0,10,0.5,0,0
0,0,0,0,0
0,0,0,0,0
0,0,0,0,0
10,0,0,0,0
6,0,0,0,0
0,0,0,0,0
10,0,0,0,0
0,0,0,0,0
0,0,0,0,0
0,0,0,0,0
10,0,0,0,0
0,0,0,0,0
0,0,0,0,0
0,0,0,0,0
0,0,0,0,0
0,0,0,0,0
0,0,0,0,0
0,0,0,0,0
0,0,0,0,0
0,0,0,0,0
0,10,0,0,0
0,10,0,0,0
0,10,0,0,0
0,10,0,0,0
0,4.4444,0,0,0
0,0,0,0,0
0,0,0,0,0
0,0,0,0,0
0,0,0,0,0
0,0,0,0,0
0,0,0,0,0
0,0,0,0,0
0,0,0,0,0
0,0,0,0,0
0,0,0,0,0
0,0,0,0,0
6,0,0,0,0
10,0,0,0,0
10,0,0,0,0
10,0,0,0,0
0,0,0,0,0
0,0,0,0,0
0,10,0,0,0
0,4.4444,0,0,0
0,10,0,0,0
0,10,0,0,0
0,10,0,0,0
0,0,0,0,0
0,0,0,0,0
0,0,0,0,0
0,0,0,0,0
0,0,0,0,0
0,0,0,0,0
0,0,0,0,0
0,0,0,0,0
0,0,0,0,0
0,0,0,0,0
0,0,0,0,0
10,0,0,0,0
10,0,0,0,0
10,0,0,0,0
0,0,0,0,0
6,0,0,0,0
0,0,0,0,0
0,0,0,0,0
0,0,0,0,0
0,4.4444,0,0,0
0,10,0,0,0
0,10,0,0,0
0,10,0,0,0
0,10,0,0,0
0,0,0,0,0
0,0,0,0,0
0,0,0,0,0
0,0,0,0,0
0,0,0,0,0
0,0,0,0,0
0,0,0,0,0
0,0,0,0,0
0,0,0,0,0
6,0,0,0,0
10,0,0,0,0
10,0,0,0,0
10,0,0,0,0
0,0,0,0,0
0,0,0,0,0
0,0,0,0,0
0,0,0,0,0
0,0,0,0,0
0,0,0,0,0
0,0,0,0,0
0,10,0,0,0
0,10,0,0,0
0,10,0,0,0
0,10,0,0,0
0,4.4444,0,0,0
0,0,0,0,0
0,0,0,0,0
0,0,0,0,0
0,0,0,0,0
0,0,0,0,0
0,0,0,0,0
0,0,0,0,0
0,0,0,0,0
6.6754,0,0,0.33377,0
10,0,0,0.5,0
10,0,0,0,0
10,0,0,0,0
0,0,0,0,0
0,0,0,0,0
0,0,0,0,0
0,0,0,0,0
0,0,0,0,0
0,0,0,0,0
0,0,0,0,0
0,10,0,0,0
0,10,0,0,0
0,10,0,0,0
0,10,0,0,0
0,4.4444,0,0,0
0,0,0,0,0
0,0,0,0,0
0,0,0,0,0
0,0,0,0,0
0,0,0,0,0
0,0,0,0,0
0,0,0,0,0
0,0,0,0,0
0,0,0,0,0
7.9424,0,0,0,20.576
7.4123,0,0,0,19.203
0,0,0,0,0
0,0,0,0,0
0,0,0,0,0
0,0,0,0,0
0,0,0,0,0
0,0,0,0,0
0,0,0,0,0
0,0,0,0,0
0,10,0,0,0
0,10,0,0,0
0,10,0,0,0
0,10,0,0,0
0,4.4444,0,0,0
0,0,0,0,0
0,0,0,0,0
0,0,0,0,0
0,0,0,0,0
0,0,0,0,0
0,0,0,0,0
0,0,0,0,0
0,0,0,0,0
10,0,0,0.5,0
10,0,0,0.5,0
10,0,0,0,0
6.81,0,0,0,0
0,0,0,0,0
0,0,0,0,0
0,0,0,0,0
0,0,0,0,0
0,0,0,0,0
0,0,0,0,0
0,0,0,0,0
0,0,0,0,0
0,4.4444,0,0,0
0,10,0,0,0
0,10,0,0,0
0,10,0,0,0
0,10,0,0,0
0,0,0,0,0
0,0,0,0,0
0,0,0,0,0
0,0,0,0,0
0,0,0,0,0
0,0,0,0,0
0,0,0,0,0
6.405,0,0,0,0
10,0,0,0.5,0
10,0,0,0,0
10,0,0,0,0
0,0,0,0,0
0,0,0,0,0
0,0,0,0,0
0,0,0,0,0
0,0,0,0,0
0,0,0,0,0
0,0,0,0,0
0,0,0,0,0
0,0,0,0,0
0,10,0,0,0
0,10,0,0,0
0,10,0,0,0
0,10,0,0,0
0,4.4444,0,0,0
0,0,0,0,0
0,0,0,0,0
0,0,0,0,0
0,0,0,0,0
0,0,0,0,0
0,0,0,0,0
6,0,0,0,0
10,0,0,0,0
10,0,0,0,0
10,0,0,0,0
0,0,0,0,0
0,0,0,0,0
0,0,0,0,0
0,0,0,0,0
0,0,0,0,0
0,0,0,0,0
0,0,0,0,0
0,0,0,0,0
0,4.4444,0,0,0
0,10,0,0,0
0,10,0,0,0
0,10,0,0,0
0,10,0,0,0
0,0,0,0,0
0,0,0,0,0
0,0,0,0,0
0,0,0,0,0
0,0,0,0,0
0,0,0,0,0
0,0,0,0,0
0,0,0,0,0
6,0,0,0,0
10,0,0,0,0
10,0,0,0,0
0,0,0,0,0
0,0,0,0,0
10,0,0,0,0
0,0,0,0,0
0,0,0,0,0
0,0,0,0,0
0,0,0,0,0
0,4.4444,0,0,0
0,10,0,0,0
0,10,0,0,0
0,10,0,0,0
0,10,0,0,0
0,0,0,0,0
0,0,0,0,0
0,0,0,0,0
0,0,0,0,0
0,0,0,0,0
0,0,0,0,0
0,0,0,0,0
0,0,0,0,0
6,0,0,0,0
10,0,0,0,0
10,0,0,0,0
10,0,0,0,0
0,0,0,0,0
0,0,0,0,0
0,0,0,0,0
0,0,0,0,0
0,0,0,0,0
0,0,0,0,0
0,0,0,0,0
0,5.3947,0.26974,0,0
0,10,0,0,0
0,10,0,0,0
0,10,0,0,0
0,10,0.5,0,0
0,0,0,0,0
0,0,0,0,0
0,0,0,0,0
0,0,0,0,0
0,0,0,0,0
0,0,0,0,0
0,0,0,0,0
0,0,0,0,0
6,0,0,0,0
10,0,0,0,0
10,0,0,0,0
10,0,0,0,0
0,0,0,0,0
0,0,0,0,0
0,0,0,0,0
0,0,0,0,0
0,0,0,0,0
0,0,0,0,0
0,0,0,0,0
0,10,0,0,0
0,10,0,0,0
0,10,0,0,0
0,10,0,0,0
0,4.4444,0,0,0
0,0,0,0,0
0,0,0,0,0
0,0,0,0,0
0,0,0,0,0
0,0,0,0,0
0,0,0,0,0
0,0,0,0,0
0,0,0,0,0
0,0,0,0,0
10,0,0,0,0
10,0,0,0,0
7.5315,0,0,0,0
0,0,0,0,0
0,10,0.5,0,0
0,6.0221,0.3011,0,39.779
0,0,0,0,0
0,0,0,0,0
0,0,0,0,0
0,0,0,0,0
0,10,0,0,0
0,10,0,0,0
0,10,0,0,0
0,10,0,0,0
0,4.4444,0,0,0
0,0,0,0,0
0,0,0,0,0
0,0,0,0,0
0,0,0,0,0
0,0,0,0,0
0,0,0,0,0
0,0,0,0,0
6.405,0,0,0,0
10,0,0,0.5,0
10,0,0,0,0
10,0,0,0,0
0,0,0,0,0
0,0,0,0,0
0,0,0,0,0
0,0,0,0,0
0,0,0,0,0
0,0,0,0,0
0,0,0,0,0
0,0,0,0,0
0,0,0,0,0
0,4.4444,0,0,0
0,10,0,0,0
0,10,0,0,0
0,10,0,0,0
0,10,0,0,0
0,0,0,0,0
0,0,0,0,0
0,0,0,0,0
0,0,0,0,0
0,0,0,0,0
0,0,0,0,0
0,0,0,0,0
6.2533,0,0,0.31266,0
10,0,0,0,0
10,0,0,0,0
10,0,0,0,0
0,0,0,0,0
0,0,0,0,0
0,0,0,0,0
0,0,0,0,0
0,0,0,0,0
0,0,0,0,0
0,0,0,0,0
0,0,0,0,0
0,4.4444,0,0,0
0,10,0,0,0
0,10,0,0,0
0,10,0,0,0
0,10,0,0,0
0,0,0,0,0
0,0,0,0,0
0,0,0,0,0
0,0,0,0,0
0,0,0,0,0
0,0,0,0,0
10,0,0,0,0
10,0,0,0,0
10,0,0,0,0
6,0,0,0,0
0,0,0,0,0
0,0,0,0,0
0,0,0,0,0
0,0,0,0,0
0,0,0,0,0
0,0,0,0,0
0,0,0,0,0
0,0,0,0,0
0,10,0,0,0
0,10,0,0,0
0,10,0,0,0
0,10,0,0,0
0,4.4444,0,0,0
0,0,0,0,0
0,0,0,0,0
0,0,0,0,0
0,0,0,0,0
0,0,0,0,0
0,0,0,0,0
0,0,0,0,0
6.2533,0,0,0.31266,0
10,0,0,0,0
10,0,0,0,0
10,0,0,0,0
0,0,0,0,0
0,0,0,0,0
0,0,0,0,0
0,0,0,0,0
0,0,0,0,0
0,0,0,0,0
0,0,0,0,0
0,0,0,0,0
0,10,0,0,0
0,10,0,0,0
0,10,0,0,0
0,10,0,0,0
0,4.4444,0,0,0
0,0,0,0,0
0,0,0,0,0
0,0,0,0,0
0,0,0,0,0
0,0,0,0,0
0,0,0,0,0
0,0,0,0,0
10,0,0,0,0
7.0974,0,0,0.35487,0
10,0,0,0.5,0
10,0,0,0.5,0
0,0,0,0,0
0,0,0,0,0
0,0,0,0,0
0,0,0,0,0
0,0,0,0,0
0,0,0,0,0
0,0,0,0,0
0,4.4444,0,0,0
0,10,0,0,0
0,10,0,0,0
0,10,0,0,0
0,10,0,0,0
0,0,0,0,0
0,0,0,0,0
0,0,0,0,0
0,0,0,0,0
0,0,0,0,0
0,0,0,0,0
0,0,0,0,0
0,0,0,0,0
10,0,0,0.5,0
10,0,0,0.5,0
10,0,0,0.5,0
7.5195,0,0,0.37598,0
0,0,0,0,0
0,0,0,0,0
0,0,0,0,0
0,0,0,0,0
0,0,0,0,0
0,0,0,0,0
0,0,0,0,0
0,4.4444,0,0,0
0,10,0,0,0
0,10,0,0,0
0,10,0,0,0
0,10,0,0,0
0,0,0,0,0
0,0,0,0,0
0,0,0,0,0
0,0,0,0,0
0,0,0,0,0
0,0,0,0,0
0,0,0,0,0
0,0,0,0,0
0,0,0,0,0
0,0,0,0,0
10,0,0,0.5,0
10,0,0,0.5,0
10,0,0,0,0
0,0,0,0,0
0,1.0585,0,0,0
0,0,0,0,0
0,0,0,0,0
0,10,0,0,0
0,6.0221,0,0,39.779
0,0,0,0,0
0,10,0,0,0
0,10,0,0,0
0,10,0,0,0
0,10,0,0,0
0,4.4444,0,0,0
0,0,0,0,0
0,0,0,0,0
0,0,0,0,0
0,0,0,0,0
0,0,0,0,0
0,0,0,0,0
0,0,0,0,0
0,0,0,0,0
6.6754,0,0,0.33377,0
10,0,0,0.5,0
10,0,0,0,0
10,0,0,0,0
0,0,0,0,0
0,0,0,0,0
0,0,0,0,0
0,0,0,0,0
0,0,0,0,0
0,0,0,0,0
0,0,0,0,0
0,0,0,0,0
0,4.7368,0.23684,0,0
0,10,0,0,0
0,10,0,0,0
0,10,0,0,0
0,10,0,0,0
0,0,0,0,0
0,0,0,0,0
0,0,0,0,0
0,0,0,0,0
0,0,0,0,0
0,0,0,0,0
0,0,0,0,0
6,0,0,0,0
10,0,0,0,0
10,0,0,0,0
10,0,0,0,0
0,0,0,0,0
0,0,0,0,0
0,0,0,0,0
0,0,0,0,0
0,0,0,0,0
0,0,0,0,0
0,0,0,0,0
0,0,0,0,0
0,4.4444,0,0,0
0,10,0,0,0
0,10,0,0,0
0,10,0,0,0
0,10,0,0,0
0,0,0,0,0
0,0,0,0,0
0,0,0,0,0
0,0,0,0,0
0,0,0,0,0
0,0,0,0,0
0,0,0,0,0
7.5195,0,0,0.37598,0
10,0,0,0.5,0
10,0,0,0.5,0
10,0,0,0.5,0
0,0,0,0,0
0,0,0,0,0
0,0,0,0,0
0,0,0,0,0
0,0,0,0,0
0,0,0,0,0
0,0,0,0,0
0,10,0,0,0
0,10,0,0,0
0,10,0,0,0
0,10,0,0,0
0,4.4444,0,0,0
0,0,0,0,0
0,0,0,0,0
0,0,0,0,0
0,0,0,0,0
0,0,0,0,0
0,0,0,0,0
0,0,0,0,0
0,0,0,0,0
0,0,0,0,0
10,0,0,0.5,0
10,0,0,0.5,0
10,0,0,0.5,0
7.5195,0,0,0.37598,0
0,0,0,0,0
0,0,0,0,0
0,0,0,0,0
0,0,0,0,0
0,0,0,0,0
0,0,0,0,0
0,10,0,0,0
0,10,0,0,0
0,10,0,0,0
0,10,0,0,0
0,4.4444,0,0,0
0,0,0,0,0
0,0,0,0,0
0,0,0,0,0
0,0,0,0,0
0,0,0,0,0
0,0,0,0,0
0,0,0,0,0
0,0,0,0,0
0,0,0,0,0
10,0,0,0.5,0
10,0,0,0.5,0
10,0,0,0.5,0
7.215,0,0,0,0
0,0,0,0,0
0,0,0,0,0
0,0,0,0,0
0,0,0,0,0
0,0,0,0,0
0,0,0,0,0
0,10,0,0,0
0,10,0,0,0
0,10,0,0,0
0,10,0,0,0
0,4.4444,0,0,0
0,0,0,0,0
0,0,0,0,0
0,0,0,0,0
0,0,0,0,0
0,0,0,0,0
0,0,0,0,0
0,0,0,0,0
3.9624,0,0,0,0
7.1271,0,0,0,28.729
0,0,0,0,0
10,0,0,0,0
0,0,0,0,0
0,0,0,0,0
0,0,0,0,0
0,0,0,0,0
0,0,0,0,0
0,0,0,0,0
0,0,0,0,0
0,0,0,0,0
0,0,0,0,0
0,0,0,0,0
0,10,0,0,0
0,2.3457,0,0,0
0,0,0,0,0
0,0,0,0,0
0,0,0,0,0
4.2652,0,0,0,11.05
0,0,0,0,0
0,0,0,0,0
0,0,0,0,0
0,0,0,0,0
0,0,0,0,0
0,0,0,0,0
0,0,0,0,0
0,0,0,0,0
0,0,0,0,0
0,0,0,0,0
0,0,0,0,0
0,0,0,0,0
0,0,0,0,0
0,0,0,0,0
0,0,0,0,0
0,0,0,0,0
0,4.4444,0,0,0
0,10,0,0,0
0,10,0,0,0
0,10,0,0,0
0,10,0,0,0
0,0,0,0,0
0,0,0,0,0
0,0,0,0,0
0,0,0,0,0
0,0,0,0,0
0,0,0,0,0
0,0,0,0,0
0,0,0,0,0
6,0,0,0,0
10,0,0,0,0
10,0,0,0,0
10,0,0,0,0
0,0,0,0,0
0,0,0,0,0
0,0,0,0,0
0,0,0,0,0
0,0,0,0,0
0,0,0,0,0
0,0,0,0,0
0,0,0,0,0
0,4.4444,0,0,0
0,10,0,0,0
0,10,0,0,0
0,10,0,0,0
0,10,0,0,0
0,0,0,0,0
0,0,0,0,0
0,0,0,0,0
0,0,0,0,0
0,0,0,0,0
0,0,0,0,0
0,0,0,0,0
0,0,0,0,0
10,0,0,0,0
10,0,0,0,0
10,0,0,0,0
6,0,0,0,0
0,0,0,0,0
0,0,0,0,0
0,0,0,0,0
0,0,0,0,0
0,0,0,0,0
0,0,0,0,0
0,0,0,0,0
0,4.4444,0,0,0
0,10,0,0,0
0,10,0,0,0
0,10,0,0,0
0,10,0,0,0
0,0,0,0,0
0,0,0,0,0
0,0,0,0,0
0,0,0,0,0
0,0,0,0,0
0,0,0,0,0
0,0,0,0,0
0,0,0,0,0
10,0,0,0,0
10,0,0,0,0
10,0,0,0,0
6,0,0,0,0
0,0,0,0,0
0,0,0,0,0
0,0,0,0,0
0,0,0,0,0
0,0,0,0,0
0,0,0,0,0
0,4.4444,0,0,0
0,10,0,0,0
0,10,0,0,0
0,10,0,0,0
0,10,0,0,0
0,0,0,0,0
0,0,0,0,0
0,0,0,0,0
0,0,0,0,0
0,0,0,0,0
0,0,0,0,0
0,0,0,0,0
0,0,0,0,0
7.5195,0,0,0.37598,0
10,0,0,0.5,0
10,0,0,0.5,0
10,0,0,0.5,0
0,0,0,0,0
0,0,0,0,0
0,0,0,0,0
0,0,0,0,0
0,0,0,0,0
0,0,0,0,0
0,0,0,0,0
0,4.4444,0,0,0
0,10,0,0,0
0,10,0,0,0
0,10,0,0,0
0,10,0,0,0
0,0,0,0,0
0,0,0,0,0
0,0,0,0,0
0,0,0,0,0
0,0,0,0,0
0,0,0,0,0
0,0,0,0,0
0,0,0,0,0
7.5195,0,0,0.37598,0
10,0,0,0.5,0
10,0,0,0.5,0
10,0,0,0.5,0
0,0,0,0,0
0,0,0,0,0
0,0,0,0,0
0,0,0,0,0
0,0,0,0,0
0,0,0,0,0
0,0,0,0,0
0,4.4444,0,0,0
0,10,0,0,0
0,10,0,0,0
0,10,0,0,0
0,10,0,0,0
0,0,0,0,0
0,0,0,0,0
0,0,0,0,0
0,0,0,0,0
0,0,0,0,0
0,0,0,0,0
0,0,0,0,0
0,0,0,0,0
7.5195,0,0,0.37598,0
10,0,0,0.5,0
10,0,0,0.5,0
10,0,0,0.5,0
0,0,0,0,0
0,0,0,0,0
0,0,0,0,0
0,0,0,0,0
0,0,0,0,0
0,0,0,0,0
0,0,0,0,0
0,4.4444,0,0,0
0,10,0,0,0
0,10,0,0,0
0,10,0,0,0
0,10,0,0,0
0,0,0,0,0
0,0,0,0,0
0,0,0,0,0
0,0,0,0,0
0,0,0,0,0
0,0,0,0,0
0,0,0,0,0
0,0,0,0,0
0,0,0,0,0
10,0,0,0,0
6.1814,0,0,0,38.186
0,0,0,0,0
0,0,0,0,0
0,0,0,0,0
0,0,0,0,0
0,0,0,0,0
0,0,0,0,0
0,0,0,0,0
0,0,0,0,0
0,4.4444,0,0,0
0,10,0,0,0
0,10,0,0,0
0,10,0,0,0
0,10,0,0,0
0,0,0,0,0
0,0,0,0,0
0,0,0,0,0
0,0,0,0,0
0,0,0,0,0
0,0,0,0,0
0,0,0,0,0
0,0,0,0,0
6,0,0,0,0
10,0,0,0,0
10,0,0,0,0
10,0,0,0,0
0,0,0,0,0
0,0,0,0,0
0,0,0,0,0
0,0,0,0,0
0,0,0,0,0
0,0,0,0,0
0,0,0,0,0
0,0,0,0,0
0,4.4444,0,0,0
0,10,0,0,0
0,10,0,0,0
0,10,0,0,0
0,10,0,0,0
0,0,0,0,0
0,0,0,0,0
0,0,0,0,0
0,0,0,0,0
0,0,0,0,0
0,0,0,0,0
0,0,0,0,0
0,0,0,0,0
3.9624,0,0,0,0
10,0,0,0,0
7.1271,0,0,0,28.729
0,0,0,0,0
0,0,0,0,0
0,0,0,0,0
0,0,0,0,0
0,0,0,0,0
0,0,0,0,0
0,0,0,0,0
0,0,0,0,0
0,0,0,0,0
0,0,0,0,0
0,0,0,0,0
0,2.5,0.125,0,0
0,10,0,0,0
0,0,0,0,0
0,0,0,0,0
0,0,0,0,0
0,0,0,0,0
0,0,0,0,0
0,0,0,0,0
0,0,0,0,0
0,0,0,0,0
0,0,0,0,0
0,0,0,0,0
10,0,0,0,0
0,0,0,0,0
0,0,0,0,0
0,0,0,0,0
0,0,0,0,0
0,0,0,0,0
0,0,0,0,0
0,0,0,0,0
0,0,0,0,0
0,0,0,0,0
0,10,0,0,0
0,2.3457,0,0,0
0,0,0,0,0
0,0,0,0,0
0,0,0,0,0
0,0,0,0,0
0,0,0,0,0
0,0,0,0,0
0,0,0,0,0
0,0,0,0,0
0,0,0,0,0
0,0,0,0,0
0,0,0,0,0
10,0,0,0.5,0
0.42209,0,0,0.021105,0
0,0,0,0,0
0,0,0,0,0
0,0,0,0,0
0,0,0,0,0
0,0,0,0,0
0,0,0,0,0
0,0,0,0,0
0,0,0,0,0
0,0,0,0,0
0,10,0,0,0
0,2.3457,0,0,0
0,0,0,0,0
0,0,0,0,0
0,0,0,0,0
0,0,0,0,0
0,0,0,0,0
0,0,0,0,0
0,0,0,0,0
0,0,0,0,0
0,0,0,0,0
0,0,0,0,0
0.405,0,0,0,0
10,0,0,0.5,0
0,0,0,0,0
0,0,0,0,0
0,0,0,0,0
0,0,0,0,0
0,0,0,0,0
0,0,0,0,0
0,0,0,0,0
0,0,0,0,0
0,0,0,0,0
0,0,0,0,0
0,10,0,0,0
0,2.3457,0,0,0
0,0,0,0,0
0,0,0,0,0
0,0,0,0,0
0,0,0,0,0
0,0,0,0,0
0,0,0,0,0
0,0,0,0,0
0,0,0,0,0
0,0,0,0,0
0,0,0,0,0
0,0,0,0,0
10,0,0,0,0
0,0,0,0,0
0,0,0,0,0
0,0,0,0,0
0,0,0,0,0
0,0,0,0,0
0,0,0,0,0
0,0,0,0,0
0,0,0,0,0
0,0,0,0,0
0,0,0,0,0
0,10,0,0,0
0,2.3457,0,0,0
0,0,0,0,0
0,0,0,0,0
0,0,0,0,0
0,0,0,0,0
0,0,0,0,0
0,0,0,0,0
0,0,0,0,0
0,0,0,0,0
0,0,0,0,0
0,0,0,0,0
0,0,0,0,0
10,0,0,0,0
0,0,0,0,0
0,0,0,0,0
0,0,0,0,0
0,0,0,0,0
0,0,0,0,0
0,7.08,0,0,11.05
0,0,0,0,0
0,0,0,0,0
0,4.4444,0,0,0
0,10,0,0,0
0,10,0,0,0
0,10,0,0,0
0,10,0,0,0
0,0,0,0,0
0,0,0,0,0
0,0,0,0,0
0,0,0,0,0
0,0,0,0,0
0,0,0,0,0
0,0,0,0,0
0,0,0,0,0
7.5195,0,0,0.37598,0
10,0,0,0.5,0
10,0,0,0.5,0
10,0,0,0.5,0
0,0,0,0,0
0,0,0,0,0
0,0,0,0,0
0,0,0,0,0
0,0,0,0,0
0,0,0,0,0
0,0,0,0,0
0,0,0,0,0
0,4.4444,0,0,0
0,10,0,0,0
0,10,0,0,0
0,10,0,0,0
0,10,0,0,0
0,0,0,0,0
0,0,0,0,0
0,0,0,0,0
0,0,0,0,0
0,0,0,0,0
0,0,0,0,0
0,0,0,0,0
0,0,0,0,0
10,0,0,0.5,0
10,0,0,0.5,0
10,0,0,0.5,0
7.5195,0,0,0.37598,0
0,0,0,0,0
0,0,0,0,0
0,0,0,0,0
0,0,0,0,0
0,0,0,0,0
0,0,0,0,0
0,0,0,0,0
0,0,0,0,0
0,10,0.5,0,0
0,10,0,0,0
0,10,0,0,0
0,10,0,0,0
0,5.0617,0,0,0
0,0,0,0,0
0,0,0,0,0
0,0,0,0,0
0,0,0,0,0
0,0,0,0,0
0,0,0,0,0
0,0,0,0,0
7.5195,0,0,0.37598,0
10,0,0,0.5,0
10,0,0,0.5,0
10,0,0,0.5,0
0,0,0,0,0
0,0,0,0,0
0,0,0,0,0
0,0,0,0,0
0,0,0,0,0
0,0,0,0,0
0,0,0,0,0
0,0,0,0,0
0,7.9304,0.39652,0,0
0,10,0.5,0,0
0,10,0.5,0,0
0,7.8122,0,0,21.878
0,0,0,0,0
0,0,0,0,0
0,0,0,0,0
0,0,0,0,0
0,0,0,0,0
0,0,0,0,0
0,0,0,0,0
0,0,0,0,0
0,0,0,0,0
6.8838,0,0,0.34419,0
10,0,0,0.5,0
0,0,0,0,0
0,0,0,0,0
0,0,0,0,0
0,0,0,0,0
0,0,0,0,0
0,0,0,0,0
0,0,0,0,0
0,0,0,0,0
0,0,0,0,0
0,10,0,0,0
0,10,0,0,0
0,0,0,0,0
0,0,0,0,0
0,0,0,0,0
0,0,0,0,0
0,0,0,0,0
0,0,0,0,0
0,0,0,0,0
0,0,0,0,0
0,0,0,0,0
0,0,0,0,0
0,0,0,0,0
10,0,0,0,0
6.2,0,0,0,0
0,0,0,0,0
0,0,0,0,0
0,0,0,0,0
0,0,0,0,0
0,0,0,0,0
0,0,0,0,0
0,0,0,0,0
0,0,0,0,0
0,0,0,0,0
0,10,0,0,0
0,10,0,0,0
0,0,0,0,0
0,0,0,0,0
0,0,0,0,0
0,0,0,0,0
0,0,0,0,0
0,0,0,0,0
0,0,0,0,0
0,0,0,0,0
0,0,0,0,0
0,0,0,0,0
3.2821,0,0,0.1641,0
10,0,0,0,0
0,0,0,0,0
0,8.2099,0.4105,0,17.901
0,0,0,0,0
0,0,0,0,0
0,0,0,0,0
0,0,0,0,0
0,0,0,0,0
0,0,0,0,0
0,0,0,0,0
0,0,0,0,0
0,0,0,0,0
0,0,0,0,0
0,0,0,0,0
0,0,0,0,0
0,0,0,0,0
0,0,0,0,0
0,0,0,0,0
0,0,0,0,0
0,0,0,0,0
0,0,0,0,0
0,0,0,0,0
0,0,0,0,0
0,0,0,0,0
0,0,0,0,0
0,0,0,0,0
0,0,0,0,0
0,0,0,0,0
0,0,0,0,0
0,0,0,0,0
0,0,0,0,0
0,0,0,0,0
0,0,0,0,0
0,4.4444,0,0,0
0,10,0,0,0
0,10,0,0,0
0,10,0,0,0
0,10,0,0,0
0,0,0,0,0
0,0,0,0,0
0,0,0,0,0
0,0,0,0,0
0,0,0,0,0
0,0,0,0,0
0,0,0,0,0
0,0,0,0,0
7.5195,0,0,0.37598,0
10,0,0,0.5,0
10,0,0,0.5,0
10,0,0,0.5,0
0,0,0,0,0
0,0,0,0,0
0,0,0,0,0
0,0,0,0,0
0,0,0,0,0
0,0,0,0,0
0,0,0,0,0
0,0,0,0,0
0,4.4444,0,0,0
0,10,0,0,0
0,10,0,0,0
0,10,0,0,0
0,10,0,0,0
0,0,0,0,0
0,0,0,0,0
0,0,0,0,0
0,0,0,0,0
0,0,0,0,0
0,0,0,0,0
0,0,0,0,0
10,0,0,0.5,0
7.0974,0,0,0.35487,0
10,0,0,0.5,0
10,0,0,0,0
0,0,0,0,0
0,0,0,0,0
0,0,0,0,0
0,0,0,0,0
0,0,0,0,0
0,0,0,0,0
0,0,0,0,0
0,0,0,0,0
0,0,0,0,0
0,4.4444,0,0,0
0,10,0,0,0
0,10,0,0,0
0,10,0,0,0
0,10,0,0,0
0,0,0,0,0
0,0,0,0,0
0,0,0,0,0
0,0,0,0,0
0,0,0,0,0
0,0,0,0,0
0,0,0,0,0
6,0,0,0,0
10,0,0,0,0
10,0,0,0,0
10,0,0,0,0
0,0,0,0,0
0,0,0,0,0
0,0,0,0,0
0,0,0,0,0
0,0,0,0,0
0,0,0,0,0
0,4.4444,0,0,0
0,10,0,0,0
0,10,0,0,0
0,10,0,0,0
0,10,0,0,0
0,0,0,0,0
0,0,0,0,0
0,0,0,0,0
0,0,0,0,0
0,0,0,0,0
0,0,0,0,0
0,0,0,0,0
0,0,0,0,0
6,0,0,0,0
10,0,0,0,0
10,0,0,0,0
10,0,0,0,0
0,0,0,0,0
0,0,0,0,0
0,0,0,0,0
0,0,0,0,0
0,0,0,0,0
0,0,0,0,0
0,0,0,0,0
0,4.4444,0,0,0
0,10,0,0,0
0,10,0,0,0
0,10,0,0,0
0,10,0,0,0
0,0,0,0,0
0,0,0,0,0
0,0,0,0,0
0,0,0,0,0
0,0,0,0,0
0,0,0,0,0
0,0,0,0,0
0,0,0,0,0
6.6754,0,0,0.33377,0
10,0,0,0.5,0
10,0,0,0,0
10,0,0,0,0
0,0,0,0,0
0,0,0,0,0
0,0,0,0,0
0,0,0,0,0
0,0,0,0,0
0,0,0,0,0
0,0,0,0,0
0,4.4444,0,0,0
0,10,0,0,0
0,10,0,0,0
0,10,0,0,0
0,10,0,0,0
0,0,0,0,0
0,0,0,0,0
0,0,0,0,0
0,0,0,0,0
0,0,0,0,0
0,0,0,0,0
0,0,0,0,0
0,0,0,0,0
0,0,0,0,0
10,0,0,0,0
10,0,0,0.5,0
10,0,0,0.5,0
7.0974,0,0,0.35487,0
0,0,0,0,0
0,0,0,0,0
0,0,0,0,0
0,0,0,0,0
0,0,0,0,0
0,0,0,0,0
0,4.4444,0,0,0
0,10,0,0,0
0,10,0,0,0
0,10,0,0,0
0,10,0,0,0
0,0,0,0,0
0,0,0,0,0
0,0,0,0,0
0,0,0,0,0
0,0,0,0,0
9.3326,0,0,0,0
6.0221,0,0,0,39.779
0,0,0,0,0
0,0,0,0,0
0,0,0,0,0
0,0,0,0,0
0,0,0,0,0
0,0,0,0,0
0,0,0,0,0
0,0,0,0,0
0,0,0,0,0
0,0,0,0,0
0,0,0,0,0
0,0,0,0,0
0,4.4444,0,0,0
0,10,0,0,0
0,10,0,0,0
0,10,0,0,0
0,10,0,0,0
0,0,0,0,0
0,0,0,0,0
0,0,0,0,0
0,0,0,0,0
0,0,0,0,0
0,0,0,0,0
0,0,0,0,0
0,0,0,0,0
7.5195,0,0,0.37598,0
10,0,0,0.5,0
10,0,0,0.5,0
10,0,0,0.5,0
0,0,0,0,0
0,0,0,0,0
0,0,0,0,0
0,0,0,0,0
0,0,0,0,0
0,0,0,0,0
0,0,0,0,0
0,0,0,0,0
0,4.4444,0,0,0
0,10,0,0,0
0,10,0,0,0
0,10,0,0,0
0,10,0,0,0
0,0,0,0,0
0,0,0,0,0
0,0,0,0,0
0,0,0,0,0
0,0,0,0,0
0,0,0,0,0
0,0,0,0,0
0,0,0,0,0
10,0,0,0,0
10,0,0,0.5,0
10,0,0,0.5,0
7.0974,0,0,0.35487,0
0,0,0,0,0
0,0,0,0,0
0,0,0,0,0
0,0,0,0,0
0,0,0,0,0
0,0,0,0,0
0,0,0,0,0
0,0,0,0,0
0,10,0,0,0
0,10,0,0,0
0,10,0,0,0
0,10,0,0,0
0,4.4444,0,0,0
0,0,0,0,0
0,0,0,0,0
0,0,0,0,0
0,0,0,0,0
0,0,0,0,0
0,0,0,0,0
0,0,0,0,0
0,0,0,0,0
10,0,0,0,0
10,0,0,0,0
10,0,0,0,0
6,0,0,0,0
0,0,0,0,0
0,0,0,0,0
0,0,0,0,0
0,0,0,0,0
0,0,0,0,0
0,4.4444,0,0,0
0,10,0,0,0
0,10,0,0,0
0,10,0,0,0
0,10,0,0,0
0,0,0,0,0
0,0,0,0,0
0,0,0,0,0
0,0,0,0,0
0,0,0,0,0
0,0,0,0,0
0,0,0,0,0
0,0,0,0,0
7.5195,0,0,0.37598,0
10,0,0,0.5,0
10,0,0,0.5,0
10,0,0,0.5,0
0,0,0,0,0
0,0,0,0,0
0,0,0,0,0
0,0,0,0,0
0,0,0,0,0
0,0,0,0,0
0,0,0,0,0
0,4.4444,0,0,0
0,10,0,0,0
0,10,0,0,0
0,10,0,0,0
0,10,0,0,0
0,0,0,0,0
0,0,0,0,0
0,0,0,0,0
0,0,0,0,0
0,0,0,0,0
0,0,0,0,0
0,0,0,0,0
0,0,0,0,0
6,0,0,0,0
10,0,0,0,0
10,0,0,0,0
10,0,0,0,0
0,0,0,0,0
0,0,0,0,0
0,0,0,0,0
0,0,0,0,0
0,0,0,0,0
0,0,0,0,0
0,0,0,0,0
0,4.4444,0,0,0
0,10,0,0,0
0,10,0,0,0
0,10,0,0,0
0,10,0,0,0
0,0,0,0,0
0,0,0,0,0
0,0,0,0,0
0,0,0,0,0
0,0,0,0,0
0,0,0,0,0
0,0,0,0,0
0,0,0,0,0
0,0,0,0,0
0,0,0,0,0
10,0,0,0,0
9.9315,0,0,0,0
0,0,0,0,0
0,6.0221,0.3011,0,39.779
0,0,0,0,0
0,0,0,0,0
0,0,0,0,0
0,0,0,0,0
0,0,0,0,0
0,0,0,0,0
0,0,0,0,0
0,0,0,0,0
0,0,0,0,0
0,0,0,0,0
0,0,0,0,0
0,0,0,0,0
0,0,0,0,0
0,0,0,0,0
0,0,0,0,0
0,0,0,0,0
0,0,0,0,0
0,0,0,0,0
0,0,0,0,0
0,0,0,0,0
0,0,0,0,0
0,0,0,0,0
0,0,0,0,0
0,0,0,0,0
0,0,0,0,0
0,0,0,0,0
0,0,0,0,0
0,0,0,0,0
0,0,0,0,0
0,4.4444,0,0,0
0,10,0,0,0
0,10,0,0,0
0,10,0,0,0
0,10,0,0,0
0,0,0,0,0
0,0,0,0,0
0,0,0,0,0
0,0,0,0,0
0,0,0,0,0
0,0,0,0,0
0,0,0,0,0
0,0,0,0,0
7.0974,0,0,0.35487,0
10,0,0,0.5,0
10,0,0,0,0
10,0,0,0.5,0
0,0,0,0,0
0,0,0,0,0
0,0,0,0,0
0,0,0,0,0
0,0,0,0,0
0,0,0,0,0
0,0,0,0,0
0,0,0,0,0
0,4.4444,0,0,0
0,10,0,0,0
0,10,0,0,0
0,10,0,0,0
0,10,0,0,0
0,0,0,0,0
0,0,0,0,0
0,0,0,0,0
0,0,0,0,0
0,0,0,0,0
0,0,0,0,0
0,0,0,0,0
6.405,0,0,0,0
10,0,0,0,0
10,0,0,0,0
10,0,0,0.5,0
0,0,0,0,0
0,0,0,0,0
0,0,0,0,0
0,0,0,0,0
0,0,0,0,0
0,0,0,0,0
0,0,0,0,0
0,0,0,0,0
0,0,0,0,0
0,10,0,0,0
0,10,0,0,0
0,10,0,0,0
0,10,0,0,0
0,4.4444,0,0,0
0,0,0,0,0
0,0,0,0,0
0,0,0,0,0
0,0,0,0,0
0,0,0,0,0
0,0,0,0,0
0,0,0,0,0
10,0,0,0,0
10,0,0,0.5,0
10,0,0,0,0
6.405,0,0,0,0
0,0,0,0,0
0,0,0,0,0
0,0,0,0,0
0,0,0,0,0
0,0,0,0,0
0,0,0,0,0
0,4.4444,0,0,0
0,10,0,0,0
0,10,0,0,0
0,10,0,0,0
0,10,0,0,0
0,0,0,0,0
0,0,0,0,0
0,0,0,0,0
0,0,0,0,0
0,0,0,0,0
0,0,0,0,0
0,0,0,0,0
0,0,0,0,0
10,0,0,0,0
10,0,0,0.5,0
10,0,0,0.5,0
7.0974,0,0,0.35487,0
0,0,0,0,0
0,0,0,0,0
0,0,0,0,0
0,0,0,0,0
0,0,0,0,0
0,0,0,0,0
0,0,0,0,0
0,4.4444,0,0,0
0,10,0,0,0
0,10,0,0,0
0,10,0,0,0
0,10,0,0,0
0,0,0,0,0
0,0,0,0,0
0,0,0,0,0
0,0,0,0,0
0,0,0,0,0
0,0,0,0,0
0,0,0,0,0
0,0,0,0,0
7.0974,0,0,0.35487,0
10,0,0,0.5,0
10,0,0,0.5,0
10,0,0,0,0
0,0,0,0,0
0,0,0,0,0
0,0,0,0,0
0,0,0,0,0
0,0,0,0,0
0,0,0,0,0
0,0,0,0,0
0,5.0617,0,0,0
0,10,0.5,0,0
0,10,0,0,0
0,10,0,0,0
0,10,0,0,0
0,0,0,0,0
0,0,0,0,0
0,0,0,0,0
0,0,0,0,0
0,0,0,0,0
0,0,0,0,0
0,0,0,0,0
0,0,0,0,0
0,0,0,0,0
9.3326,0,0,0,0
6.0221,0,0,0,39.779
0,0,0,0,0
0,0,0,0,0
0,0,0,0,0
0,0,0,0,0
0,0,0,0,0
0,0,0,0,0
0,0,0,0,0
0,0,0,0,0
0,0,0,0,0
0,0,0,0,0
0,0,0,0,0
0,0,0,0,0
0,0,0,0,0
0,0,0,0,0
0,0,0,0,0
0,0,0,0,0
0,0,0,0,0
0,0,0,0,0
0,0,0,0,0
0,0,0,0,0
0,0,0,0,0
0,0,0,0,0
0,0,0,0,0
0,0,0,0,0
0,0,0,0,0
0,0,0,0,0
0,0,0,0,0
0,0,0,0,0
0,0,0,0,0
0,0,0,0,0
0,0,0,0,0
0,0,0,0,0
0,4.4444,0,0,0
0,10,0,0,0
0,10,0,0,0
0,10,0,0,0
0,10,0,0,0
0,0,0,0,0
0,0,0,0,0
0,0,0,0,0
0,0,0,0,0
0,0,0,0,0
0,0,0,0,0
0,0,0,0,0
0,0,0,0,0
6,0,0,0,0
10,0,0,0,0
10,0,0,0,0
10,0,0,0,0
0,0,0,0,0
0,0,0,0,0
0,0,0,0,0
0,0,0,0,0
0,0,0,0,0
0,0,0,0,0
0,0,0,0,0
0,0,0,0,0
0,4.4444,0,0,0
0,10,0,0,0
0,10,0,0,0
0,10,0,0,0
0,10,0,0,0
0,0,0,0,0
0,0,0,0,0
0,0,0,0,0
0,0,0,0,0
0,0,0,0,0
0,0,0,0,0
0,0,0,0,0
6.6754,0,0,0.33377,0
10,0,0,0,0
10,0,0,0.5,0
10,0,0,0,0
0,0,0,0,0
0,0,0,0,0
0,0,0,0,0
0,0,0,0,0
0,0,0,0,0
0,0,0,0,0
0,0,0,0,0
0,0,0,0,0
0,0,0,0,0
0,10,0,0,0
0,10,0,0,0
0,10,0,0,0
0,10,0,0,0
0,4.4444,0,0,0
0,0,0,0,0
0,0,0,0,0
0,0,0,0,0
0,0,0,0,0
0,0,0,0,0
0,0,0,0,0
0,0,0,0,0
10,0,0,0,0
10,0,0,0,0
10,0,0,0,0
6,0,0,0,0
0,0,0,0,0
0,0,0,0,0
0,0,0,0,0
0,0,0,0,0
0,0,0,0,0
0,0,0,0,0
0,4.4444,0,0,0
0,10,0,0,0
0,10,0,0,0
0,10,0,0,0
0,10,0,0,0
0,0,0,0,0
0,0,0,0,0
0,0,0,0,0
0,0,0,0,0
0,0,0,0,0
0,0,0,0,0
0,0,0,0,0
0,0,0,0,0
10,0,0,0,0
10,0,0,0,0
10,0,0,0.5,0
6.6754,0,0,0.33377,0
0,0,0,0,0
0,0,0,0,0
0,0,0,0,0
0,0,0,0,0
0,0,0,0,0
0,0,0,0,0
0,0,0,0,0
0,4.4444,0,0,0
0,10,0,0,0
0,10,0,0,0
0,10,0,0,0
0,10,0,0,0
0,0,0,0,0
0,0,0,0,0
0,0,0,0,0
0,0,0,0,0
0,0,0,0,0
0,0,0,0,0
0,0,0,0,0
0,0,0,0,0
6.81,0,0,0,0
10,0,0,0,0
10,0,0,0.5,0
10,0,0,0.5,0
0,0,0,0,0
0,0,0,0,0
0,0,0,0,0
0,0,0,0,0
0,0,0,0,0
0,0,0,0,0
0,0,0,0,0
0,4.4444,0,0,0
0,10,0,0,0
0,10,0,0,0
0,10,0,0,0
0,10,0,0,0
0,0,0,0,0
0,0,0,0,0
0,0,0,0,0
0,0,0,0,0
0,0,0,0,0
0,0,0,0,0
0,0,0,0,0
0,0,0,0,0
6,0,0,0,0
10,0,0,0,0
10,0,0,0,0
10,0,0,0,0
0,0,0,0,0
0,0,0,0,0
0,0,0,0,0
0,0,0,0,0
0,0,0,0,0
0,0,0,0,0
0,0,0,0,0
0,4.4444,0,0,0
0,10,0,0,0
0,10,0,0,0
0,10,0,0,0
0,10,0,0,0
0,0,0,0,0
0,0,0,0,0
0,0,0,0,0
0,0,0,0,0
9.3326,0,0,0,0
6.0221,0,0,0,39.779
0,0,0,0,0
0,0,0,0,0
0,0,0,0,0
0,0,0,0,0
0,0,0,0,0
0,0,0,0,0
0,0,0,0,0
0,0,0,0,0
0,0,0,0,0
0,0,0,0,0
0,0,0,0,0
0,0,0,0,0
0,0,0,0,0
0,4.4444,0,0,0
0,10,0,0,0
0,10,0,0,0
0,10,0,0,0
0,10,0,0,0
0,0,0,0,0
0,0,0,0,0
0,0,0,0,0
0,0,0,0,0
0,0,0,0,0
0,0,0,0,0
0,0,0,0,0
0,0,0,0,0
10,0,0,0.5,0
10,0,0,0.5,0
10,0,0,0.5,0
7.5195,0,0,0.37598,0
0,0,0,0,0
0,0,0,0,0
0,0,0,0,0
0,0,0,0,0
0,0,0,0,0
0,0,0,0,0
0,0,0,0,0
0,0,0,0,0
0,4.4444,0,0,0
0,10,0,0,0
0,10,0,0,0
0,10,0,0,0
0,10,0,0,0
0,0,0,0,0
0,0,0,0,0
0,0,0,0,0
0,0,0,0,0
0,0,0,0,0
0,0,0,0,0
0,0,0,0,0
10,0,0,0.5,0
10,0,0,0.5,0
10,0,0,0.5,0
7.5195,0,0,0.37598,0
0,0,0,0,0
0,0,0,0,0
0,0,0,0,0
0,0,0,0,0
0,0,0,0,0
0,0,0,0,0
0,0,0,0,0
0,0,0,0,0
0,0,0,0,0
0,4.4444,0,0,0
0,10,0,0,0
0,10,0,0,0
0,10,0,0,0
0,10,0,0,0
0,0,0,0,0
0,0,0,0,0
0,0,0,0,0
0,0,0,0,0
0,0,0,0,0
0,0,0,0,0
0,0,0,0,0
10,0,0,0,0
10,0,0,0,0
10,0,0,0,0
6,0,0,0,0
0,0,0,0,0
0,0,0,0,0
0,0,0,0,0
0,0,0,0,0
0,0,0,0,0
0,0,0,0,0
0,4.4444,0,0,0
0,10,0,0,0
0,10,0,0,0
0,10,0,0,0
0,10,0,0,0
0,0,0,0,0
0,0,0,0,0
0,0,0,0,0
0,0,0,0,0
0,0,0,0,0
0,0,0,0,0
0,0,0,0,0
0,0,0,0,0
6,0,0,0,0
10,0,0,0,0
10,0,0,0,0
10,0,0,0,0
0,0,0,0,0
0,0,0,0,0
0,0,0,0,0
0,0,0,0,0
0,0,0,0,0
0,0,0,0,0
0,0,0,0,0
0,10,0,0,0
0,10,0,0,0
0,10,0,0,0
0,10,0,0,0
0,4.4444,0,0,0
0,0,0,0,0
0,0,0,0,0
0,0,0,0,0
0,0,0,0,0
0,0,0,0,0
0,0,0,0,0
0,0,0,0,0
0,0,0,0,0
6.405,0,0,0,0
10,0,0,0.5,0
10,0,0,0,0
10,0,0,0,0
0,0,0,0,0
0,0,0,0,0
0,0,0,0,0
0,0,0,0,0
0,0,0,0,0
0,0,0,0,0
0,0,0,0,0
0,10,0,0,0
0,10,0,0,0
0,10,0,0,0
0,10,0,0,0
0,4.4444,0,0,0
0,0,0,0,0
0,0,0,0,0
0,0,0,0,0
0,0,0,0,0
0,0,0,0,0
0,0,0,0,0
0,0,0,0,0
0,0,0,0,0
6,0,0,0,0
10,0,0,0,0
10,0,0,0,0
10,0,0,0,0
0,0,0,0,0
0,0,0,0,0
0,0,0,0,0
0,0,0,0,0
0,0,0,0,0
0,0,0,0,0
0,0,0,0,0
0,10,0,0,0
0,10,0,0,0
0,10,0,0,0
0,10,0,0,0
0,4.4444,0,0,0
0,0,0,0,0
0,0,0,0,0
0,0,0,0,0
0,0,0,0,0
0,0,0,0,0
0,0,0,0,0
0,0,0,0,0
9.3326,0,0,0,0
6.0221,0,0,0,39.779
0,0,0,0,0
0,0,0,0,0
0,0,0,0,0
0,0,0,0,0
0,0,0,0,0
0,0,0,0,0
0,0,0,0,0
0,0,0,0,0
0,0,0,0,0
0,0,0,0,0
0,10,0,0,0
0,10,0,0,0
0,10,0,0,0
0,10,0,0,0
0,4.4444,0,0,0
0,0,0,0,0
0,0,0,0,0
0,0,0,0,0
0,0,0,0,0
0,0,0,0,0
0,0,0,0,0
0,0,0,0,0
0,0,0,0,0
10,0,0,0,0
10,0,0,0,0
10,0,0,0.5,0
6.6754,0,0,0.33377,0
0,0,0,0,0
0,0,0,0,0
0,0,0,0,0
0,0,0,0,0
0,0,0,0,0
0,0,0,0,0
0,0,0,0,0
0,0,0,0,0
0,4.4444,0,0,0
0,10,0,0,0
0,10,0,0,0
0,10,0,0,0
0,10,0,0,0
0,0,0,0,0
0,0,0,0,0
0,0,0,0,0
0,0,0,0,0
0,0,0,0,0
0,0,0,0,0
0,0,0,0,0
10,0,0,0,0
10,0,0,0,0
10,0,0,0,0
6,0,0,0,0
0,0,0,0,0
0,0,0,0,0
0,0,0,0,0
0,0,0,0,0
0,0,0,0,0
0,0,0,0,0
0,0,0,0,0
0,0,0,0,0
0,0,0,0,0
0,10,0,0,0
0,10,0,0,0
0,10,0,0,0
0,10,0,0,0
0,4.4444,0,0,0
0,0,0,0,0
0,0,0,0,0
0,0,0,0,0
0,0,0,0,0
0,0,0,0,0
0,0,0,0,0
6.6754,0,0,0.33377,0
10,0,0,0,0
10,0,0,0.5,0
10,0,0,0,0
0,0,0,0,0
0,0,0,0,0
0,0,0,0,0
0,0,0,0,0
0,0,0,0,0
0,0,0,0,0
0,0,0,0,0
0,4.4444,0,0,0
0,10,0,0,0
0,10,0,0,0
0,10,0,0,0
0,10,0,0,0
0,0,0,0,0
0,0,0,0,0
0,0,0,0,0
0,0,0,0,0
0,0,0,0,0
0,0,0,0,0
0,0,0,0,0
0,0,0,0,0
10,0,0,0.5,0
10,0,0,0.5,0
10,0,0,0.5,0
7.5195,0,0,0.37598,0
0,0,0,0,0
0,0,0,0,0
0,0,0,0,0
0,0,0,0,0
0,0,0,0,0
0,0,0,0,0
0,0,0,0,0
0,4.4444,0,0,0
0,10,0,0,0
0,10,0,0,0
0,10,0,0,0
0,10,0,0,0
0,0,0,0,0
0,0,0,0,0
0,0,0,0,0
0,0,0,0,0
0,0,0,0,0
0,0,0,0,0
0,0,0,0,0
0,0,0,0,0
10,0,0,0.5,0
10,0,0,0.5,0
10,0,0,0.5,0
7.5195,0,0,0.37598,0
0,0,0,0,0
0,0,0,0,0
0,0,0,0,0
0,0,0,0,0
0,0,0,0,0
0,0,0,0,0
0,0,0,0,0
0,4.4444,0,0,0
0,10,0,0,0
0,10,0,0,0
0,10,0,0,0
0,10,0,0,0
0,0,0,0,0
0,0,0,0,0
0,0,0,0,0
0,0,0,0,0
0,0,0,0,0
0,0,0,0,0
0,0,0,0,0
0,0,0,0,0
10,0,0,0,0
10,0,0,0,0
10,0,0,0,0
6.2533,0,0,0.31266,0
0,0,0,0,0
0,0,0,0,0
0,0,0,0,0
0,0,0,0,0
0,0,0,0,0
0,0,0,0,0
0,0,0,0,0
0,4.4444,0,0,0
0,10,0,0,0
0,10,0,0,0
0,10,0,0,0
0,10,0,0,0
0,0,0,0,0
0,0,0,0,0
0,0,0,0,0
0,0,0,0,0
0,0,0,0,0
0,0,0,0,0
0,0,0,0,0
9.3326,0,0,0,0
6.0221,0,0,0,39.779
0,0,0,0,0
0,0,0,0,0
0,0,0,0,0
0,0,0,0,0
0,0,0,0,0
0,0,0,0,0
0,0,0,0,0
0,0,0,0,0
0,0,0,0,0
0,0,0,0,0
0,4.4444,0,0,0
0,10,0,0,0
0,10,0,0,0
0,10,0,0,0
0,10,0,0,0
0,0,0,0,0
0,0,0,0,0
0,0,0,0,0
0,0,0,0,0
0,0,0,0,0
0,0,0,0,0
0,0,0,0,0
0,0,0,0,0
10,0,0,0.5,0
10,0,0,0,0
10,0,0,0,0
6.6754,0,0,0.33377,0
0,0,0,0,0
0,0,0,0,0
0,0,0,0,0
0,0,0,0,0
0,0,0,0,0
0,0,0,0,0
0,0,0,0,0
0,0,0,0,0
0,4.4444,0,0,0
0,10,0,0,0
0,10,0,0,0
0,10,0,0,0
0,10,0,0,0
0,0,0,0,0
0,0,0,0,0
0,0,0,0,0
0,0,0,0,0
0,0,0,0,0
0,0,0,0,0
0,0,0,0,0
10,0,0,0,0
10,0,0,0.5,0
10,0,0,0,0
6.6754,0,0,0.33377,0
0,0,0,0,0
0,0,0,0,0
0,0,0,0,0
0,0,0,0,0
0,0,0,0,0
0,0,0,0,0
0,0,0,0,0
0,0,0,0,0
0,4.4444,0,0,0
0,10,0,0,0
0,10,0,0,0
0,10,0,0,0
0,10,0,0,0
0,0,0,0,0
0,0,0,0,0
0,0,0,0,0
0,0,0,0,0
0,0,0,0,0
0,0,0,0,0
0,0,0,0,0
7.0974,0,0,0.35487,0
10,0,0,0.5,0
10,0,0,0,0
10,0,0,0.5,0
0,0,0,0,0
0,0,0,0,0
0,0,0,0,0
0,0,0,0,0
0,0,0,0,0
0,0,0,0,0
0,0,0,0,0
0,10,0,0,0
0,10,0,0,0
0,10,0,0,0
0,10,0,0,0
0,4.4444,0,0,0
0,0,0,0,0
0,0,0,0,0
0,0,0,0,0
0,0,0,0,0
0,0,0,0,0
0,0,0,0,0
0,0,0,0,0
0,0,0,0,0
6.405,0,0,0,0
10,0,0,0.5,0
10,0,0,0,0
10,0,0,0,0
0,0,0,0,0
0,0,0,0,0
0,0,0,0,0
0,0,0,0,0
0,0,0,0,0
0,0,0,0,0
0,0,0,0,0
0,10,0,0,0
0,10,0,0,0
0,10,0,0,0
0,10,0,0,0
0,4.4444,0,0,0
0,0,0,0,0
0,0,0,0,0
0,0,0,0,0
0,0,0,0,0
0,0,0,0,0
0,0,0,0,0
0,0,0,0,0
0,0,0,0,0
6.2533,0,0,0.31266,0
10,0,0,0,0
10,0,0,0,0
10,0,0,0,0
0,0,0,0,0
0,0,0,0,0
0,0,0,0,0
0,0,0,0,0
0,0,0,0,0
0,0,0,0,0
0,0,0,0,0
0,10,0,0,0
0,10,0,0,0
0,10,0,0,0
0,10,0,0,0
0,4.4444,0,0,0
0,0,0,0,0
0,0,0,0,0
0,0,0,0,0
0,0,0,0,0
0,0,0,0,0
0,0,0,0,0
0,0,0,0,0
0,0,0,0,0
6.6754,0,0,0.33377,0
10,0,0,0,0
10,0,0,0,0
10,0,0,0.5,0
0,0,0,0,0
0,0,0,0,0
0,0,0,0,0
0,0,0,0,0
0,0,0,0,0
0,0,0,0,0
0,0,0,0,0
0,4.4444,0,0,0
0,10,0,0,0
0,10,0,0,0
0,10,0,0,0
0,10,0,0,0
0,0,0,0,0
0,0,0,0,0
0,0,0,0,0
0,0,0,0,0
0,0,0,0,0
0,0,0,0,0
0,0,0,0,0
9.3326,0,0,0,0
6.0221,0,0,0,39.779
0,0,0,0,0
0,0,0,0,0
0,0,0,0,0
0,0,0,0,0
0,0,0,0,0
0,0,0,0,0
0,0,0,0,0
0,0,0,0,0
0,0,0,0,0
0,0,0,0,0
0,4.4444,0,0,0
0,10,0,0,0
0,10,0,0,0
0,10,0,0,0
0,10,0,0,0
0,0,0,0,0
0,0,0,0,0
0,0,0,0,0
0,0,0,0,0
0,0,0,0,0
0,0,0,0,0
0,0,0,0,0
0,0,0,0,0
6.81,0,0,0,0
10,0,0,0,0
10,0,0,0.5,0
10,0,0,0.5,0
0,0,0,0,0
0,0,0,0,0
0,0,0,0,0
0,0,0,0,0
0,0,0,0,0
0,0,0,0,0
0,0,0,0,0
0,0,0,0,0
0,0,0,0,0
0,10,0,0,0
0,10,0,0,0
0,10,0,0,0
0,10,0,0,0
0,4.4444,0,0,0
0,0,0,0,0
0,0,0,0,0
0,0,0,0,0
0,0,0,0,0
0,0,0,0,0
0,0,0,0,0
7.5195,0,0,0.37598,0
10,0,0,0.5,0
10,0,0,0.5,0
10,0,0,0.5,0
0,0,0,0,0
0,0,0,0,0
0,0,0,0,0
0,0,0,0,0
0,0,0,0,0
0,0,0,0,0
0,0,0,0,0
0,0,0,0,0
0,0,0,0,0
0,4.4444,0,0,0
0,10,0,0,0
0,10,0,0,0
0,10,0,0,0
0,10,0,0,0
0,0,0,0,0
0,0,0,0,0
0,0,0,0,0
0,0,0,0,0
0,0,0,0,0
0,0,0,0,0
6.6754,0,0,0.33377,0
10,0,0,0,0
10,0,0,0,0
10,0,0,0.5,0
0,0,0,0,0
0,0,0,0,0
0,0,0,0,0
0,0,0,0,0
0,0,0,0,0
0,0,0,0,0
0,0,0,0,0
0,4.4444,0,0,0
0,10,0,0,0
0,10,0,0,0
0,10,0,0,0
0,10,0,0,0
0,0,0,0,0
0,0,0,0,0
0,0,0,0,0
0,0,0,0,0
0,0,0,0,0
0,0,0,0,0
0,0,0,0,0
0,0,0,0,0
7.0974,0,0,0.35487,0
10,0,0,0.5,0
10,0,0,0,0
10,0,0,0.5,0
0,0,0,0,0
0,0,0,0,0
0,0,0,0,0
0,0,0,0,0
0,0,0,0,0
0,0,0,0,0
0,0,0,0,0
0,4.4444,0,0,0
0,10,0,0,0
0,10,0,0,0
0,10,0,0,0
0,10,0,0,0
0,0,0,0,0
0,0,0,0,0
0,0,0,0,0
0,0,0,0,0
0,0,0,0,0
0,0,0,0,0
0,0,0,0,0
0,0,0,0,0
6.2533,0,0,0.31266,0
10,0,0,0,0
10,0,0,0,0
10,0,0,0,0
0,0,0,0,0
0,0,0,0,0
0,0,0,0,0
0,0,0,0,0
0,0,0,0,0
0,0,0,0,0
0,0,0,0,0
0,10,0,0,0
0,10,0,0,0
0,10,0,0,0
0,10,0,0,0
0,4.4444,0,0,0
0,0,0,0,0
0,0,0,0,0
0,0,0,0,0
0,0,0,0,0
0,0,0,0,0
0,0,0,0,0
0,0,0,0,0
4.1799,0,0,0,0
7.0823,0,0,0,29.177
0,0,0,0,0
10,0,0,0.5,0
0,0,0,0,0
0,0,0,0,0
0,0,0,0,0
0,0,0,0,0
0,0,0,0,0
0,0,0,0,0
0,0,0,0,0
0,0,0,0,0
0,0,0,0,0
0,0,0,0,0
0,10,0,0,0
0,1.8457,0,0,0
0,0,0,0,0
0,0,0,0,0
0,0,0,0,0
0,0,0,0,0
0,0,0,0,0
0,0,0,0,0
0,0,0,0,0
0,0,0,0,0
0,0,0,0,0
0,0,0,0,0
0,0,0,0,0
10,0,0,0.5,0
0,0,0,0,0
0,0,0,0,0
0,0,0,0,0
0,6.7933,0,0,10.602
0,0,0,0,0
0,0,0,0,0
0,0,0,0,0
0,0,0,0,0
0,10,0,0,0
0,10,0,0,0
0,10,0,0,0
0,10,0,0,0
0,4.4444,0,0,0
0,0,0,0,0
0,0,0,0,0
0,0,0,0,0
0,0,0,0,0
0,0,0,0,0
0,0,0,0,0
0,0,0,0,0
0,0,0,0,0
10,0,0,0.5,0
10,0,0,0.5,0
10,0,0,0.5,0
7.5195,0,0,0.37598,0
0,0,0,0,0
0,0,0,0,0
0,0,0,0,0
0,0,0,0,0
0,0,0,0,0
0,0,0,0,0
0,0,0,0,0
0,0,0,0,0
0,10,0,0,0
0,10,0,0,0
0,10,0,0,0
0,10,0,0,0
0,4.4444,0,0,0
0,0,0,0,0
0,0,0,0,0
0,0,0,0,0
0,0,0,0,0
0,0,0,0,0
0,0,0,0,0
0,0,0,0,0
6.2533,0,0,0.31266,0
10,0,0,0,0
10,0,0,0,0
10,0,0,0,0
0,0,0,0,0
0,0,0,0,0
0,0,0,0,0
0,0,0,0,0
0,0,0,0,0
0,0,0,0,0
0,0,0,0,0
0,0,0,0,0
0,0,0,0,0
0,10,0,0,0
0,10,0,0,0
0,10,0,0,0
0,10,0.5,0,0
0,5.0617,0,0,0
0,0,0,0,0
0,0,0,0,0
0,0,0,0,0
0,0,0,0,0
0,0,0,0,0
0,0,0,0,0
0,0,0,0,0
0,0,0,0,0
6,0,0,0,0
10,0,0,0,0
10,0,0,0,0
0,0,0,0,0
10,0,0,0,0
0,0,0,0,0
0,0,0,0,0
0,0,0,0,0
0,0,0,0,0
0,0,0,0,0
0,4.4444,0,0,0
0,10,0,0,0
0,10,0,0,0
0,10,0,0,0
0,10,0,0,0
0,0,0,0,0
0,0,0,0,0
0,0,0,0,0
0,0,0,0,0
0,0,0,0,0
0,0,0,0,0
0,0,0,0,0
0,0,0,0,0
10,0,0,0.5,0
10,0,0,0,0
10,0,0,0,0
6.405,0,0,0,0
0,0,0,0,0
0,0,0,0,0
0,0,0,0,0
0,0,0,0,0
0,0,0,0,0
0,0,0,0,0
0,10,0,0,0
0,10,0,0,0
0,10,0,0,0
0,10,0,0,0
0,4.4444,0,0,0
0,0,0,0,0
0,0,0,0,0
0,0,0,0,0
0,0,0,0,0
0,0,0,0,0
0,0,0,0,0
0,0,0,0,0
0,0,0,0,0
6,0,0,0,0
10,0,0,0,0
10,0,0,0,0
10,0,0,0,0
0,0,0,0,0
0,0,0,0,0
0,0,0,0,0
0,0,0,0,0
0,0,0,0,0
0,0,0,0,0
0,0,0,0,0
0,4.4444,0,0,0
0,10,0,0,0
0,10,0,0,0
0,10,0,0,0
0,10,0,0,0
0,0,0,0,0
0,0,0,0,0
0,0,0,0,0
0,0,0,0,0
0,0,0,0,0
0,0,0,0,0
0,0,0,0,0
0,0,0,0,0
10,0,0,0.5,0
10,0,0,0,0
10,0,0,0,0
6.6754,0,0,0.33377,0
0,0,0,0,0
0,0,0,0,0
0,0,0,0,0
0,0,0,0,0
0,0,0,0,0
0,0,0,0,0
0,0,0,0,0
0,10,0,0,0
0,10,0,0,0
0,10,0,0,0
0,10,0,0,0
0,4.4444,0,0,0
0,0,0,0,0
0,0,0,0,0
0,0,0,0,0
0,0,0,0,0
0,0,0,0,0
0,0,0,0,0
0,0,0,0,0
0,0,0,0,0
10,0,0,0.5,0
10,0,0,0.5,0
10,0,0,0,0
7.0974,0,0,0.35487,0
0,0,0,0,0
0,0,0,0,0
0,0,0,0,0
0,0,0,0,0
0,9.4659,0,0,0
0,10,0,0,0
0,6.0221,0,0,39.779
0,4.4444,0,0,0
0,10,0,0,0
0,10,0,0,0
0,10,0,0,0
0,10,0,0,0
0,0,0,0,0
0,0,0,0,0
0,0,0,0,0
0,0,0,0,0
0,0,0,0,0
0,0,0,0,0
0,0,0,0,0
0,0,0,0,0
10,0,0,0.5,0
10,0,0,0.5,0
10,0,0,0,0
7.0974,0,0,0.35487,0
0,0,0,0,0
0,0,0,0,0
0,0,0,0,0
0,0,0,0,0
0,0,0,0,0
0,0,0,0,0
0,0,0,0,0
0,0,0,0,0
0,4.4444,0,0,0
0,10,0,0,0
0,10,0,0,0
0,10,0,0,0
0,10,0,0,0
0,0,0,0,0
0,0,0,0,0
0,0,0,0,0
0,0,0,0,0
0,0,0,0,0
0,0,0,0,0
0,0,0,0,0
6.405,0,0,0,0
10,0,0,0,0
10,0,0,0,0
10,0,0,0.5,0
0,0,0,0,0
0,0,0,0,0
0,0,0,0,0
0,0,0,0,0
0,0,0,0,0
0,0,0,0,0
0,0,0,0,0
0,0,0,0,0
0,4.4444,0,0,0
0,10,0,0,0
0,10,0,0,0
0,10,0,0,0
0,10,0,0,0
0,0,0,0,0
0,0,0,0,0
0,0,0,0,0
0,0,0,0,0
0,0,0,0,0
0,0,0,0,0
0,0,0,0,0
6.2533,0,0,0.31266,0
10,0,0,0,0
10,0,0,0,0
10,0,0,0,0
0,0,0,0,0
0,0,0,0,0
0,0,0,0,0
0,0,0,0,0
0,0,0,0,0
0,0,0,0,0
0,4.4444,0,0,0
0,10,0,0,0
0,10,0,0,0
0,10,0,0,0
0,10,0,0,0
0,0,0,0,0
0,0,0,0,0
0,0,0,0,0
0,0,0,0,0
0,0,0,0,0
0,0,0,0,0
0,0,0,0,0
0,0,0,0,0
0,0,0,0,0
6,0,0,0,0
10,0,0,0,0
10,0,0,0,0
10,0,0,0,0
0,0,0,0,0
0,0,0,0,0
0,0,0,0,0
0,0,0,0,0
0,0,0,0,0
0,0,0,0,0
0,4.4444,0,0,0
0,10,0,0,0
0,10,0,0,0
0,10,0,0,0
0,10,0,0,0
0,0,0,0,0
0,0,0,0,0
0,0,0,0,0
0,0,0,0,0
0,0,0,0,0
0,0,0,0,0
0,0,0,0,0
0,0,0,0,0
0,0,0,0,0
0,0,0,0,0
9.3326,0,0,0,0
6.0221,0,0,0,39.779
0,0,0,0,0
0,0,0,0,0
0,0,0,0,0
0,0,0,0,0
0,0,0,0,0
0,0,0,0,0
0,0,0,0,0
0,0,0,0,0
0,0,0,0,0
0,0,0,0,0
0,0,0,0,0
0,0,0,0,0
0,0,0,0,0
0,0,0,0,0
0,0,0,0,0
0,0,0,0,0
0,0,0,0,0
0,0,0,0,0
0,0,0,0,0
0,0,0,0,0
0,0,0,0,0
0,0,0,0,0
0,0,0,0,0
0,0,0,0,0
0,0,0,0,0
0,0,0,0,0
0,0,0,0,0
0,0,0,0,0
0,0,0,0,0
0,0,0,0,0
0,0,0,0,0
0,0,0,0,0
0,0,0,0,0
0,0,0,0,0
0,0,0,0,0
0,0,0,0,0
0,0,0,0,0
0,0,0,0,0
0,0,0,0,0
0,0,0,0,0
0,0,0,0,0
0,0,0,0,0
0,0,0,0,0
0,0,0,0,0
0,0,0,0,0
0,0,0,0,0
0,0,0,0,0
0,0,0,0,0
0,0,0,0,0
0,0,0,0,0
0,0,0,0,0
0,0,0,0,0
0,0,0,0,0
0,0,0,0,0
0,0,0,0,0
0,0,0,0,0
0,10,0,0,0
0,10,0,0,0
0,10,0,0,0
0,10,0,0,0
0,4.4444,0,0,0
0,0,0,0,0
0,0,0,0,0
0,0,0,0,0
0,0,0,0,0
0,0,0,0,0
0,0,0,0,0
0,0,0,0,0
0,0,0,0,0
6,0,0,0,0
10,0,0,0,0
10,0,0,0,0
10,0,0,0,0
0,0,0,0,0
0,0,0,0,0
0,0,0,0,0
0,0,0,0,0
0,0,0,0,0
0,0,0,0,0
0,0,0,0,0
0,4.4444,0,0,0
0,10,0,0,0
0,10,0,0,0
0,10,0,0,0
0,10,0,0,0
0,0,0,0,0
0,0,0,0,0
0,0,0,0,0
0,0,0,0,0
0,0,0,0,0
0,0,0,0,0
0,0,0,0,0
0,0,0,0,0
7.0974,0,0,0.35487,0
10,0,0,0.5,0
10,0,0,0,0
10,0,0,0.5,0
0,0,0,0,0
0,0,0,0,0
0,0,0,0,0
0,0,0,0,0
0,0,0,0,0
0,0,0,0,0
0,0,0,0,0
0,0,0,0,0
0,4.4444,0,0,0
0,10,0,0,0
0,10,0,0,0
0,10,0,0,0
0,10,0,0,0
0,0,0,0,0
0,0,0,0,0
0,0,0,0,0
0,0,0,0,0
0,0,0,0,0
0,0,0,0,0
0,0,0,0,0
0,0,0,0,0
10,0,0,0,0
10,0,0,0,0
10,0,0,0,0
0,0,0,0,0
6,0,0,0,0
0,0,0,0,0
0,0,0,0,0
0,0,0,0,0
0,0,0,0,0
0,0,0,0,0
0,10,0,0,0
0,10,0,0,0
0,10,0,0,0
0,10,0,0,0
0,4.7368,0.23684,0,0
0,0,0,0,0
0,0,0,0,0
0,0,0,0,0
0,0,0,0,0
0,0,0,0,0
0,0,0,0,0
0,0,0,0,0
0,0,0,0,0
6,0,0,0,0
10,0,0,0,0
10,0,0,0,0
10,0,0,0,0
0,0,0,0,0
0,0,0,0,0
0,0,0,0,0
0,0,0,0,0
0,0,0,0,0
0,0,0,0,0
0,4.4444,0,0,0
0,10,0,0,0
0,10,0,0,0
0,10,0,0,0
0,10,0,0,0
0,0,0,0,0
0,0,0,0,0
0,0,0,0,0
0,0,0,0,0
0,0,0,0,0
0,0,0,0,0
0,0,0,0,0
0,0,0,0,0
0,0,0,0,0
7.0974,0,0,0.35487,0
10,0,0,0.5,0
10,0,0,0,0
10,0,0,0.5,0
0,0,0,0,0
0,0,0,0,0
0,0,0,0,0
0,0,0,0,0
0,0,0,0,0
0,0,0,0,0
0,0,0,0,0
0,10,0,0,0
0,10,0,0,0
0,10,0,0,0
0,10,0,0,0
0,4.4444,0,0,0
0,0,0,0,0
0,0,0,0,0
0,0,0,0,0
0,0,0,0,0
0,0,0,0,0
0,0,0,0,0
0,0,0,0,0
0,0,0,0,0
7.5195,0,0,0.37598,0
10,0,0,0.5,0
10,0,0,0.5,0
10,0,0,0.5,0
0,0,0,0,0
0,0,0,0,0
0,0,0,0,0
0,0,0,0,0
0,0,0,0,0
0,0,0,0,0
0,0,0,0,0
0,10,0,0,0
0,10,0,0,0
0,10,0,0,0
0,10,0,0,0
0,4.4444,0,0,0
0,0,0,0,0
0,0,0,0,0
0,0,0,0,0
0,0,0,0,0
0,0,0,0,0
0,0,0,0,0
0,0,0,0,0
0,0,0,0,0
9.3326,0,0,0,0
6.0221,0,0,0,39.779
0,0,0,0,0
0,0,0,0,0
0,0,0,0,0
0,0,0,0,0
0,0,0,0,0
0,0,0,0,0
0,0,0,0,0
0,0,0,0,0
0,0,0,0,0
0,10,0,0,0
0,10,0,0,0
0,10,0,0,0
0,10,0,0,0
0,4.4444,0,0,0
0,0,0,0,0
0,0,0,0,0
0,0,0,0,0
0,0,0,0,0
0,0,0,0,0
0,0,0,0,0
0,0,0,0,0
0,0,0,0,0
6.405,0,0,0,0
10,0,0,0,0
10,0,0,0,0
10,0,0,0.5,0
0,0,0,0,0
0,0,0,0,0
0,0,0,0,0
0,0,0,0,0
0,0,0,0,0
0,0,0,0,0
0,0,0,0,0
0,0,0,0,0
0,10,0,0,0
0,10,0,0,0
0,10,0,0,0
0,10,0,0,0
0,4.4444,0,0,0
0,0,0,0,0
0,0,0,0,0
0,0,0,0,0
0,0,0,0,0
0,0,0,0,0
0,0,0,0,0
0,0,0,0,0
7.5195,0,0,0.37598,0
10,0,0,0.5,0
10,0,0,0.5,0
10,0,0,0.5,0
0,0,0,0,0
0,0,0,0,0
0,0,0,0,0
0,0,0,0,0
0,0,0,0,0
0,0,0,0,0
0,0,0,0,0
0,0,0,0,0
0,4.4444,0,0,0
0,10,0,0,0
0,10,0,0,0
0,10,0,0,0
0,10,0,0,0
0,0,0,0,0
0,0,0,0,0
0,0,0,0,0
0,0,0,0,0
0,0,0,0,0
0,0,0,0,0
9.3326,0,0,0,0
6.0221,0,0,0,39.779
0,0,0,0,0
0,0,0,0,0
0,0,0,0,0
0,0,0,0,0
0,0,0,0,0
0,0,0,0,0
0,0,0,0,0
0,0,0,0,0
0,0,0,0,0
0,0,0,0,0
0,0,0,0,0
0,0,0,0,0
0,0,0,0,0
0,0,0,0,0
0,0,0,0,0
0,0,0,0,0
0,0,0,0,0
0,0,0,0,0
0,0,0,0,0
0,0,0,0,0
0,0,0,0,0
0,0,0,0,0
0,0,0,0,0
0,0,0,0,0
0,0,0,0,0
0,0,0,0,0
0,0,0,0,0
0,0,0,0,0
0,0,0,0,0
0,0,0,0,0
0,0,0,0,0
0,0,0,0,0
0,0,0,0,0
0,0,0,0,0
0,0,0,0,0
0,0,0,0,0
0,0,0,0,0
0,0,0,0,0
0,0,0,0,0
0,0,0,0,0
0,0,0,0,0
0,0,0,0,0
0,0,0,0,0
0,0,0,0,0
0,0,0,0,0
0,0,0,0,0
0,0,0,0,0
0,0,0,0,0
0,0,0,0,0
0,0,0,0,0
0,0,0,0,0
0,0,0,0,0
0,0,0,0,0
0,0,0,0,0
0,0,0,0,0
0,0,0,0,0
0,0,0,0,0
0,0,0,0,0
0,0,0,0,0
0,0,0,0,0
0,0,0,0,0
0,0,0,0,0
0,0,0,0,0
0,0,0,0,0
0,0,0,0,0
0,0,0,0,0
0,0,0,0,0
0,0,0,0,0
0,0,0,0,0
0,0,0,0,0
0,0,0,0,0
0,0,0,0,0
0,0,0,0,0
0,0,0,0,0
0,0,0,0,0
0,0,0,0,0
0,0,0,0,0
0,0,0,0,0
0,0,0,0,0
0,0,0,0,0
0,0,0,0,0
0,0,0,0,0
0,0,0,0,0
0,0,0,0,0
0,0,0,0,0
0,0,0,0,0
0,0,0,0,0
0,0,0,0,0
0,0,0,0,0
0,0,0,0,0
0,0,0,0,0
0,0,0,0,0
0,0,0,0,0
0,0,0,0,0
0,0,0,0,0
0,0,0,0,0
0,0,0,0,0
0,0,0,0,0
0,0,0,0,0
0,0,0,0,0
0,0,0,0,0
0,0,0,0,0
0,0,0,0,0
0,0,0,0,0
0,0,0,0,0
0,0,0,0,0
0,10,0,0,0
0,10,0,0,0
0,10,0,0,0
0,10,0,0,0
0,4.4444,0,0,0
0,0,0,0,0
0,0,0,0,0
0,0,0,0,0
0,0,0,0,0
0,0,0,0,0
0,0,0,0,0
7.5195,0,0,0.37598,0
10,0,0,0.5,0
0,0,0,0,0
10,0,0,0.5,0
10,0,0,0.5,0
0,0,0,0,0
0,0,0,0,0
0,0,0,0,0
0,0,0,0,0
0,0,0,0,0
0,0,0,0,0
0,0,0,0,0
0,0,0,0,0
0,4.4444,0,0,0
0,10,0,0,0
0,10,0,0,0
0,10,0,0,0
0,10,0,0,0
0,0,0,0,0
0,0,0,0,0
0,0,0,0,0
0,0,0,0,0
0,0,0,0,0
0,0,0,0,0
0,0,0,0,0
0,0,0,0,0
0,0,0,0,0
0,0,0,0,0
10,0,0,0.5,0
0,0,0,0,0
6.6754,0,0,0.33377,0
10,0,0,0,0
10,0,0,0,0
0,0,0,0,0
0,0,0,0,0
0,0,0,0,0
0,0,0,0,0
0,0,0,0,0
0,4.4444,0,0,0
0,10,0,0,0
0,10,0,0,0
0,10,0,0,0
0,10,0,0,0
0,0,0,0,0
0,0,0,0,0
0,0,0,0,0
0,0,0,0,0
0,0,0,0,0
0,0,0,0,0
0,0,0,0,0
0,0,0,0,0
0,0,0,0,0
10,0,0,0.5,0
0,0,0,0,0
7.5195,0,0,0.37598,0
10,0,0,0.5,0
10,0,0,0.5,0
0,0,0,0,0
0,0,0,0,0
0,0,0,0,0
0,4.4444,0,0,0
0,10,0,0,0
0,10,0,0,0
0,10,0,0,0
0,10,0,0,0
0,0,0,0,0
0,0,0,0,0
0,0,0,0,0
0,0,0,0,0
0,0,0,0,0
0,0,0,0,0
0,0,0,0,0
0,0,0,0,0
10,0,0,0.5,0
0,0,0,0,0
7.0974,0,0,0.35487,0
10,0,0,0.5,0
0,0,0,0,0
0,0,0,0,0
10,0,0,0,0
0,0,0,0,0
0,0,0,0,0
0,0,0,0,0
0,0,0,0,0
0,4.4444,0,0,0
0,10,0,0,0
0,10,0,0,0
0,10,0,0,0
0,10,0,0,0
0,0,0,0,0
0,0,0,0,0
0,0,0,0,0
0,0,0,0,0
0,0,0,0,0
0,0,0,0,0
7.215,0,0,0,0
10,0,0,0.5,0
0,0,0,0,0
0,0,0,0,0
0,0,0,0,0
10,0,0,0.5,0
0,0,0,0,0
0,0,0,0,0
10,0,0,0.5,0
0,0,0,0,0
0,0,0,0,0
0,0,0,0,0
0,0,0,0,0
0,4.4444,0,0,0
0,10,0,0,0
0,10,0,0,0
0,10,0,0,0
0,10,0,0,0
0,0,0,0,0
0,0,0,0,0
0,0,0,0,0
0,0,0,0,0
0,0,0,0,0
0,0,0,0,0
0,0,0,0,0
0,0,0,0,0
0,0,0,0,0
0,0,0,0,0
0,0,0,0,0
10,0,0,0,0
6.6754,0,0,0.33377,0
10,0,0,0.5,0
10,0,0,0,0
0,0,0,0,0
0,0,0,0,0
0,0,0,0,0
0,0,0,0,0
0,0,0,0,0
0,2.9227,0,0,0
0,10,0,0,0
0,10,0,0,0
0,10,0,0,0
0,0,0,0,0
6.0221,0,0,0,39.779
0,0,0,0,0
0,0,0,0,0
0,0,0,0,0
0,0,0,0,0
0,0,0,0,0
0,0,0,0,0
0,0,0,0,0
0,0,0,0,0
0,0,0,0,0
0,0,0,0,0
0,0,0,0,0
0,0,0,0,0
0,0,0,0,0
0,0,0,0,0
0,0,0,0,0
0,0,0,0,0
0,0,0,0,0
0,0,0,0,0
0,10,0,0,0
0,10,0,0,0
0,10,0,0,0
0,10,0,0,0
0,4.4444,0,0,0
0,0,0,0,0
0,0,0,0,0
0,0,0,0,0
0,0,0,0,0
0,0,0,0,0
10,0,0,0.5,0
0,0,0,0,0
0,0,0,0,0
0,0,0,0,0
10,0,0,0.5,0
7.5195,0,0,0.37598,0
0,0,0,0,0
0,0,0,0,0
10,0,0,0.5,0
0,0,0,0,0
0,0,0,0,0
0,0,0,0,0
0,0,0,0,0
0,0,0,0,0
0,4.4444,0,0,0
0,10,0,0,0
0,10,0,0,0
0,10,0,0,0
0,10,0,0,0
0,0,0,0,0
0,0,0,0,0
0,0,0,0,0
0,0,0,0,0
10,0,0,0,0
10,0,0,0.5,0
6.6754,0,0,0.33377,0
0,0,0,0,0
0,0,0,0,0
0,0,0,0,0
0,0,0,0,0
0,0,0,0,0
0,0,0,0,0
10,0,0,0,0
0,0,0,0,0
0,0,0,0,0
0,0,0,0,0
0,0,0,0,0
0,0,0,0,0
0,0,0,0,0
0,10,0,0,0
0,10,0,0,0
0,10,0,0,0
0,10,0,0,0
0,4.4444,0,0,0
0,0,0,0,0
0,0,0,0,0
0,0,0,0,0
0,0,0,0,0
0,0,0,0,0
0,0,0,0,0
0,0,0,0,0
0,0,0,0,0
0,0,0,0,0
0,0,0,0,0
0,0,0,0,0
10,0,0,0,0
10,0,0,0,0
10,0,0,0,0
6.2533,0,0,0.31266,0
0,0,0,0,0
0,0,0,0,0
0,4.4444,0,0,0
0,10,0,0,0
0,10,0,0,0
0,10,0,0,0
0,10,0,0,0
0,0,0,0,0
0,0,0,0,0
0,0,0,0,0
0,0,0,0,0
0,0,0,0,0
0,0,0,0,0
6.405,0,0,0,0
0,0,0,0,0
10,0,0,0,0
0,0,0,0,0
0,0,0,0,0
0,0,0,0,0
0,0,0,0,0
10,0,0,0.5,0
10,0,0,0,0
0,0,0,0,0
0,0,0,0,0
0,0,0,0,0
0,4.4444,0,0,0
0,0,0,0,0
0,10,0,0,0
0,10,0,0,0
0,10,0,0,0
0,10,0,0,0
0,0,0,0,0
10,0,0,0.5,0
10,0,0,0,0
0,0,0,0,0
0,0,0,0,0
0,0,0,0,0
7.0974,0,0,0.35487,0
0,0,0,0,0
0,0,0,0,0
0,0,0,0,0
0,0,0,0,0
0,0,0,0,0
0,0,0,0,0
0,0,0,0,0
10,0,0,0.5,0
0,0,0,0,0
0,0,0,0,0
0,0,0,0,0
0,0,0,0,0
0,4.4444,0,0,0
0,10,0,0,0
0,10,0,0,0
0,10,0,0,0
0,10,0,0,0
0,0,0,0,0
0,0,0,0,0
0,0,0,0,0
0,0,0,0,0
0,0,0,0,0
0,0,0,0,0
0,0,0,0,0
0,0,0,0,0
7.215,0,0,0,0
10,0,0,0.5,0
10,0,0,0.5,0
0,0,0,0,0
0,0,0,0,0
0,0,0,0,0
10,0,0,0.5,0
0,0,0,0,0
0,0,0,0,0
0,0,0,0,0
0,0,0,0,0
0,10,0,0,0
0,10,0,0,0
0,10,0,0,0
0,10,0,0,0
0,4.4444,0,0,0
0,0,0,0,0
0,0,0,0,0
6.0028,0,0,0.30014,0
10,0,0,0.5,0
0,0,0,0,39.779
0,0,0,0,0
0,0,0,0,0
0,0,0,0,0
0,0,0,0,0
0,0,0,0,0
0,0,0,0,0
0,0,0,0,0
0,0,0,0,0
0,0,0,0,0
0,0,0,0,0
0,0,0,0,0
0,0,0,0,0
0,0,0,0,0
0,0,0,0,0
0,0,0,0,0
0,10,0,0,0
0,10,0,0,0
0,10,0,0,0
0,10,0,0,0
0,4.4444,0,0,0
0,0,0,0,0
7.5195,0,0,0.37598,0
10,0,0,0.5,0
10,0,0,0.5,0
10,0,0,0.5,0
0,0,0,0,0
0,0,0,0,0
0,0,0,0,0
0,0,0,0,0
0,0,0,0,0
0,1.8457,0,0,0
0,10,0,0,0
0,0,0,0,0
10,0,0,0.5,0
0,0,0,0,0
0,0,0,0,0
0,0,0,0,0
0,0,0,0,0
0,0,0,0,0
0,10,0,0,0
0,10,0,0,0
0,10,0,0,0
0,10,0,0,0
0,4.4444,0,0,0
0,0,0,0,0
0,0,0,0,0
0,0,0,0,0
6.2533,0,0,0.31266,0
0,0,0,0,0
0,0,0,0,0
0,0,0,0,0
0,0,0,0,0
0,0,0,0,0
0,0,0,0,0
0,0,0,0,0
0,0,0,0,0
10,0,0,0,0
10,0,0,0,0
10,0,0,0,0
0,0,0,0,0
0,0,0,0,0
0,0,0,0,0
0,10,0,0,0
0,0,0,0,0
0,10,0,0,0
0,10,0,0,0
0,10,0,0,0
0,4.4444,0,0,0
0,0,0,0,0
0,0,0,0,0
0,0,0,0,0
0,0,0,0,0
0,0,0,0,0
0,0,0,0,0
0,0,0,0,0
0,0,0,0,0
0,0,0,0,0
0,0,0,0,0
0,0,0,0,0
6,0,0,0,0
10,0,0,0,0
10,0,0,0,0
10,0,0,0,0
0,0,0,0,0
0,0,0,0,0
0,0,0,0,0
0,4.4444,0,0,0
0,10,0,0,0
0,10,0,0,0
0,10,0,0,0
0,10,0,0,0
0,0,0,0,0
0,0,0,0,0
0,0,0,0,0
0,0,0,0,0
0,0,0,0,0
0,0,0,0,0
0,0,0,0,0
0,0,0,0,0
0,0,0,0,0
10,0,0,0.5,0
10,0,0,0,0
10,0,0,0,0
0,0,0,0,0
0,0,0,0,0
6.405,0,0,0,0
0,0,0,0,0
0,0,0,0,0
0,0,0,0,0
0,0,0,0,0
0,0,0,0,0
0,10,0,0,0
0,10,0,0,0
0,10,0,0,0
0,10,0,0,0
0,4.4444,0,0,0
0,0,0,0,0
0,0,0,0,0
0,0,0,0,0
0,0,0,0,0
0,0,0,0,0
0,0,0,0,0
0,0,0,0,0
0,0,0,0,0
10,0,0,0.5,0
10,0,0,0.5,0
10,0,0,0.5,0
7.5195,0,0,0.37598,0
0,0,0,0,0
0,0,0,0,0
0,0,0,0,0
0,0,0,0,0
0,0,0,0,0
0,0,0,0,0
0,4.4444,0,0,0
0,10,0,0,0
0,10,0,0,0
0,10,0,0,0
0,10,0,0,0
0,0,0,0,0
0,0,0,0,0
0,0,0,0,0
0,0,0,0,0
0,0,0,0,0
0,0,0,0,0
0,0,0,0,0
0,0,0,0,0
0,0,0,0,0
10,0,0,0.5,0
10,0,0,0,0
10,0,0,0.5,0
7.0974,0,0,0.35487,0
0,0,0,0,0
0,0,0,0,0
0,0,0,0,0
0,0,0,0,0
0,0,0,0,0
0,0,0,0,0
0,4.4444,0,0,0
0,10,0,0,0
0,10,0,0,0
0,10,0,0,0
0,10,0,0,0
0,0,0,0,0
0,0,0,0,0
0,0,0,0,0
0,0,0,0,0
9.3326,0,0,0,0
6.0221,0,0,0,39.779
0,0,0,0,0
0,0,0,0,0
0,0,0,0,0
0,0,0,0,0
0,0,0,0,0
0,0,0,0,0
0,0,0,0,0
0,0,0,0,0
0,0,0,0,0
0,0,0,0,0
0,0,0,0,0
0,0,0,0,0
0,0,0,0,0
0,0,0,0,0
0,10,0,0,0
0,10,0,0,0
0,10,0,0,0
0,10,0,0,0
0,4.4444,0,0,0
6,0,0,0,0
10,0,0,0,0
0,0,0,0,0
0,0,0,0,0
10,0,0,0,0
10,0,0,0,0
0,0,0,0,0
0,0,0,0,0
0,0,0,0,0
0,0,0,0,0
0,0,0,0,0
0,0,0,0,0
0,0,0,0,0
0,0,0,0,0
0,0,0,0,0
0,0,0,0,0
0,0,0,0,0
0,10,0,0,0
0,0,0,0,0
0,0,0,0,0
0,10,0,0,0
0,10,0,0,0
0,10,0,0,0
0,4.4444,0,0,0
0,0,0,0,0
0,0,0,0,0
0,0,0,0,0
0,0,0,0,0
6,0,0,0,0
0,0,0,0,0
0,0,0,0,0
0,0,0,0,0
0,0,0,0,0
0,0,0,0,0
0,0,0,0,0
0,0,0,0,0
10,0,0,0,0
10,0,0,0,0
10,0,0,0,0
0,0,0,0,0
0,0,0,0,0
0,0,0,0,0
0,0,0,0,0
0,0,0,0,0
0,10,0,0,0
0,10,0,0,0
0,10,0,0,0
0,10,0,0,0
0,0,0,0,0
0,0,0,0,0
0,0,0,0,0
0,0,0,0,0
0,0,0,0,0
0,0,0,0,0
0,0,0,0,0
0,0,0,0,0
0,0,0,0,0
0,0,0,0,0
0,0,0,0,0
0,0,0,0,0
10,0,0,0,0
10,0,0,0,0
10,0,0,0,0
0,0,0,0,0
0,0,0,0,0
0,0,0,0,0
0,1.4815,0,0,0
0,10,0,0,0
0,10,0,0,0
0,10,0,0,0
0,10,0,0,0
0,0,0,0,0
0,0,0,0,0
6.997,0,0,0,18.127
0,0,0,0,0
0,0,0,0,0
0,0,0,0,0
0,0,0,0,0
0,0,0,0,0
0,0,0,0,0
0,0,0,0,0
0,0,0,0,0
0,0,0,0,0
0,0,0,0,0
10,0,0,0.5,0
10,0,0,0,0
0,0,0,0,0
0,0,0,0,0
0,0,0,0,0
0,0,0,0,0
0,0,0,0,0
0,4.1914,0,0,0
0,10,0,0,0
0,10,0,0,0
0,0,0,0,0
0,0,0,0,0
10,0,0,0.5,0
10,0,0,0.5,0
0.42209,0,0,0.021105,0
0,0,0,0,0
0,0,0,0,0
0,0,0,0,0
0,0,0,0,0
0,0,0,0,0
0,0,0,0,0
0,10,0,0,0
0,10,0,0,0
0,4.1914,0,0,0
10,0,0,0,0
10,0,0,0.5,0
0,0,0,0,0
0,0,0,0,0
0,0,0,0,0
0,0,0,0,0
0,0,0,0,0
0,4.1914,0,0,0
0,10,0,0,0
0,10,0,0,0
0,0,0,0,0
0,0,0,0,0
10,0,0,0,0
10,0,0,0.5,0
0,0,0,0,0
0,0,0,0,0
0,0,0,0,0
0,0,0,0,0
0,0,0,0,0
0,0,0,0,0
0,0,0,0,0
0,10,0,0,0
0,10,0,0,0
0,4.1914,0,0,0
10,0,0,0.5,0
10,0,0,0,0
0,0,0,0,0
0,0,0,0,0
0,0,0,0,0
0,0,0,0,0
0,4.1914,0,0,0
0,0,0,0,0
0,10,0,0,0
0,10,0,0,0
0,0,0,0,0
0,0,0,0,0
0,0,0,0,0
8.3576,0,0,0,0
0,0,0,0,0
0,0,0,0,0
0,0,0,0,0
0,0,0,0,21.652
0,0,0,0,0
0,0,0,0,0
0,0,0,0,0
0,0,0,0,0
0,0,0,0,0
0,0,0,0,0
0,0,0,0,0
0,0,0,0,0
0,0,0,0,0
0,0,0,0,0
0,0,0,0,0
0,0,0,0,0
0,0,0,0,0
0,10,0,0,0
0,10,0,0,0
0,10,0,0,0
0,10,0,0,0
0,4.4444,0,0,0
6.81,0,0,0,0
10,0,0,0,0
0,0,0,0,0
10,0,0,0.5,0
0,0,0,0,0
0,0,0,0,0
0,0,0,0,0
0,0,0,0,0
0,0,0,0,0
0,0,0,0,0
0,0,0,0,0
0,0,0,0,0
10,0,0,0.5,0
0,0,0,0,0
0,0,0,0,0
0,0,0,0,0
0,0,0,0,0
0,0,0,0,0
0,0,0,0,0
0,4.4444,0,0,0
0,10,0,0,0
0,10,0,0,0
0,10,0,0,0
0,10,0,0,0
0,0,0,0,0
0,0,0,0,0
0,0,0,0,0
0,0,0,0,0
0,0,0,0,0
0,0,0,0,0
0,0,0,0,0
0,0,0,0,0
0,0,0,0,0
0,0,0,0,0
0,0,0,0,0
6,0,0,0,0
10,0,0,0,0
10,0,0,0,0
10,0,0,0,0
0,0,0,0,0
0,0,0,0,0
0,0,0,0,0
0,0,0,0,0
0,0,0,0,0
0,10,0,0,0
0,10,0,0,0
0,10,0,0,0
0,10,0,0,0
0,4.4444,0,0,0
0,0,0,0,0
0,0,0,0,0
0,0,0,0,0
0,0,0,0,0
0,0,0,0,0
0,0,0,0,0
0,0,0,0,0
0,0,0,0,0
0,0,0,0,0
0,0,0,0,0
6.2533,0,0,0.31266,0
10,0,0,0,0
10,0,0,0,0
10,0,0,0,0
0,0,0,0,0
0,0,0,0,0
0,0,0,0,0
0,4.4444,0,0,0
0,10,0,0,0
0,10,0,0,0
0,10,0,0,0
0,10,0,0,0
0,0,0,0,0
9.3326,0,0,0,0
6.0221,0,0,0,39.779
0,0,0,0,0
0,0,0,0,0
0,0,0,0,0
0,0,0,0,0
0,0,0,0,0
0,0,0,0,0
0,0,0,0,0
0,0,0,0,0
0,0,0,0,0
0,0,0,0,0
0,0,0,0,0
0,0,0,0,0
0,0,0,0,0
0,0,0,0,0
0,0,0,0,0
0,0,0,0,0
0,0,0,0,0
0,0,0,0,0
0,0,0,0,0
0,0,0,0,0
0,0,0,0,0
0,0,0,0,0
0,0,0,0,0
0,0,0,0,0
0,0,0,0,0
0,0,0,0,0
0,0,0,0,0
0,0,0,0,0
0,0,0,0,0
0,0,0,0,0
0,0,0,0,0
0,0,0,0,0
0,0,0,0,0
0,0,0,0,0
0,0,0,0,0
0,0,0,0,0
0,0,0,0,0
0,0,0,0,0
0,0,0,0,0
0,0,0,0,0
0,0,0,0,0
0,0,0,0,0
0,0,0,0,0
0,0,0,0,0
0,0,0,0,0
0,0,0,0,0
0,0,0,0,0
0,0,0,0,0
0,0,0,0,0
0,0,0,0,0
0,0,0,0,0
0,0,0,0,0
0,0,0,0,0
0,0,0,0,0
0,0,0,0,0
0,0,0,0,0
0,0,0,0,0
0,0,0,0,0
0,0,0,0,0
0,0,0,0,0
0,0,0,0,0
0,0,0,0,0
0,0,0,0,0
0,0,0,0,0
0,0,0,0,0
0,0,0,0,0
0,0,0,0,0
0,0,0,0,0
0,0,0,0,0
0,0,0,0,0
0,0,0,0,0
0,0,0,0,0
0,0,0,0,0
0,0,0,0,0
0,0,0,0,0
0,0,0,0,0
0,0,0,0,0
0,0,0,0,0
0,0,0,0,0
0,0,0,0,0
0,0,0,0,0
0,0,0,0,0
0,0,0,0,0
0,0,0,0,0
0,0,0,0,0
0,0,0,0,0
0,0,0,0,0
0,0,0,0,0
0,0,0,0,0
0,10,0,0,0
0,10,0,0,0
0,10,0,0,0
0,10,0,0,0
0,4.4444,0,0,0
0,0,0,0,0
10,0,0,0,0
0,0,0,0,0
0,0,0,0,0
6.405,0,0,0,0
0,0,0,0,0
0,0,0,0,0
0,0,0,0,0
0,0,0,0,0
0,0,0,0,0
0,0,0,0,0
0,0,0,0,0
10,0,0,0,0
10,0,0,0.5,0
0,0,0,0,0
0,0,0,0,0
0,0,0,0,0
0,0,0,0,0
0,0,0,0,0
0,10,0,0,0
0,10,0,0,0
0,10,0,0,0
0,10,0,0,0
0,4.4444,0,0,0
0,0,0,0,0
0,0,0,0,0
6,0,0,0,0
10,0,0,0,0
0,0,0,0,0
0,0,0,0,0
0,0,0,0,0
0,0,0,0,0
0,0,0,0,0
0,0,0,0,0
0,0,0,0,0
0,0,0,0,0
10,0,0,0,0
10,0,0,0,0
0,0,0,0,0
0,0,0,0,0
0,0,0,0,0
0,0,0,0,0
0,0,0,0,0
0,10,0,0,0
0,4.4444,0,0,0
0,10,0,0,0
0,10,0,0,0
0,10,0,0,0
0,0,0,0,0
0,0,0,0,0
0,0,0,0,0
0,0,0,0,0
0,0,0,0,0
0,0,0,0,0
0,0,0,0,0
0,0,0,0,0
0,0,0,0,0
0,0,0,0,0
0,0,0,0,0
0,0,0,0,0
10,0,0,0,0
10,0,0,0,0
10,0,0,0,0
6,0,0,0,0
0,0,0,0,0
0,0,0,0,0
0,0,0,0,0
0,10,0,0,0
0,10,0,0,0
0,10,0,0,0
0,10,0,0,0
0,4.4444,0,0,0
0,0,0,0,0
10,0,0,0,0
10,0,0,0.5,0
0,0,0,0,0
0,0,0,0,0
0,0,0,0,0
0,0,0,0,0
0,0,0,0,0
0,0,0,0,0
0,0,0,0,0
0,4.4383,0,0,0
0,0,0,0,0
10,0,0,0,0
10,0,0,0,0
0,0,0,0,0
0,0,0,0,0
0,0,0,0,0
0,0,0,0,0
0,0,0,0,0
0,10,0,0,0
0,10,0,0,0
0,10,0,0,0
0,10,0,0,0
0,4.4444,0,0,0
0,0,0,0,0
10,0,0,0.5,0
10,0,0,0,0
0,0,0,0,0
0,0,0,0,0
0,0,0,0,0
0,0,0,0,0
0,0,0,0,0
0,0,0,0,0
0,0,0,0,0
0,10,0,0,0
0,0,0,0,0
10,0,0,0,0
10,0,0,0.5,0
4.91,0,0,0,0
0,0,0,0,0
0,0,0,0,0
0,0,0,0,0
0,0,0,0,0
0,4.4444,0,0,0
0,10,0,0,0
0,10,0,0,0
0,10,0,0,0
0,10,0,0,0
0,0,0,0,0
10,0,0,0,0
0,0,0,0,0
0,0,0,0,0
0,0,0,0,0
0,0,0,0,0
0,0,0,0,0
0,0,0,0,0
0,0,0,0,0
0,0,0,0,0
0,4.9383,0,0,0
0,0,0,0,0
10,0,0,0,0
10,0,0,0,0
10,0,0,0,0
0,0,0,0,0
0,0,0,0,0
0,0,0,0,0
0,0,0,0,0
0,4.4444,0,0,0
0,10,0,0,0
0,10,0,0,0
0,10,0,0,0
0,10,0,0,0
0,0,0,0,0
10,0,0,0,0
10,0,0,0,0
4.3,0,0,0,0
0,0,0,0,0
0,0,0,0,0
0,0,0,0,0
0,0,0,0,0
0,0,0,0,0
0,10,0,0,0
0,10,0,0,0
0,10,0,0,0
10,0,0,0,0
10,0,0,0,0
0,0,0,0,0
0,0,0,0,0
0,5.7349,0,0,39.779
0,0,0,0,0
0,0,0,0,0
0,4.4444,0,0,0
0,10,0,0,0
0,10,0,0,0
0,10,0,0,0
0,10,0,0,0
0,0,0,0,0
10,0,0,0.5,0
10,0,0,0.5,0
0,0,0,0,0
0,0,0,0,0
0,0,0,0,0
0,0,0,0,0
0,0,0,0,0
0,0,0,0,0
0,5.284,0,0,0
0,10,0,0,0
0,0,0,0,0
10,0,0,0,0
10,0,0,0.5,0
10,0,0,0.5,0
0,0,0,0,0
0,0,0,0,0
0,0,0,0,0
0,0,0,0,0
0,4.4444,0,0,0
0,10,0,0,0
0,10,0,0,0
0,10,0,0,0
0,10,0,0,0
0,0,0,0,0
0,0,0,0,0
0,0,0,0,0
10,0,0,0,0
10,0,0,0.5,0
0,0,0,0,0
0,0,0,0,0
0,0,0,0,0
0,0,0,0,0
0,10,0,0,0
0,10,0,0,0
0,0,0,0,0
10,0,0,0,0
10,0,0,0.5,0
10,0,0,0.5,0
3.5591,0,0,0.17796,0
0,0,0,0,0
0,0,0,0,0
0,0,0,0,0
0,0,0,0,0
0,10,0,0,0
0,10,0,0,0
0,10,0,0,0
0,1.2284,0,0,0
0,0,0,0,0
0,0,0,0,0
10,0,0,0.5,0
10,0,0,0,0
0,0,0,0,0
0,0,0,0,0
0,0,0,0,0
0,0,0,0,0
0,10,0,0,0
0,10,0,0,0
0,10,0,0,0
0,0,0,0,0
10,0,0,0,0
10,0,0,0,0
10,0,0,0,0
0,0,0,0,0
0,0,0,0,0
0,0,0,0,0
0,10,0,0,0
0,4.4444,0,0,0
0,10,0,0,0
0,10,0,0,0
0,10,0,0,0
0,0,0,0,0
0,0,0,0,0
10,0,0,0,0
10,0,0,0,0
2.2929,0,0,0.11464,0
0,0,0,0,0
0,0,0,0,0
0,0,0,0,0
0,0,0,0,0
0,0,0,0,0
0,10,0,0,0
0,10,0,0,0
0,0,0,0,0
10,0,0,0,0
10,0,0,0,0
10,0,0,0,0
0,0,0,0,0
0,0,0,0,0
0,0,0,0,0
0,4.4444,0,0,0
0,10,0,0,0
0,10,0,0,0
0,10,0,0,0
0,10,0,0,0
0,0,0,0,0
0,0,0,0,0
10,0,0,0,0
10,0,0,0,0
10,0,0,0,0
0,0,0,0,0
3.7859,0,0,0.1893,0
0,0,0,0,0
0,0,0,0,0
0,0,0,0,0
0,10,0,0,0
0,10,0,0,0
0,10,0,0,0
6.0221,0,0,0,39.779
0,0,0,0,0
0,0,0,0,0
0,0,0,0,0
0,0,0,0,0
0,0,0,0,0
0,0,0,0,0
0,0,0,0,0
0,0,0,0,0
0,0,0,0,0
0,0,0,0,0
0,0,0,0,0
0,0,0,0,0
0,0,0,0,0
0,0,0,0,0
0,0,0,0,0
0,0,0,0,0
0,0,0,0,0
0,0,0,0,0
0,0,0,0,0
0,0,0,0,0
0,0,0,0,0
0,0,0,0,0
0,0,0,0,0
0,0,0,0,0
0,0,0,0,0
0,0,0,0,0
0,0,0,0,0
0,0,0,0,0
0,0,0,0,0
0,0,0,0,0
0,0,0,0,0
0,0,0,0,0
0,0,0,0,0
0,0,0,0,0
0,0,0,0,0
0,0,0,0,0
0,0,0,0,0
0,0,0,0,0
0,0,0,0,0
0,0,0,0,0
0,0,0,0,0
0,0,0,0,0
0,0,0,0,0
0,0,0,0,0
0,0,0,0,0
0,0,0,0,0
0,0,0,0,0
0,0,0,0,0
0,0,0,0,0
0,0,0,0,0
0,0,0,0,0
0,0,0,0,0
0,0,0,0,0
0,0,0,0,0
0,10,0,0,0
0,10,0,0,0
0,10,0,0,0
0,10,0,0,0
0,4.4444,0,0,0
4.1799,0,0,0,0
7.0823,0,0,0,29.177
10,0,0,0.5,0
0,0,0,0,0
0,0,0,0,0
0,0,0,0,0
0,0,0,0,0
0,0,0,0,0
0,0,0,0,0
0,1.8457,0,0,0
0,10,0,0,0
0,0,0,0,0
10,0,0,0.5,0
0,0,0,0,0
0,0,0,0,0
0,0,0,0,0
0,0,0,0,0
0,0,0,0,0
0,0,0,0,0
0,0,0,0,0
0,0,0,0,0
0,1.8457,0,0,0
0,10,0,0,0
0,0,0,0,0
0,0,0,0,0
0,0,0,0,0
0,0,0,0,0
0,0,0,0,0
0,0,0,0,0
0,0,0,0,0
0,0,0,0,0
0,0,0,0,0
0,0,0,0,0
0,0,0,0,0
0,0,0,0,0
0,0,0,0,0
10,0,0,0.5,0
0,0,0,0,0
0,0,0,0,0
0,0,0,0,0
0,0,0,0,0
0,0,0,0,0
0,0,0,0,0
0,0,0,0,0
0,0,0,0,0
0,1.8457,0,0,0
0,10,0,0,0
0,0,0,0,0
0,0,0,0,0
0,0,0,0,0
0,0,0,0,0
0,0,0,0,0
0,0,0,0,0
0,0,0,0,0
0,0,0,0,0
0,0,0,0,0
0,0,0,0,0
0,0,0,0,0
0,0,0,0,0
0,0,0,0,0
10,0,0,0.5,0
0,0,0,0,0
0,0,0,0,0
0,0,0,0,0
0,0,0,0,0
0,0,0,0,0
0,0,0,0,0
0,0,0,0,0
0,0,0,0,0
0,10,0,0,0
0,1.8457,0,0,0
0,0,0,0,0
0,0,0,0,0
10,0,0,0.5,0
0,0,0,0,0
0,0,0,0,0
0,0,0,0,0
0,0,0,0,0
0,0,0,0,0
0,0,0,0,0
0,0,0,0,0
0,1.8457,0,0,0
0,10,0,0,0
0,0,0,0,0
9.595,0,0,0,0
0,0,0,0,0
0,0,0,0,0
0,0,0,0,0
0,0,0,0,0
0,0,0,0,0
0,0,0,0,0
0,0,0,0,0
0,0,0,0,0
0,1.8457,0,0,0
0,10,0,0,0
0,0,0,0,0
0,0,0,0,0
10,0,0,0.5,0
0,0,0,0,0
0,0,0,0,0
0,0,0,0,0
0,0,0,0,0
0,0,0,0,0
0,0,0,0,0
0,0,0,0,0
0,1.8457,0,0,0
0,10,0,0,0
0,0,0,0,0
9.595,0,0,0,0
0,0,0,0,0
0,0,0,0,0
0,0,0,0,0
0,0,0,0,0
0,0,0,0,0
0,0,0,0,0
0,0,0,0,0
0,0,0,0,0
0,10,0,0,0
0,1.8457,0,0,0
0,0,0,0,0
0,0,0,0,0
10,0,0,0.5,0
0,0,0,0,0
0,0,0,0,0
0,0,0,0,0
0,0,0,0,0
0,0,0,0,0
0,0,0,0,0
0,0,0,0,0
0,1.8457,0,0,0
0,10,0,0,0
0,0,0,0,0
10,0,0,0.5,0
0,0,0,0,0
0,0,0,0,0
0,0,0,0,0
0,0,0,0,0
0,0,0,0,0
0,0,0,0,0
0,0,0,0,0
0,0,0,0,0
0,0,0,0,0
0,10,0,0,0
0,1.8457,0,0,0
0,0,0,0,0
0,0,0,0,0
0,0,0,0,0
0,0,0,0,0
4.0925,0,0,0,0
0,0,0,0,0
0,0,0,0,10.602
0,0,0,0,0
0,0,0,0,0
0,0,0,0,0
0,0,0,0,0
0,0,0,0,0
0,0,0,0,0
0,0,0,0,0
0,0,0,0,0
0,0,0,0,0
0,0,0,0,0
0,0,0,0,0
0,0,0,0,0
0,4.4444,0,0,0
0,10,0,0,0
0,10,0,0,0
0,10,0,0,0
0,10,0,0,0
0,0,0,0,0
0,0,0,0,0
0,0,0,0,0
0,0,0,0,0
0,0,0,0,0
0,0,0,0,0
0,0,0,0,0
0,0,0,0,0
0,0,0,0,0
0,0,0,0,0
0,0,0,0,0
0,0,0,0,0
10,0,0,0,0
10,0,0,0,0
0,0,0,0,0
0,0,0,0,0
0,0,0,0,0
0,0,0,0,0
0,4.6914,0,0,0
0,0,0,0,0
0,0,0,0,0
0,10,0,0,0
0,10,0,0,0
0,0,0,0,0
0,0,0,0,0
0,0,0,0,0
0,0,0,0,0
0,0,0,0,0
0,0,0,0,0
0,0,0,0,0
0,0,0,0,0
0,0,0,0,0
0,0,0,0,0
0,0,0,0,0
0,0,0,0,0
0,0,0,0,0
10,0,0,0,0
10,0,0,0,0
10,0,0,0,0
2.4,0,0,0,0
0,0,0,0,0
0,0,0,0,0
0,0,0,0,0
0,0,0,0,0
0,10,0,0,0
0,10,0,0,0
0,10,0,0,0
0,10,0,0,0
0,0,0,0,0
0,0,0,0,0
0,0,0,0,0
0,0,0,0,0
0,0,0,0,0
0,0,0,0,0
0,0,0,0,0
0,0,0,0,0
0,0,0,0,0
0,0,0,0,0
0,0,0,0,0
0,0,0,0,0
10,0,0,0,0
10,0,0,0,0
10,0,0,0,0
6,0,0,0,0
0,0,0,0,0
0,0,0,0,0
0,0,0,0,0
0,10,0,0,0
0,10,0,0,0
0,10,0,0,0
0,10,0,0,0
0,4.4444,0,0,0
0,0,0,0,0
10,0,0,0,0
10,0,0,0,0
10,0,0,0,0
0.3,0,0,0,0
0,0,0,0,0
0,0,0,0,0
0,0,0,0,0
0,10,0,0,0
0,10,0,0,0
0,10,0,0,0
0,0,0,0,0
10,0,0,0,0
10,0,0,0,0
10,0,0,0,0
0,0,0,0,0
0,0,0,0,0
0,0,0,0,0
0,4.4444,0,0,0
0,0,0,0,0
0,10,0,0,0
0,10,0,0,0
0,10,0,0,0
0,10,0,0,0
0,0,0,0,0
0,0,0,0,0
0,0,0,0,0
0,0,0,0,0
0,0,0,0,0
0,0,0,0,0
0,0,0,0,0
0,0,0,0,0
0,0,0,0,0
0,0,0,0,0
0,0,0,0,0
0,0,0,0,0
10,0,0,0,0
10,0,0,0,0
10,0,0,0,0
6,0,0,0,0
0,0,0,0,0
0,0,0,0,0
0,0,0,0,0
0,4.4444,0,0,0
0,10,0,0,0
0,10,0,0,0
0,10,0,0,0
0,10,0,0,0
0,0,0,0,0
0,0,0,0,0
0,0,0,0,0
0,0,0,0,0
10,0,0,0,0
6,0,0,0,0
0,0,0,0,0
0,0,0,0,0
0,0,0,0,0
0,0,0,0,0
0,0,0,0,0
0,0,0,0,0
10,0,0,0,0
10,0,0,0,0
0,0,0,0,0
0,0,0,0,0
0,0,0,0,0
0,0,0,0,0
0,10,0,0,0
0,0,0,0,0
0,10,0,0,0
0,10,0,0,0
0,10,0,0,0
0,4.4444,0,0,0
0,0,0,0,0
0,0,0,0,0
0,0,0,0,0
0,0,0,0,0
0,0,0,0,0
0,0,0,0,0
0,0,0,0,0
0,0,0,0,0
0,0,0,0,0
0,0,0,0,0
0,0,0,0,0
0,0,0,0,0
10,0,0,0,0
10,0,0,0,0
0,0,0,0,0
0,0,0,0,0
0,0.090142,0.0045071,0,0
0,6.0221,0.3011,0,39.779
0,0,0,0,0
0,10,0,0,0
0,10,0,0,0
0,10,0,0,0
0,10,0,0,0
0,4.4444,0,0,0
0,0,0,0,0
10,0,0,0,0
10,0,0,0,0
10,0,0,0,0
2.4,0,0,0,0
0,0,0,0,0
0,0,0,0,0
0,10,0,0,0
0,10,0,0,0
0,10,0,0,0
0,10,0,0,0
0,0,0,0,0
10,0,0,0,0
10,0,0,0,0
10,0,0,0,0
6,0,0,0,0
0,0,0,0,0
0,0,0,0,0
0,10,0,0,0
0,0,0,0,0
0,10,0,0,0
0,10,0,0,0
0,10,0,0,0
0,4.4444,0,0,0
0,0,0,0,0
0,0,0,0,0
4.3,0,0,0,0
10,0,0,0,0
10,0,0,0,0
0,0,0,0,0
0,0,0,0,0
0,0,0,0,0
0,10,0,0,0
0,10,0,0,0
0,10,0,0,0
0,0,0,0,0
10,0,0,0,0
10,0,0,0.5,0
10,0,0,0.5,0
7.0974,0,0,0.35487,0
0,0,0,0,0
0,0,0,0,0
0,0,0,0,0
0,0,0,0,0
0,10,0,0,0
0,10,0,0,0
0,10,0,0,0
0,10,0,0,0
0,4.4444,0,0,0
0,0,0,0,0
0,0,0,0,0
0,0,0,0,0
0,0,0,0,0
0,0,0,0,0
0,0,0,0,0
0,0,0,0,0
0,0,0,0,0
0,0,0,0,0
0,0,0,0,0
0,0,0,0,0
10,0,0,0,0
10,0,0,0.5,0
10,0,0,0,0
6.405,0,0,0,0
0,0,0,0,0
0,0,0,0,0
0,0,0,0,0
0,10,0,0,0
0,10,0,0,0
0,10,0,0,0
0,10,0,0,0
0,4.4444,0,0,0
0,0,0,0,0
10,0,0,0,0
10,0,0,0,0
4.3,0,0,0,0
0,0,0,0,0
0,0,0,0,0
0,0,0,0,0
0,0,0,0,0
0,10,0,0,0
0,10,0,0,0
0,10,0,0,0
0,0,0,0,0
10,0,0,0,0
10,0,0,0,0
10,0,0,0,0
6,0,0,0,0
0,0,0,0,0
0,0,0,0,0
0,10,0,0,0
0,4.4444,0,0,0
0,10,0,0,0
0,10,0,0,0
0,10,0,0,0
0,0,0,0,0
0,0,0,0,0
9.3326,0,0,0,0
6.0221,0,0,0,39.779
0,0,0,0,0
0,0,0,0,0
0,0,0,0,0
0,0,0,0,0
0,0,0,0,0
0,0,0,0,0
0,0,0,0,0
0,0,0,0,0
0,0,0,0,0
0,0,0,0,0
0,0,0,0,0
0,0,0,0,0
0,0,0,0,0
0,0,0,0,0
0,0,0,0,0
0,0,0,0,0
0,0,0,0,0
0,0,0,0,0
0,0,0,0,0
0,0,0,0,0
0,0,0,0,0
0,0,0,0,0
0,0,0,0,0
0,0,0,0,0
0,0,0,0,0
0,0,0,0,0
0,0,0,0,0
0,0,0,0,0
0,0,0,0,0
0,0,0,0,0
0,0,0,0,0
0,0,0,0,0
0,0,0,0,0
0,0,0,0,0
0,0,0,0,0
0,0,0,0,0
0,0,0,0,0
0,0,0,0,0
0,0,0,0,0
0,0,0,0,0
0,0,0,0,0
0,0,0,0,0
0,0,0,0,0
0,0,0,0,0
0,0,0,0,0
0,0,0,0,0
0,0,0,0,0
0,0,0,0,0
0,0,0,0,0
0,0,0,0,0
0,0,0,0,0
0,0,0,0,0
0,0,0,0,0
0,0,0,0,0
0,0,0,0,0
0,0,0,0,0
0,0,0,0,0
0,0,0,0,0
0,0,0,0,0
0,0,0,0,0
0,0,0,0,0
0,0,0,0,0
0,0,0,0,0
0,0,0,0,0
0,10,0,0,0
0,10,0,0,0
0,10,0,0,0
0,10,0,0,0
0,4.4444,0,0,0
0,0,0,0,0
10,0,0,0,0
10,0,0,0,0
10,0,0,0.5,0
6.6754,0,0,0.33377,0
0,0,0,0,0
0,0,0,0,0
0,10,0,0,0
0,10,0,0,0
0,10,0,0,0
0,10,0,0,0
0,4.4444,0,0,0
10,0,0,0,0
10,0,0,0,0
6,0,0,0,0
10,0,0,0,0
0,0,0,0,0
0,0,0,0,0
0,0,0,0,0
0,1.4815,0,0,0
0,10,0,0,0
0,10,0,0,0
0,10,0,0,0
0,10,0,0,0
0,0,0,0,0
0,0,0,0,0
10,0,0,0,0
10,0,0,0,0
10,0,0,0,0
0,0,0,0,0
0,0,0,0,0
0,10,0,0,0
0,10,0,0,0
0,10,0,0,0
0,10,0,0,0
0,0,0,0,0
10,0,0,0,0
10,0,0,0.5,0
10,0,0,0.5,0
6.81,0,0,0,0
0,0,0,0,0
0,0,0,0,0
0,0,0,0,0
0,0,0,0,0
0,0,0,0,0
0,1.8457,0,0,0
0,10,0,0,0
0,0,0,0,0
0,0,0,0,0
0,0,0,0,0
10,0,0,0.5,0
0,0,0,0,0
0,0,0,0,0
0,0,0,0,0
0,0,0,0,0
0,0,0,0,0
0,10,0,0,0
0,10,0,0,0
0,10,0,0,0
0,0,0,0,0
10,0,0,0,0
10,0,0,0,0
4.3,0,0,0,0
0,0,0,0,0
0,0,0,0,0
0,0,0,0,0
0,0,0,0,0
0,4.4444,0,0,0
0,10,0,0,0
0,10,0,0,0
0,10,0,0,0
0,10,0,0,0
0,0,0,0,0
0,0,0,0,0
0,0,0,0,0
0,0,0,0,0
0,0,0,0,0
0,0,0,0,0
0,0,0,0,0
0,0,0,0,0
0,0,0,0,0
0,0,0,0,0
0,0,0,0,0
0,0,0,0,0
10,0,0,0,0
10,0,0,0,0
10,0,0,0,0
6,0,0,0,0
0,0,0,0,0
0,0,0,0,0
0,10,0,0,0
0,4.4444,0,0,0
0,10,0,0,0
0,10,0,0,0
0,10,0,0,0
0,0,0,0,0
0,0,0,0,0
10,0,0,0,0
10,0,0,0,0
10,0,0,0.5,0
0,0,0,0,0
0,0,0,0,0
0,0,0,0,0
0,6.537,0,0,0
0,10,0,0,0
0,10,0,0,0
0,10,0,0,0
0,0,0,0,0
10,0,0,0,0
10,0,0,0,0
10,0,0,0.5,0
6.6754,0,0,0.33377,0
0,0,0,0,0
0,0,0,0,0
0,0,0,0,0
0,4.4444,0,0,0
0,10,0,0,0
0,10,0,0,0
0,10,0,0,0
0,10,0,0,0
0,0,0,0,0
10,0,0,0.5,0
10,0,0,0.5,0
10,0,0,0.5,0
3.7676,0,0,0.18838,0
0,0,0,0,0
0,0,0,0,0
0,10,0,0,0
0,10,0,0,0
0,10,0,0,0
0,10,0,0,0
0,0,0,0,0
10,0,0,0.5,0
10,0,0,0.5,0
10,0,0,0.5,0
7.5195,0,0,0.37598,0
0,0,0,0,0
0,0,0,0,0
0,0,0,0,0
0,10,0,0,0
0,10,0,0,0
0,10,0,0,0
0,10,0,0,0
0,4.4444,0,0,0
0,0,0,0,0
0,0,0,0,0
10,0,0,0.5,0
0,0,0,0,0
0,0,0,0,0
0,0,0,0,0
0,0,0,0,0
0,0,0,0,0
0,1.8457,0,0,0
0,10,0,0,0
0,0,0,0,0
0,0,0,0,0
9.3326,0,0,0,0
6.0221,0,0,0,39.779
0,0,0,0,0
0,0,0,0,0
0,0,0,0,0
0,0,0,0,0
0,0,0,0,0
0,10,0,0,0
0,10,0,0,0
0,10,0,0,0
0,10,0,0,0
0,4.4444,0,0,0
0,0,0,0,0
10,0,0,0,0
10,0,0,0,0
9.2475,0,0,0,7.5249
2.8471,0,0,0,0
0,0,0,0,0
0,0,0,0,0
0,0,0,0,0
0,10,0.5,0,0
0,10,0,0,0
0,10,0,0,0
0,0,0,0,0
10,0,0,0,0
10,0,0,0.5,0
4.205,0,0,0,0
0,0,0,0,0
0,0,0,0,0
0,0,0,0,0
0,0,0,0,0
0,0,0,0,0
0,0,0,0,0
0,0,0,0,0
0,10,0,0,0
0,2.3457,0,0,0
0,0,0,0,0
0,0,0,0,0
0,0,0,0,0
0,0,0,0,0
10,0,0,0,0
0,0,0,0,0
0,0,0,0,0
0,0,0,0,0
0,0,0,0,0
0,10,0,0,0
0,0,0,0,0
0,0,0,0,0
8.1,0,0,0,0
0,0,0,0,0
0,0,0,0,0
0,0,0,0,0
0,0,0,0,0
0,0,0,0,0
0,0,0,0,0
0,0,0,0,0
0,0,0,0,0
0,10,0,0,0
0,10,0,0,0
0,10,0,0,0
0,6.037,0,0,0
0,0,0,0,0
0,0,0,0,0
0,0,0,0,0
0,0,0,0,0
0,0,0,0,0
0,0,0,0,0
0,0,0,0,0
0,0,0,0,0
0,0,0,0,0
0,0,0,0,0
0,0,0,0,0
10,0,0,0,0
10,0,0,0,0
9.19,0,0,0,0
0,0,0,0,0
0,0,0,0,0
0,0,0,0,0
0,10,0,0,0
0,6.037,0,0,0
0,10,0,0,0
0,10,0,0,0
0,0,0,0,0
0,0,0,0,0
0,0,0,0,0
9.5779,0,0,0.4789,0
10,0,0,0,0
10,0,0,0,0
0,0,0,0,0
0,0,0,0,0
0,0,0,0,0
0,6.037,0,0,0
0,10,0,0,0
0,10,0,0,0
0,10,0,0,0
0,0,0,0,0
10,0,0,0,0
10,0,0,0.5,0
10,0,0,0.5,0
0,0,0,0,0
0,0,0,0,0
0,0,0,0,0
0,0,0,0,0
0,6.037,0,0,0
0,10,0,0,0
0,10,0,0,0
0,10,0,0,0
0,0,0,0,0
0,0,0,0,0
7.9424,0,0,0,20.576
10,0,0,0,0
0.5926,0,0,0.02963,0
0,0,0,0,0
0,0,0,0,0
0,0,0,0,0
0,0,0,0,0
0,0,0,0,0
0,10,0,0,0
0,3.0477,0,0,0
0,0,0,0,0
10,0,0,0,0
0.5686,0,0,0,0
0,0,0,0,0
0,0,0,0,0
0,0,0,0,0
0,0,0,0,0
0,0,0,0,0
0,0,0,0,0
0,0,0,0,0
0,3.0477,0,0,0
0,10,0,0,0
0,0,0,0,0
0,0,0,0,0
0.5926,0,0,0.02963,0
10,0,0,0,0
0,0,0,0,0
0,0,0,0,0
0,0,0,0,0
0,0,0,0,0
0,0,0,0,0
0,0,0,0,0
0,3.0477,0,0,0
0,10,0,0,0
0,0,0,0,0
10,0,0,0.5,0
0.9736,0,0,0,0
0,0,0,0,0
0,0,0,0,0
0,0,0,0,0
0,0,0,0,0
0,0,0,0,0
0,0,0,0,0
0,0,0,0,0
0,10,0,0,0
0,3.0477,0,0,0
0,0,0,0,0
0,0,0,0,0
0,0,0,0,0
10,0,0,0,0
0,0,0,0,0
0,0,0,0,0
0,0,0,0,0
0,0,0,0,0
0,0,0,0,0
0,0,0,0,0
0,10,0,0,0
0,2.3457,0,0,0
0,0,0,0,0
10,0,0,0,0
0.5686,0,0,0,0
0,0,0,0,0
0,0,0,0,0
0,0,0,0,0
0,0,0,0,0
0,0,0,0,0
0,4.4444,0,0,0
0,10,0,0,0
0,10,0,0,0
0,10,0,0,0
0,10,0,0,0
0,0,0,0,0
0,0,0,0,0
10,0,0,0,0
10,0,0,0,0
10,0,0,0,0
6,0,0,0,0
0,0,0,0,0
0,0,0,0,0
0,0,0,0,0
0,2.3457,0,0,0
0,10,0,0,0
0,0,0,0,0
10,0,0,0,0
0,0,0,0,0
0,0,0,0,0
0,0,0,0,0
0,0,0,0,0
0,0,0,0,0
0,0,0,0,0
0,0,0,0,0
0,10,0,0,0
0,10,0,0,0
0,10,0,0,0
0,10,0,0,0
0,0,0,0,0
0,0,0,0,0
0,0,0,0,0
0,0,0,0,0
0,0,0,0,0
10,0,0,0,0
0,0,0,0,0
0,0,0,0,0
0,0,0,0,0
0,0,0,0,0
0,0,0,0,0
0,0,0,0,0
10,0,0,0,0
10,0,0,0,0
2.4,0,0,0,0
0,0,0,0,0
0,0,0,0,0
0,0,0,0,0
0,0,0,0,0
0,0,0,0,0
0,10,0,0,0
0,10,0,0,0
0,10,0,0,0
0,10,0,0,0
0,4.4444,0,0,0
0,0,0,0,0
0,0,0,0,0
0,0,0,0,0
0,0,0,0,0
0,0,0,0,0
0,0,0,0,0
0,0,0,0,0
0,0,0,0,0
0,0,0,0,0
0,0,0,0,0
0,0,0,0,0
10,0,0,0,0
10,0,0,0,0
10,0,0,0,0
6,0,0,0,0
0,0,0,0,0
0,0,0,0,0
0,0,0,0,0
0,0,0,0,0
0,10,0,0,0
0,10,0,0,0
0,10,0,0,0
0,10,0,0,0
0,4.4444,0,0,0
0,0,0,0,0
0,0,0,0,0
0,0,0,0,0
0,0,0,0,0
0,0,0,0,0
0,0,0,0,0
0,0,0,0,0
0,0,0,0,0
0,0,0,0,0
0,0,0,0,0
0,0,0,0,0
10,0,0,0,0
10,0,0,0,0
10,0,0,0,0
6,0,0,0,0
0,0,0,0,0
0,0,0,0,0
0,4.4444,0,0,0
0,0,0,0,0
0,10,0,0,0
0,10,0,0,0
0,10,0,0,0
0,10,0,0,0
0,0,0,0,0
0,0,0,0,0
0,0,0,0,0
0,0,0,0,0
0,0,0,0,0
0,0,0,0,0
0,0,0,0,0
0,0,0,0,0
0,0,0,0,0
0,0,0,0,0
0,0,0,0,0
0,0,0,0,0
10,0,0,0,0
10,0,0,0,0
10,0,0,0,0
6,0,0,0,0
0,0,0,0,0
0,0,0,0,0
0,0,0,0,0
0,4.4444,0,0,0
0,10,0,0,0
0,10,0,0,0
0,10,0,0,0
0,10,0,0,0
0,0,0,0,0
0,0,0,0,0
10,0,0,0,0
0,0,0,0,0
0,0,0,0,0
0,0,0,0,0
0,0,0,0,0
0,0,0,0,0
0,0,0,0,0
0,2.3457,0,0,0
0,10,0,0,0
0,0,0,0,0
10,0,0,0,0
5.3547,0,0,0,0
0,0,0,0,39.779
0,0,0,0,0
0,0,0,0,0
0,0,0,0,0
0,0,0,0,0
0,0,0,0,0
0,0,0,0,0
0,0,0,0,0
0,0,0,0,0
0,0,0,0,0
0,0,0,0,0
0,0,0,0,0
0,0,0,0,0
0,0,0,0,0
0,0,0,0,0
0,0,0,0,0
0,0,0,0,0
0,0,0,0,0
0,0,0,0,0
0,0,0,0,0
0,0,0,0,0
0,0,0,0,0
0,0,0,0,0
0,0,0,0,0
0,0,0,0,0
0,0,0,0,0
0,0,0,0,0
0,0,0,0,0
0,0,0,0,0
0,10,0,0,0
0,10,0,0,0
0,10,0,0,0
0,10,0,0,0
0,4.4444,0,0,0
0,0,0,0,0
0,0,0,0,0
0,0,0,0,0
0,0,0,0,0
0,0,0,0,0
0,0,0,0,0
0,0,0,0,0
0,0,0,0,0
0,0,0,0,0
0,0,0,0,0
0,0,0,0,0
0,0,0,0,0
10,0,0,0,0
10,0,0,0,0
10,0,0,0,0
6.2533,0,0,0.31266,0
0,0,0,0,0
0,0,0,0,0
0,0,0,0,0
0,0,0,0,0
0,3.54,0,0,0
0,10,0,0,0
0,10,0.5,0,0
0,10,0,0,0
0,0,0,0,0
0,0,0,0,0
0,0,0,0,0
6.0221,0,0,0,39.779
0,0,0,0,0
0,0,0,0,0
0,0,0,0,0
0,0,0,0,0
0,0,0,0,0
0,0,0,0,0
0,0,0,0,0
0,0,0,0,0
0,0,0,0,0
0,0,0,0,0
0,0,0,0,0
0,0,0,0,0
0,0,0,0,0
0,0,0,0,0
0,0,0,0,0
0,0,0,0,0
0,0,0,0,0
0,0,0,0,0
0,0,0,0,0
0,0,0,0,0
0,0,0,0,0
0,0,0,0,0
0,0,0,0,0
0,0,0,0,0
0,0,0,0,0
0,0,0,0,0
0,0,0,0,0
0,0,0,0,0
0,0,0,0,0
0,0,0,0,0
0,0,0,0,0
0,0,0,0,0
0,0,0,0,0
0,0,0,0,0
0,0,0,0,0
0,0,0,0,0
0,0,0,0,0
0,0,0,0,0
0,0,0,0,0
