C,SETP.WORLD,BILLING_AS_PAYMENTS_SUMMARY,AEMO,PUBLIC,2017/07/27,13:43:06,0000000285825150,,0000000285825146
I,BILLING,ASPAYMENT_SUMMARY,1,BILLING_WEEK,STATUS,REGIONID,LOWER6SEC,LOWER60SEC,LOWER5MIN,LOWERREG,RAISE6SEC,RAISE60SEC,RAISE5MIN,RAISEREG,RESTART,REACTIVE,LOADSHED,TOTAL_AS_PAYMENT
D,BILLING,ASPAYMENT_SUMMARY,1,2016Wk01,REVISE2,NSW1,112.834370,687.775480,4917.007680,11062.971390,119399.5722,63662.532950,32243.722030,11104.025120,67200,192319.68,0,502710.121220
D,BILLING,ASPAYMENT_SUMMARY,1,2016Wk01,REVISE2,QLD1,0,2.222910,111.923080,5225.335660,47201.968980,30472.174110,27787.835590,12156.631560,59532.48,0,0,182490.571890
D,BILLING,ASPAYMENT_SUMMARY,1,2016Wk01,REVISE2,SA1,0,169.242470,16.662660,709.955470,14078.659090,13710.485840,394.641340,1645.731020,39197.20,0,0,69922.577890
D,BILLING,ASPAYMENT_SUMMARY,1,2016Wk01,REVISE2,TAS1,3697.6348,6933.064480,3658.001140,18480.036880,121832.467530,11016.119420,5366.285080,51553.822880,62496,0,0,285033.432210
D,BILLING,ASPAYMENT_SUMMARY,1,2016Wk01,REVISE2,VIC1,344.371970,1881.020840,12722.883130,13318.149820,93305.6958,55189.3163,6898.054590,1169.032950,169495.20,0,0,354323.7254
D,BILLING,ASPAYMENT_SUMMARY,1,2016Wk02,REVISE2,NSW1,189.348360,1070.052010,13887.959170,13288.535280,76066.410090,65676.042660,30566.063740,10371.001570,67200,192319.68,0,470635.092880
D,BILLING,ASPAYMENT_SUMMARY,1,2016Wk02,REVISE2,QLD1,0,4.190560,1001.964650,5317.173470,28394.746360,26601.068790,25399.606990,7896.072870,59532.48,0,0,154147.303690
D,BILLING,ASPAYMENT_SUMMARY,1,2016Wk02,REVISE2,SA1,4.140610,228.734430,15.343250,490.152120,5745.286210,12968.854970,47.800680,1147.195710,39547.20,0,0,60194.707980
D,BILLING,ASPAYMENT_SUMMARY,1,2016Wk02,REVISE2,TAS1,4111.271940,7500.822310,3685.497990,18503.513790,86521.012820,9097.695150,1470.654170,54547.140020,62496,0,0,247933.608190
D,BILLING,ASPAYMENT_SUMMARY,1,2016Wk02,REVISE2,VIC1,360.322480,1837.224240,18810.584240,7366.061380,56513.8780,42662.953660,4817.009220,613.312910,169495.20,0,0,302476.546130
D,BILLING,ASPAYMENT_SUMMARY,1,2016Wk03,REVISE2,NSW1,94.980950,603.390540,12976.230310,17259.737530,75308.562930,62929.783260,51052.513150,58209.765250,49000,192319.68,0,519754.643920
D,BILLING,ASPAYMENT_SUMMARY,1,2016Wk03,REVISE2,QLD1,0,1.583340,1464.224970,10291.424030,29743.353290,28742.2107,45028.508090,68531.659580,59532.48,0,0,243335.4440
D,BILLING,ASPAYMENT_SUMMARY,1,2016Wk03,REVISE2,SA1,1.678490,155.9103,59.008150,1140.009920,9901.1649,14603.804330,5739.981210,27830.7998,39547.20,0,0,98979.5571
D,BILLING,ASPAYMENT_SUMMARY,1,2016Wk03,REVISE2,TAS1,4012.366040,7362.355130,3662.078380,18480.763250,147510.269320,9668.737480,2532.048050,61519.337150,62496,0,0,317243.9548
D,BILLING,ASPAYMENT_SUMMARY,1,2016Wk03,REVISE2,VIC1,238.604210,1280.237390,20738.073250,10700.796120,50047.4967,33119.150590,15234.729910,18400.907350,169495.20,0,0,319255.195520
D,BILLING,ASPAYMENT_SUMMARY,1,2016Wk04,REVISE2,NSW1,69.429850,298.608740,4804.578280,9010.348720,30211.392280,25608.790860,22263.189270,11435.702940,67200,192319.68,0,363221.720940
D,BILLING,ASPAYMENT_SUMMARY,1,2016Wk04,REVISE2,QLD1,0,0,272.504920,5490.253660,12075.899540,11479.607920,20445.408540,13530.273560,59532.48,0,0,122826.428140
D,BILLING,ASPAYMENT_SUMMARY,1,2016Wk04,REVISE2,SA1,0,120.862070,24.098680,1232.723410,4557.172730,6527.348260,554.498740,1461.837020,39547.20,0,0,54025.740910
D,BILLING,ASPAYMENT_SUMMARY,1,2016Wk04,REVISE2,TAS1,4984.168530,6656.358490,3716.4750,18167.577160,227412.843350,11099.892710,6562.282480,47105.060630,62496,0,0,388200.658350
D,BILLING,ASPAYMENT_SUMMARY,1,2016Wk04,REVISE2,VIC1,176.551410,1149.052120,13132.813980,4479.0702,23665.361650,19431.186050,4450.123330,982.334590,169495.20,0,0,236961.693330
D,BILLING,ASPAYMENT_SUMMARY,1,2016Wk05,REVISE2,NSW1,113.856350,516.743740,5534.892830,22804.272320,28313.931180,37014.116660,21258.821950,11591.420720,67200,192319.68,0,386667.735750
D,BILLING,ASPAYMENT_SUMMARY,1,2016Wk05,REVISE2,QLD1,2.133330,9.333330,225.447020,11633.284640,10473.784310,13728.403130,15813.217050,7689.139340,59532.48,0,0,119107.222150
D,BILLING,ASPAYMENT_SUMMARY,1,2016Wk05,REVISE2,SA1,0.133330,108.538710,10.115760,1454.238550,1064.811940,3117.960290,40.640950,226.670450,39547.20,0,0,45570.309980
D,BILLING,ASPAYMENT_SUMMARY,1,2016Wk05,REVISE2,TAS1,35333.2211,6474.764930,3738.343270,26243.302240,103838.773190,12018.246770,7779.901160,30987.369880,62496,0,0,288909.922540
D,BILLING,ASPAYMENT_SUMMARY,1,2016Wk05,REVISE2,VIC1,206.432910,1397.476980,11060.457540,824.7577,18884.8767,17984.412370,2658.010650,798.030170,169495.20,0,0,223309.655020
D,BILLING,ASPAYMENT_SUMMARY,1,2016Wk06,REVISE2,NSW1,175.870810,695.600150,7840.897520,30684.749710,43140.534070,67123.678840,30391.943460,12682.479590,67200,192319.68,0,452255.434150
D,BILLING,ASPAYMENT_SUMMARY,1,2016Wk06,REVISE2,QLD1,0.110460,1.688140,251.804340,12128.205880,18108.647730,31602.451810,24843.087130,10103.811580,59532.48,0,0,156572.287070
D,BILLING,ASPAYMENT_SUMMARY,1,2016Wk06,REVISE2,SA1,0,71.366030,52.556910,1393.293340,1633.372050,8601.1290,895.139710,1033.416850,389547.20,0,0,403227.473890
D,BILLING,ASPAYMENT_SUMMARY,1,2016Wk06,REVISE2,TAS1,188459.8923,6729.945630,3619.5298,28343.528160,42513.233740,4223.850080,1668.570460,39105.847150,62496,0,0,377160.397320
D,BILLING,ASPAYMENT_SUMMARY,1,2016Wk06,REVISE2,VIC1,116.878710,1221.849030,10871.805780,935.572790,29643.316130,31814.968020,4176.978770,894.581950,169495.20,0,0,249171.151180
D,BILLING,ASPAYMENT_SUMMARY,1,2016Wk07,REVISE2,NSW1,170.528340,482.130420,5751.822040,26442.323570,65208.1511,64352.557780,32252.807430,13424.407140,67200,192319.68,0,467604.407820
D,BILLING,ASPAYMENT_SUMMARY,1,2016Wk07,REVISE2,QLD1,0,0,87.260170,10452.710310,18844.898640,20389.089040,24965.340870,8022.229050,59532.48,0,0,142294.008080
D,BILLING,ASPAYMENT_SUMMARY,1,2016Wk07,REVISE2,SA1,0,130.573880,5.986640,1682.502780,4732.168490,10274.585620,90.802770,350.647580,39547.20,0,0,56814.467760
D,BILLING,ASPAYMENT_SUMMARY,1,2016Wk07,REVISE2,TAS1,108310.462340,6150.1098,3376.306930,48611.400750,41268.949130,8914.913430,923.667110,99003.533550,62496,0,0,379055.343040
D,BILLING,ASPAYMENT_SUMMARY,1,2016Wk07,REVISE2,VIC1,100.027540,990.195780,7572.418370,631.987920,35584.522260,28625.536760,4093.949330,920.324090,169495.20,0,0,248014.162050
D,BILLING,ASPAYMENT_SUMMARY,1,2016Wk08,REVISE2,NSW1,141.852940,554.729060,5278.931240,22278.676240,39096.742460,39340.094860,24731.363390,13559.086710,67200,192319.68,0,404501.1569
D,BILLING,ASPAYMENT_SUMMARY,1,2016Wk08,REVISE2,QLD1,0,0,109.223430,10665.733180,15051.777150,15347.189380,20629.120170,10345.481550,59532.48,0,0,131681.004860
D,BILLING,ASPAYMENT_SUMMARY,1,2016Wk08,REVISE2,SA1,0,103.837970,10.917040,1312.843640,1727.476450,4141.987960,48.6248,518.640580,39547.20,0,0,47411.528440
D,BILLING,ASPAYMENT_SUMMARY,1,2016Wk08,REVISE2,TAS1,100637.812550,7127.175090,3444.1920,18402.858420,4939.639660,1877.714690,6.613360,31894.026220,62496,0,0,230826.031990
D,BILLING,ASPAYMENT_SUMMARY,1,2016Wk08,REVISE2,VIC1,130.646880,1238.928450,8151.2543,951.792730,22876.763230,19402.786530,3049.022630,1438.694920,169495.20,0,0,226735.089670
D,BILLING,ASPAYMENT_SUMMARY,1,2016Wk09,REVISE2,NSW1,134.734760,611.710770,8735.540720,18783.416580,29875.6505,27744.071390,26438.360070,15087.9215,6000,192319.68,0,325731.086290
D,BILLING,ASPAYMENT_SUMMARY,1,2016Wk09,REVISE2,QLD1,0,0,386.134380,8458.129190,10222.256880,8752.013890,19799.075270,13619.056460,59532.48,0,0,120769.146070
D,BILLING,ASPAYMENT_SUMMARY,1,2016Wk09,REVISE2,SA1,0.023550,126.814890,53.311310,1622.223750,1997.029570,4278.5385,71.9340,1126.028970,27397.20,0,0,36673.104540
D,BILLING,ASPAYMENT_SUMMARY,1,2016Wk09,REVISE2,TAS1,13677.935850,6809.9744,3346.554770,18816.640140,2840.595960,1854.188150,0,69778.130460,62496,0,0,179620.019730
D,BILLING,ASPAYMENT_SUMMARY,1,2016Wk09,REVISE2,VIC1,101.069620,897.490070,10303.849130,41.262780,14439.882080,11074.2222,4834.890680,1344.548650,169495.20,0,0,212532.415210
D,BILLING,ASPAYMENT_SUMMARY,1,2016Wk10,REVISE2,NSW1,132.588970,825.955370,8717.015450,15677.415690,62441.429320,44630.841070,67693.634820,23331.966370,63800,192319.68,0,479570.527060
D,BILLING,ASPAYMENT_SUMMARY,1,2016Wk10,REVISE2,QLD1,2.583340,7.35,128.359840,8822.313220,25208.607170,15647.760640,28326.541360,23800.383950,59532.48,0,0,161476.379520
D,BILLING,ASPAYMENT_SUMMARY,1,2016Wk10,REVISE2,SA1,1.497450,187.842810,29.819430,1826.268850,7081.098850,11106.021660,346.407590,2385.435070,30597.20,0,0,53561.591710
D,BILLING,ASPAYMENT_SUMMARY,1,2016Wk10,REVISE2,TAS1,196597.342540,7104.799710,3351.260920,36724.823060,1914.177790,1756.576250,0,33617.120680,62496,0,0,343562.100950
D,BILLING,ASPAYMENT_SUMMARY,1,2016Wk10,REVISE2,VIC1,213.841890,1193.815420,12040.158710,190.204130,31431.739070,20116.609140,15162.528610,1123.812540,169495.20,0,0,250967.909510
D,BILLING,ASPAYMENT_SUMMARY,1,2016Wk11,REVISE2,NSW1,124.2369,899.719650,12142.018350,21424.751780,57643.983230,41905.211260,93100.656540,28487.3651,67200,192319.68,0,515247.622810
D,BILLING,ASPAYMENT_SUMMARY,1,2016Wk11,REVISE2,QLD1,26.367860,96.212920,705.779520,8929.720170,21299.077570,12604.253690,36747.002960,36782.245890,59532.48,0,0,176723.140580
D,BILLING,ASPAYMENT_SUMMARY,1,2016Wk11,REVISE2,SA1,1.836240,233.232420,56.669980,3337.921630,10413.263750,13400.211660,731.6207,8750.101690,39547.20,0,0,76472.058070
D,BILLING,ASPAYMENT_SUMMARY,1,2016Wk11,REVISE2,TAS1,195842.112180,6773.233250,3433.291360,18480.036950,9750.535070,3589.023610,0,48012.987110,62496,0,0,348377.219530
D,BILLING,ASPAYMENT_SUMMARY,1,2016Wk11,REVISE2,VIC1,156.495540,1033.394810,12226.617860,58.833330,32740.421230,21812.437620,25403.795690,2720.116890,169495.20,0,0,265647.312970
D,BILLING,ASPAYMENT_SUMMARY,1,2016Wk12,REVISE2,NSW1,68.678230,672.0349,5615.551820,26197.294950,95164.3624,66664.308950,108420.972550,25003.083510,67200,192319.68,0,587325.967310
D,BILLING,ASPAYMENT_SUMMARY,1,2016Wk12,REVISE2,QLD1,36.705950,100.971490,115.564770,10325.942090,40038.826180,28383.038510,37407.486680,55323.466870,59532.48,0,0,231264.482540
D,BILLING,ASPAYMENT_SUMMARY,1,2016Wk12,REVISE2,SA1,0.146430,142.577580,10.385280,3576.495190,15516.749210,16558.964080,4781.132790,7958.597580,35797.20,0,0,84342.248140
D,BILLING,ASPAYMENT_SUMMARY,1,2016Wk12,REVISE2,TAS1,132469.930040,6246.641380,3347.147550,27196.969940,110601.440830,3689.002070,39.838880,46719.1871,62496,0,0,392806.157790
D,BILLING,ASPAYMENT_SUMMARY,1,2016Wk12,REVISE2,VIC1,226.096010,1353.663590,7977.186280,297.4948,60884.683060,42522.204260,33138.546230,3321.032960,169495.20,0,0,319216.107190
D,BILLING,ASPAYMENT_SUMMARY,1,2016Wk13,REVISE2,NSW1,109.844640,1003.046380,14139.900980,39139.047050,122177.3431,84815.711790,137032.733330,24649.062340,67200,192319.68,0,682586.369610
D,BILLING,ASPAYMENT_SUMMARY,1,2016Wk13,REVISE2,QLD1,27.848940,168.826050,949.179010,20707.076470,248938.825460,54854.8226,41772.249280,67604.8112,59532.48,0,0,494556.119010
D,BILLING,ASPAYMENT_SUMMARY,1,2016Wk13,REVISE2,SA1,1.573690,174.511760,120.615950,283253.425720,23243.126260,26568.230740,17339.046840,267779.884450,35397.20,0,0,653877.615410
D,BILLING,ASPAYMENT_SUMMARY,1,2016Wk13,REVISE2,TAS1,60846.517330,6676.179820,3460.970970,18480.036960,17775.715980,3039.769910,6.963690,31707.470550,62496,0,0,204489.625210
D,BILLING,ASPAYMENT_SUMMARY,1,2016Wk13,REVISE2,VIC1,310.716940,1928.563330,17756.945650,1065.500250,80868.524850,56871.993570,37799.377340,4023.248150,169495.20,0,0,370120.070080
D,BILLING,ASPAYMENT_SUMMARY,1,2016Wk14,REVISE2,NSW1,103.417480,840.889060,7646.640250,54346.1817,106725.131390,93739.886720,148528.606610,38020.937430,67200,192319.68,0,709471.370640
D,BILLING,ASPAYMENT_SUMMARY,1,2016Wk14,REVISE2,QLD1,25.474480,84.1524,547.127960,24697.897640,37508.147970,31259.655410,16826.792390,42204.724130,59532.48,0,0,212686.452380
D,BILLING,ASPAYMENT_SUMMARY,1,2016Wk14,REVISE2,SA1,0.308340,152.837150,67.122260,3978.847680,12177.491420,16009.655330,12665.407750,9169.681960,38997.20,0,0,93218.551890
D,BILLING,ASPAYMENT_SUMMARY,1,2016Wk14,REVISE2,TAS1,70038.557330,6628.240670,3539.557140,19374.997630,9739.867720,3107.468920,0,47363.260220,62496,0,0,222287.949630
D,BILLING,ASPAYMENT_SUMMARY,1,2016Wk14,REVISE2,VIC1,411.129910,1746.636420,14859.704690,4389.5290,70387.5114,60112.553050,45845.004520,5579.1507,169495.20,0,0,372826.419690
D,BILLING,ASPAYMENT_SUMMARY,1,2016Wk15,REVISE2,NSW1,319.776650,2078.280870,15233.439440,45146.5389,227380.187780,117374.759060,168490.999460,32254.005770,56600,192319.68,0,857197.667930
D,BILLING,ASPAYMENT_SUMMARY,1,2016Wk15,REVISE2,QLD1,42.324460,220.143170,1123.257290,45642.805580,164668.608310,68965.631240,71787.654090,80363.864930,59532.48,0,0,492346.769070
D,BILLING,ASPAYMENT_SUMMARY,1,2016Wk15,REVISE2,SA1,7.889940,211.857280,108.546390,8028.765550,58759.849860,49821.848090,23191.293670,21170.2218,39547.20,0,0,200847.472580
D,BILLING,ASPAYMENT_SUMMARY,1,2016Wk15,REVISE2,TAS1,234012.595590,6318.545940,3203.891050,19590.699440,8051.2246,4010.9704,0,29871.707090,62496,0,0,367555.634110
D,BILLING,ASPAYMENT_SUMMARY,1,2016Wk15,REVISE2,VIC1,654.347570,1708.470340,14767.074060,2635.227810,147126.513050,83942.4873,57558.362290,6801.584880,95770.45,0,0,410964.5173
D,BILLING,ASPAYMENT_SUMMARY,1,2016Wk16,REVISE2,NSW1,771.168840,1735.456560,18323.630220,34129.879970,271355.653290,139079.729340,171360.5702,28795.870320,67200,192319.68,0,925071.638740
D,BILLING,ASPAYMENT_SUMMARY,1,2016Wk16,REVISE2,QLD1,70.979330,171.416680,1056.929610,32102.689480,177177.289330,81314.373670,65389.917170,75032.807040,59532.48,0,0,491848.882310
D,BILLING,ASPAYMENT_SUMMARY,1,2016Wk16,REVISE2,SA1,69.514720,346.503130,246.115830,10552.681550,78624.137080,60361.969770,27815.929540,19477.7316,39547.20,0,0,237041.783220
D,BILLING,ASPAYMENT_SUMMARY,1,2016Wk16,REVISE2,TAS1,264493.018650,5122.080170,2434.4636,23200.934010,10021.576150,2714.451980,14.986120,37414.571810,62496,0,0,407912.082490
D,BILLING,ASPAYMENT_SUMMARY,1,2016Wk16,REVISE2,VIC1,1017.613220,2078.706160,18839.229910,1469.222670,134555.889020,70616.595470,41424.100160,4427.726120,96226.95,0,0,370656.032730
D,BILLING,ASPAYMENT_SUMMARY,1,2016Wk17,REVISE2,NSW1,307.239510,1420.751840,17569.340640,42247.535960,189433.470610,137290.035310,124504.435980,21238.681590,67200,192319.68,0,793531.171440
D,BILLING,ASPAYMENT_SUMMARY,1,2016Wk17,REVISE2,QLD1,32.458330,88.619640,963.048440,34240.696650,105303.272620,68836.920130,55734.8360,58231.712410,59532.48,0,0,382964.044220
D,BILLING,ASPAYMENT_SUMMARY,1,2016Wk17,REVISE2,SA1,14.276150,219.152080,127.565880,4617.758920,34321.562480,37817.602690,13501.195620,13151.370120,34997.20,0,0,138767.683940
D,BILLING,ASPAYMENT_SUMMARY,1,2016Wk17,REVISE2,TAS1,50415.724360,4289.595960,1862.932230,17986.452650,17596.323670,1899.834620,3.937210,35958.299870,62496,0,0,192509.100570
D,BILLING,ASPAYMENT_SUMMARY,1,2016Wk17,REVISE2,VIC1,482.097440,1773.7118,21973.360870,615.916140,104251.307020,79747.436110,31359.960340,8445.1256,165158.45,0,0,413807.365320
D,BILLING,ASPAYMENT_SUMMARY,1,2016Wk18,REVISE2,NSW1,468.703870,3516.4441,44430.136950,60365.063850,196640.109230,133148.593470,163875.2255,30206.832360,67200,192319.68,0,892170.789330
D,BILLING,ASPAYMENT_SUMMARY,1,2016Wk18,REVISE2,QLD1,42.007170,383.863930,3585.726330,47279.0661,113709.3191,79094.203110,83416.743430,87985.125890,59532.48,0,0,475028.535060
D,BILLING,ASPAYMENT_SUMMARY,1,2016Wk18,REVISE2,SA1,1.782570,189.150750,876.0257,8592.675420,38133.016220,35552.867310,17911.636660,16119.344990,23747.20,0,0,141123.699620
D,BILLING,ASPAYMENT_SUMMARY,1,2016Wk18,REVISE2,TAS1,29271.4003,2996.371850,896.899850,18349.203360,8746.185810,1742.8770,0,43956.1252,62496,0,0,168455.063370
D,BILLING,ASPAYMENT_SUMMARY,1,2016Wk18,REVISE2,VIC1,417.020910,2249.682670,22800.865770,3572.858680,160184.882270,118442.748010,59757.434520,8462.135230,169495.20,0,0,545382.828060
D,BILLING,ASPAYMENT_SUMMARY,1,2016Wk19,REVISE2,NSW1,804.178820,9218.416970,35415.680640,42626.114750,209222.076390,123011.919650,163069.569370,46138.897820,67200,192319.68,0,889026.534410
D,BILLING,ASPAYMENT_SUMMARY,1,2016Wk19,REVISE2,QLD1,219.467120,2164.527360,3651.354090,33878.993490,107435.889520,66778.053820,71147.879020,80840.726250,59532.48,0,0,425649.370670
D,BILLING,ASPAYMENT_SUMMARY,1,2016Wk19,REVISE2,SA1,0.326140,151.762910,65.1718,1955.429350,40429.106740,36541.590520,23757.111560,32182.249030,34599.20,0,0,169681.948050
D,BILLING,ASPAYMENT_SUMMARY,1,2016Wk19,REVISE2,TAS1,178205.614450,2653.844320,613.933270,33036.048450,163214.271740,3605.493560,581.231860,110582.067010,62496,0,0,554988.504660
D,BILLING,ASPAYMENT_SUMMARY,1,2016Wk19,REVISE2,VIC1,650.608940,4925.900330,19016.883030,164.6652,143578.652410,95032.204110,57895.4730,15916.140520,169495.20,0,0,506675.727540
D,BILLING,ASPAYMENT_SUMMARY,1,2016Wk20,REVISE2,NSW1,203.601560,1529.5454,20473.249730,98550.426620,382447.424140,228573.899450,187990.882060,115919.555820,62000,192319.68,0,1290008.264780
D,BILLING,ASPAYMENT_SUMMARY,1,2016Wk20,REVISE2,QLD1,25.5250,108.568190,1567.369990,43970.291550,127694.041470,73685.307870,97273.619220,204711.4651,59532.48,0,0,608568.668390
D,BILLING,ASPAYMENT_SUMMARY,1,2016Wk20,REVISE2,SA1,4.066840,231.508580,134.263590,7688.323850,72246.703550,75120.485240,25178.1895,58079.086870,33600,0,0,272282.628020
D,BILLING,ASPAYMENT_SUMMARY,1,2016Wk20,REVISE2,TAS1,29164.315640,1634.828910,296.612840,19148.802580,17598.530430,1231.316290,1.720650,47112.451490,62496,0,0,178684.578830
D,BILLING,ASPAYMENT_SUMMARY,1,2016Wk20,REVISE2,VIC1,391.529640,2111.143690,27796.019730,5576.394480,199523.141080,129330.307330,66931.6507,33606.845670,167440.95,0,0,632707.982320
D,BILLING,ASPAYMENT_SUMMARY,1,2016Wk21,REVISE2,NSW1,267.120440,1735.902640,38313.5937,150249.498380,268691.813750,148385.460850,228552.129780,110100.338490,67200,192319.68,0,1205815.538030
D,BILLING,ASPAYMENT_SUMMARY,1,2016Wk21,REVISE2,QLD1,27.629160,95.966760,2417.093880,106066.633310,90192.088220,44309.661940,91830.560520,264530.329470,59532.48,0,0,659002.443260
D,BILLING,ASPAYMENT_SUMMARY,1,2016Wk21,REVISE2,SA1,10.685750,285.657060,273.025390,13087.559680,57597.896360,57410.066820,29475.1901,51667.701870,31750,0,0,241557.783030
D,BILLING,ASPAYMENT_SUMMARY,1,2016Wk21,REVISE2,TAS1,10433.386780,658.879540,11.763830,20896.279260,110456.077560,1585.218020,118.172790,42245.963530,62496,0,0,248901.741310
D,BILLING,ASPAYMENT_SUMMARY,1,2016Wk21,REVISE2,VIC1,317.895440,1469.183990,20277.401750,16573.651930,176178.947180,106606.133610,76615.789930,30796.632690,169495.20,0,0,598330.836520
D,BILLING,ASPAYMENT_SUMMARY,1,2016Wk22,REVISE2,NSW1,512.667150,2799.819510,48252.347610,180715.713690,246426.333420,120587.666070,283278.058630,220209.429230,67200,192319.68,0,1362301.715310
D,BILLING,ASPAYMENT_SUMMARY,1,2016Wk22,REVISE2,QLD1,25.345920,120.902050,2058.670460,88666.4937,59456.557160,28363.553010,73075.811290,267429.261360,59532.48,0,0,578729.074950
D,BILLING,ASPAYMENT_SUMMARY,1,2016Wk22,REVISE2,SA1,7.665210,266.943850,416.207060,28671.574340,55735.206340,52577.245240,41161.532680,96415.070780,33600,0,0,308851.4455
D,BILLING,ASPAYMENT_SUMMARY,1,2016Wk22,REVISE2,TAS1,116.968020,219.314240,0.478910,19550.677260,3088.035750,672.4815,0,54541.944780,62496,0,0,140685.900460
D,BILLING,ASPAYMENT_SUMMARY,1,2016Wk22,REVISE2,VIC1,309.724610,1486.849790,18102.8068,13537.085590,158785.178830,98001.813730,105901.983410,46612.007330,169495.20,0,0,612232.650090
D,BILLING,ASPAYMENT_SUMMARY,1,2016Wk23,REVISE2,NSW1,41.040630,320.426760,4796.292920,101557.371640,341259.628810,149159.498350,418663.192730,143622.694550,67200,192319.68,0,1418939.826390
D,BILLING,ASPAYMENT_SUMMARY,1,2016Wk23,REVISE2,QLD1,14.667480,39.573990,24.651630,61927.908640,93436.908370,39893.622430,160204.399910,342444.019090,59532.48,0,0,757518.231540
D,BILLING,ASPAYMENT_SUMMARY,1,2016Wk23,REVISE2,SA1,0,205.894820,0,25633.231290,105018.111010,84190.098030,76038.819850,151806.4713,33600,0,0,476492.6263
D,BILLING,ASPAYMENT_SUMMARY,1,2016Wk23,REVISE2,TAS1,8469.769490,916.100960,25.809370,18610.370550,3449.3802,1590.438840,6.161690,38571.854270,62496,0,0,134135.885370
D,BILLING,ASPAYMENT_SUMMARY,1,2016Wk23,REVISE2,VIC1,214.479560,1095.759230,6384.612330,27487.868730,180829.661170,96693.1889,119275.088380,62149.423210,169495.20,0,0,663625.281510
D,BILLING,ASPAYMENT_SUMMARY,1,2016Wk24,REVISE2,NSW1,87.523310,950.211960,21801.154810,83807.937460,277859.554170,142766.777260,238130.346780,143439.153580,67200,192319.68,0,1168362.339330
D,BILLING,ASPAYMENT_SUMMARY,1,2016Wk24,REVISE2,QLD1,11539.311380,8786.175120,2796.533180,52475.540220,55061.315490,26513.349170,79956.783970,254304.057820,287391.48,0,0,778824.546350
D,BILLING,ASPAYMENT_SUMMARY,1,2016Wk24,REVISE2,SA1,1.154660,219.211060,102.820270,17196.630410,68491.983740,55177.315590,41326.491170,112574.1941,33600,0,0,328689.8010
D,BILLING,ASPAYMENT_SUMMARY,1,2016Wk24,REVISE2,TAS1,6796.670780,361.387490,0.154330,24249.477910,121257.341790,6927.042350,6117.282540,62762.782570,62496,0,0,290968.139760
D,BILLING,ASPAYMENT_SUMMARY,1,2016Wk24,REVISE2,VIC1,250.863140,1323.229330,9038.944960,32083.525440,159952.671480,91300.528730,76519.466090,89110.601380,204495.20,0,0,664075.030550
D,BILLING,ASPAYMENT_SUMMARY,1,2016Wk25,REVISE2,NSW1,31.599310,233.315690,4289.031950,31492.7921,95768.259360,39453.497630,117284.659330,139642.3256,67200,192319.68,0,687715.160970
D,BILLING,ASPAYMENT_SUMMARY,1,2016Wk25,REVISE2,QLD1,1399.210510,4424.874650,237.789760,8073.205480,19337.030440,5510.818420,35470.779140,142285.527260,59532.48,0,0,276271.715660
D,BILLING,ASPAYMENT_SUMMARY,1,2016Wk25,REVISE2,SA1,0.001140,152.741910,3.192460,10990.584720,28748.462310,22016.493750,22246.702240,70892.460340,33600,0,0,188650.638870
D,BILLING,ASPAYMENT_SUMMARY,1,2016Wk25,REVISE2,TAS1,46.172510,86.573230,739.587450,15049.124220,58187.223140,15357.248170,14659.610920,109844.520880,62496,0,0,276466.060520
D,BILLING,ASPAYMENT_SUMMARY,1,2016Wk25,REVISE2,VIC1,144.136790,845.694780,4788.558680,5323.804640,55209.432190,25697.732570,30789.298450,14033.241120,168582.20,0,0,305414.099220
D,BILLING,ASPAYMENT_SUMMARY,1,2016Wk26,REVISE2,NSW1,46.365590,459.118490,8469.192170,46254.6331,119353.1701,56981.875570,208421.221460,194729.131890,9800,192319.68,0,836834.388370
D,BILLING,ASPAYMENT_SUMMARY,1,2016Wk26,REVISE2,QLD1,0,0,160.369810,15499.3225,24581.541770,13373.047280,82243.687720,168367.5135,59532.48,0,0,363757.962580
D,BILLING,ASPAYMENT_SUMMARY,1,2016Wk26,REVISE2,SA1,0.1384,139.323280,9.649470,9974.122730,23413.127920,23907.176650,30049.8028,23867.595110,33600,0,0,144960.936360
D,BILLING,ASPAYMENT_SUMMARY,1,2016Wk26,REVISE2,TAS1,2305.465890,270.108120,1169.660140,20552.647910,221092.948720,17553.785630,25479.739950,115785.242090,62496,0,0,466705.598450
D,BILLING,ASPAYMENT_SUMMARY,1,2016Wk26,REVISE2,VIC1,101.364820,747.838420,5442.266260,12867.509570,84927.045070,42915.030780,74040.883050,37623.776580,169495.20,0,0,428160.914550
D,BILLING,ASPAYMENT_SUMMARY,1,2016Wk27,REVISE2,NSW1,22.218850,213.959290,4869.2736,33613.0971,186238.926990,39746.785160,166980.101640,196048.003140,0,193039.68,0,820772.045770
D,BILLING,ASPAYMENT_SUMMARY,1,2016Wk27,REVISE2,QLD1,0,0,0,3247.254090,33197.616140,5252.243110,68897.636050,176227.884950,59755.20,0,0,346577.834340
D,BILLING,ASPAYMENT_SUMMARY,1,2016Wk27,REVISE2,SA1,0,41.233870,0,12453.549410,47573.433940,20992.601240,30309.256840,40428.996580,33726.72,0,0,185525.791880
D,BILLING,ASPAYMENT_SUMMARY,1,2016Wk27,REVISE2,TAS1,1019.763020,37.602510,621.391090,25752.4019,88818.160630,25014.082830,44043.703670,184392.863510,62730.24,0,0,432430.209160
D,BILLING,ASPAYMENT_SUMMARY,1,2016Wk27,REVISE2,VIC1,51.129910,523.695470,4547.162020,4862.673230,112338.087690,33574.505410,54236.295150,62376.791280,170129.76,0,0,442640.100160
D,BILLING,ASPAYMENT_SUMMARY,1,2016Wk28,REVISE2,NSW1,25.510780,244.865810,5686.6915,70952.807610,169356.382980,75213.257560,185627.052050,270803.187390,22896.06,198805.607240,0,999611.422920
D,BILLING,ASPAYMENT_SUMMARY,1,2016Wk28,REVISE2,QLD1,0,0,0,7894.165030,32521.902410,16254.105350,71230.508280,118064.3842,59898.64,0,0,305863.705270
D,BILLING,ASPAYMENT_SUMMARY,1,2016Wk28,REVISE2,SA1,0,88.828140,0,13885.574520,41258.092040,38549.449510,32833.795850,89454.540960,34043.52,0,0,250113.801020
D,BILLING,ASPAYMENT_SUMMARY,1,2016Wk28,REVISE2,TAS1,26345.784780,449.9592,908.018580,38054.571170,150375.670750,20191.126520,32456.0246,111216.727130,63315.84,0,0,443313.722730
D,BILLING,ASPAYMENT_SUMMARY,1,2016Wk28,REVISE2,VIC1,85.019060,616.923150,5084.207040,16282.011370,74229.994140,43672.029230,52098.174390,66453.000640,171716.16,0,0,430237.519020
D,BILLING,ASPAYMENT_SUMMARY,1,2016Wk29,REVISE2,NSW1,60.023520,404.947750,6309.998080,38118.168440,128186.471760,58109.434670,215805.927660,180297.031430,68080.32,194839.68,0,890212.003310
D,BILLING,ASPAYMENT_SUMMARY,1,2016Wk29,REVISE2,QLD1,0,0,11,11470.709810,25196.35,13849.9886,81674.321560,163783.851550,288171,0,0,584157.221520
D,BILLING,ASPAYMENT_SUMMARY,1,2016Wk29,REVISE2,SA1,0.440950,56.739110,20.296270,2039.487240,30009.718090,20989.4746,32058.583790,12508.093960,34043.52,0,0,131726.354010
D,BILLING,ASPAYMENT_SUMMARY,1,2016Wk29,REVISE2,TAS1,34748.529570,299.194640,926.921730,18378.332120,207006.683440,26079.839410,57834.429450,45103.0560,131815.84,0,0,522192.826360
D,BILLING,ASPAYMENT_SUMMARY,1,2016Wk29,REVISE2,VIC1,57.373270,563.5076,6437.882040,1692.242470,38123.796040,27230.130290,53848.115570,12646.0419,171716.16,0,0,312315.249180
D,BILLING,ASPAYMENT_SUMMARY,1,2016Wk30,REVISE2,NSW1,98.990260,638.7329,5447.041930,92162.656350,140021.135520,58745.7329,163687.691520,234860.952760,68080.32,194839.68,0,958582.934140
D,BILLING,ASPAYMENT_SUMMARY,1,2016Wk30,REVISE2,QLD1,0,0,212.180830,20072.074390,24840.4514,14577.880930,61138.604080,125159.971930,60312,0,0,306313.163560
D,BILLING,ASPAYMENT_SUMMARY,1,2016Wk30,REVISE2,SA1,0.069240,136.237930,0.102730,17.222380,32119.365370,24154.293310,22410.280170,2896.479040,33739.56,0,0,115473.610170
D,BILLING,ASPAYMENT_SUMMARY,1,2016Wk30,REVISE2,TAS1,19808.334710,344.158110,2884.772270,23258.562990,102567.616040,25180.457940,49160.698910,24337.441790,63315.84,0,0,310857.882760
D,BILLING,ASPAYMENT_SUMMARY,1,2016Wk30,REVISE2,VIC1,68.007710,643.092040,4608.9951,22869.9119,41556.850460,28136.069110,44392.909150,29810.247550,171716.16,0,0,343802.243020
D,BILLING,ASPAYMENT_SUMMARY,1,2016Wk31,REVISE2,NSW1,64.930420,699.028360,5427.667250,120232.941310,197530.668540,78297.986220,186805.351720,289256.867110,68080.32,194839.68,0,1141235.440930
D,BILLING,ASPAYMENT_SUMMARY,1,2016Wk31,REVISE2,QLD1,0,0,44.783410,27929.112270,19175.766810,8423.456730,62388.314360,123921.072890,60312,0,0,302194.506470
D,BILLING,ASPAYMENT_SUMMARY,1,2016Wk31,REVISE2,SA1,0,40.805330,0,297.216670,25706.490150,15198.605190,17279.526860,909.381230,34043.52,0,0,93475.545430
D,BILLING,ASPAYMENT_SUMMARY,1,2016Wk31,REVISE2,TAS1,16694.399540,269.044290,2849.9874,16310.316820,30311.036160,23127.249740,30759.684990,21445.203790,63315.84,0,0,205082.762730
D,BILLING,ASPAYMENT_SUMMARY,1,2016Wk31,REVISE2,VIC1,39.398810,602.599930,3547.210070,46789.666980,60662.367830,45976.588520,58701.376140,43612.805970,171716.16,0,0,431648.174250
D,BILLING,ASPAYMENT_SUMMARY,1,2016Wk32,REVISE2,NSW1,35.204060,317.382010,3879.513210,91883.5567,107456.496740,46529.289530,102128.511660,234867.475190,68080.32,194839.68,0,850017.4291
D,BILLING,ASPAYMENT_SUMMARY,1,2016Wk32,REVISE2,QLD1,0,0,0,8630.654220,20630.186760,9618.0579,48289.844640,80446.150440,60312,0,0,227926.893960
D,BILLING,ASPAYMENT_SUMMARY,1,2016Wk32,REVISE2,SA1,0,47.306270,0,951.536820,20453.920880,17961.167940,19440.603590,4067.534740,34043.52,0,0,96965.590240
D,BILLING,ASPAYMENT_SUMMARY,1,2016Wk32,REVISE2,TAS1,2136.095480,52.563590,1732.7675,22999.739860,27462.708990,15924.323630,38213.027270,58988.335450,63315.84,0,0,230825.401770
D,BILLING,ASPAYMENT_SUMMARY,1,2016Wk32,REVISE2,VIC1,60.590370,559.755540,3824.479510,27309.673490,36180.108850,31313.654140,39898.098790,34820.2665,171716.16,0,0,345682.787190
D,BILLING,ASPAYMENT_SUMMARY,1,2016Wk33,REVISE2,NSW1,88.313560,654.9713,6432.297250,34669.627440,122686.266420,50211.561540,166378.960220,219356.974960,68080.32,194839.68,0,863398.972690
D,BILLING,ASPAYMENT_SUMMARY,1,2016Wk33,REVISE2,QLD1,0,0,279.7902,240.4245,29630.988740,13376.750540,137029.951970,63895.357280,60312,0,0,304765.263230
D,BILLING,ASPAYMENT_SUMMARY,1,2016Wk33,REVISE2,SA1,5181.070590,73.897080,0,3843695.577330,14815.193740,13472.484320,31471.301980,3398945.403430,33992.86,0,0,7341647.788470
D,BILLING,ASPAYMENT_SUMMARY,1,2016Wk33,REVISE2,TAS1,5206.4309,137.635830,3236.987890,26314.338730,25169.142780,18105.201640,112074.617050,36870.195560,63315.84,0,0,290430.390380
D,BILLING,ASPAYMENT_SUMMARY,1,2016Wk33,REVISE2,VIC1,58.742060,564.473180,4654.902820,929.285780,42315.050060,35132.566810,105744.022690,40612.008110,171716.16,0,0,401727.211510
D,BILLING,ASPAYMENT_SUMMARY,1,2016Wk34,REVISE2,NSW1,82.415450,536.924650,5727.270720,33531.539970,135067.299730,50064.042190,102953.3233,309255.306820,68080.32,194839.68,0,900138.122830
D,BILLING,ASPAYMENT_SUMMARY,1,2016Wk34,REVISE2,QLD1,0,0,366.929530,399.412940,36791.651340,14182.095550,79141.313730,105797.966570,60312,0,0,296991.369660
D,BILLING,ASPAYMENT_SUMMARY,1,2016Wk34,REVISE2,SA1,0,43.162370,0,73.941670,16930.356950,12666.511140,15428.069260,340.564410,52290.40,0,0,97773.0058
D,BILLING,ASPAYMENT_SUMMARY,1,2016Wk34,REVISE2,TAS1,3133.601260,184.671810,3338.855890,32991.360190,38909.814520,26288.363360,25981.417590,4472.6485,63315.84,0,0,198616.573120
D,BILLING,ASPAYMENT_SUMMARY,1,2016Wk34,REVISE2,VIC1,89.689170,702.735310,7210.402280,1527.493760,50311.471060,34466.622650,50920.0952,67266.29,207216.16,0,0,419710.959430
D,BILLING,ASPAYMENT_SUMMARY,1,2016Wk35,REVISE2,NSW1,51.498770,380.377490,4575.877340,37527.006360,77239.381520,34388.758670,58107.975950,221561.9505,67877.70,194839.68,0,696550.2066
D,BILLING,ASPAYMENT_SUMMARY,1,2016Wk35,REVISE2,QLD1,0,0,28.688240,3948.014920,25875.662560,12380.917250,39335.9878,123787.1882,60312,0,0,265668.458970
D,BILLING,ASPAYMENT_SUMMARY,1,2016Wk35,REVISE2,SA1,0.376430,89.124250,19.995480,902.606580,13782.726030,14402.155620,7997.178980,912.344550,17021.76,0,0,55128.267920
D,BILLING,ASPAYMENT_SUMMARY,1,2016Wk35,REVISE2,TAS1,1633.296680,49.639190,1701.740460,40303.374670,59127.554710,13033.572150,8901.667450,8841.154890,63315.84,0,0,196907.8402
D,BILLING,ASPAYMENT_SUMMARY,1,2016Wk35,REVISE2,VIC1,71.294180,617.620060,6570.015540,4196.281440,33830.697890,26666.181230,18987.348150,47262.109140,170791.20,0,0,308992.747630
D,BILLING,ASPAYMENT_SUMMARY,1,2016Wk36,REVISE2,NSW1,55.017030,939.301780,10112.491860,70783.737160,169465.729130,43025.479730,68130.188770,189517.289660,68080.32,194839.68,0,814949.235120
D,BILLING,ASPAYMENT_SUMMARY,1,2016Wk36,REVISE2,QLD1,0,0,339.939840,10610.942540,53275.220010,17097.953520,53834.472680,105200.348070,60312,0,0,300670.876660
D,BILLING,ASPAYMENT_SUMMARY,1,2016Wk36,REVISE2,SA1,0.05,36.956080,4.412660,3703762.2760,27118.166060,15036.423650,9516.186270,3721253.513870,17021.76,0,0,7493749.744590
D,BILLING,ASPAYMENT_SUMMARY,1,2016Wk36,REVISE2,TAS1,3213.359990,248.208420,1445.324490,36497.398410,138201.775770,30030.564740,7996.913920,44594.663090,63315.84,0,0,325544.048830
D,BILLING,ASPAYMENT_SUMMARY,1,2016Wk36,REVISE2,VIC1,111.650980,2487.971520,22806.879010,17633.063250,59636.690920,32109.360860,23841.8881,37768.621870,171716.16,0,0,368112.286510
D,BILLING,ASPAYMENT_SUMMARY,1,2016Wk37,REVISE2,NSW1,342.503130,4855.570410,22008.122110,61102.6392,121046.425860,87267.793050,73171.972380,125417.508860,68080.32,194839.68,0,758132.5350
D,BILLING,ASPAYMENT_SUMMARY,1,2016Wk37,REVISE2,QLD1,3.630220,245.916630,1055.973520,8884.924050,40534.534850,27390.957560,41604.235910,74134.303460,60312,0,0,254166.4762
D,BILLING,ASPAYMENT_SUMMARY,1,2016Wk37,REVISE2,SA1,11446.115960,105.702990,7.542920,758629.914290,15649.870280,16381.416030,5841.877510,754083.641840,17021.76,0,0,1579167.841820
D,BILLING,ASPAYMENT_SUMMARY,1,2016Wk37,REVISE2,TAS1,3367.517710,317.011650,1942.875340,32367.625370,288647.904620,26883.221440,7981.957970,40328.329450,63315.84,0,0,465152.283550
D,BILLING,ASPAYMENT_SUMMARY,1,2016Wk37,REVISE2,VIC1,257.716820,2846.926570,13424.544050,8322.235890,49443.920040,42655.644910,16891.707860,34984.285260,171716.16,0,0,340543.1414
D,BILLING,ASPAYMENT_SUMMARY,1,2016Wk38,REVISE2,NSW1,44.055870,586.461250,11063.098220,79018.435410,127644.109980,63715.7089,58557.120250,138933.046650,68080.32,194839.68,0,742482.036530
D,BILLING,ASPAYMENT_SUMMARY,1,2016Wk38,REVISE2,QLD1,4.9888,26.252620,269.526270,11765.483690,51048.343280,26422.411810,44089.870640,97353.354270,60312,0,0,291292.231380
D,BILLING,ASPAYMENT_SUMMARY,1,2016Wk38,REVISE2,SA1,38.0199,67.2799,172.359870,1819209.750750,21947.3777,17100.971760,6201.967770,2127348.846860,17021.76,0,0,4009108.334510
D,BILLING,ASPAYMENT_SUMMARY,1,2016Wk38,REVISE2,TAS1,12279.458270,694.968410,1700.463910,28168.786030,188541.181330,35371.545650,14073.793860,67624.946220,63315.84,0,0,411770.983680
D,BILLING,ASPAYMENT_SUMMARY,1,2016Wk38,REVISE2,VIC1,128.396170,1325.607170,15876.732950,3871.336540,60037.966090,39675.950690,15350.166930,48892.426180,171716.16,3378.720550,0,360253.463270
D,BILLING,ASPAYMENT_SUMMARY,1,2016Wk39,REVISE2,NSW1,51.504780,380.409140,9945.190340,98875.080270,204771.941160,76069.323830,189258.967620,160757.446790,188080.32,194839.68,0,1123029.863930
D,BILLING,ASPAYMENT_SUMMARY,1,2016Wk39,REVISE2,QLD1,0,0,329.981970,16863.485290,93351.690480,33278.876830,49353.077710,146356.949890,60312,0,0,399846.062170
D,BILLING,ASPAYMENT_SUMMARY,1,2016Wk39,REVISE2,SA1,0,39.226150,0,2498.037550,35616.227520,22760.079690,20029.829390,275.444310,17021.76,0,0,98240.604610
D,BILLING,ASPAYMENT_SUMMARY,1,2016Wk39,REVISE2,TAS1,28484.254010,917.049350,1425.635790,28358.8587,82778.6622,37374.350840,32150.035780,74766.8104,63315.84,0,0,349571.497070
D,BILLING,ASPAYMENT_SUMMARY,1,2016Wk39,REVISE2,VIC1,147.668850,990.9122,17625.683570,16550.449270,69627.604260,47418.0898,53186.061320,40497.0154,621716.16,0,0,867759.644670
D,BILLING,ASPAYMENT_SUMMARY,1,2016Wk40,REVISE2,NSW1,82.619070,507.9494,4261.900460,91757.613340,265265.162670,162367.958920,87859.336630,145368.836860,68080.32,194839.68,0,1020391.377350
D,BILLING,ASPAYMENT_SUMMARY,1,2016Wk40,REVISE2,QLD1,0,4.666660,127.1897,23151.267110,108911.105650,66789.424220,63771.140060,148414.860470,58245.20,0,0,469414.853870
D,BILLING,ASPAYMENT_SUMMARY,1,2016Wk40,REVISE2,SA1,0.002240,20.680380,6.999990,1630.199110,25287.519120,17696.694750,6574.194430,0,9169.46,0,0,60385.750020
D,BILLING,ASPAYMENT_SUMMARY,1,2016Wk40,REVISE2,TAS1,35418.099380,1182.427370,2128.715780,48043.209520,133878.9261,47036.683880,12509.514410,86186.142750,63315.84,0,0,429699.559190
D,BILLING,ASPAYMENT_SUMMARY,1,2016Wk40,REVISE2,VIC1,193.316940,1246.208340,8544.558310,26564.656520,104023.1126,79111.071130,24379.0237,56192.741150,169172.52,0,0,469427.208690
D,BILLING,ASPAYMENT_SUMMARY,1,2016Wk41,REVISE2,NSW1,206.853770,2310.587980,20384.453770,116681.103740,445388.569050,181590.017740,94134.1129,153814.919650,61393.86,194839.68,0,1270744.1586
D,BILLING,ASPAYMENT_SUMMARY,1,2016Wk41,REVISE2,QLD1,1.116180,51.352250,818.076040,27383.9352,175242.805550,71609.885360,71826.475780,145623.016940,48014.54,0,0,540571.2033
D,BILLING,ASPAYMENT_SUMMARY,1,2016Wk41,REVISE2,SA1,0,0,0,0,0,0,0,0,0,0,0,0
D,BILLING,ASPAYMENT_SUMMARY,1,2016Wk41,REVISE2,TAS1,7965.8861,648.837410,3434.063850,31035.911740,68166.916060,51032.095640,6152.193110,36742.109330,63315.84,0,0,268493.853240
D,BILLING,ASPAYMENT_SUMMARY,1,2016Wk41,REVISE2,VIC1,313.4123,2359.853960,12489.906410,25595.543640,139356.471840,67844.053240,20643.756940,46419.621390,171716.16,0,0,486738.779720
D,BILLING,ASPAYMENT_SUMMARY,1,2016Wk42,REVISE2,NSW1,293.526670,1777.101510,9175.819790,150753.502410,309209.607580,134905.378340,111446.134470,190880.7379,14386.02,194839.68,0,1117667.508670
D,BILLING,ASPAYMENT_SUMMARY,1,2016Wk42,REVISE2,QLD1,16.367120,176.3156,507.4219,45049.3705,111253.341130,45197.655370,65745.528570,178290.770320,58968.58,0,0,505205.350510
D,BILLING,ASPAYMENT_SUMMARY,1,2016Wk42,REVISE2,SA1,4.5242,94.313570,0,2786.086930,23660.313080,10793.880170,7048.544650,0,5977.88,0,0,50365.5426
D,BILLING,ASPAYMENT_SUMMARY,1,2016Wk42,REVISE2,TAS1,1601.390880,810.660850,4517.444160,20901.574810,82595.358940,38943.1431,16884.725230,33772.684190,63315.84,0,0,263342.822160
D,BILLING,ASPAYMENT_SUMMARY,1,2016Wk42,REVISE2,VIC1,315.081730,1746.960890,6084.678590,57442.767540,128076.018870,69890.422330,34257.460960,69722.7690,171716.16,0,0,539252.319910
D,BILLING,ASPAYMENT_SUMMARY,1,2016Wk43,REVISE2,NSW1,98.752750,373.847090,1960.021220,95977.2276,200723.6353,44804.263020,59506.671260,135450.812280,0,194839.68,0,733734.910520
D,BILLING,ASPAYMENT_SUMMARY,1,2016Wk43,REVISE2,QLD1,0,0,0,20469.536010,82765.104370,17459.753010,49027.507130,96065.325720,60208.66,0,0,325995.886240
D,BILLING,ASPAYMENT_SUMMARY,1,2016Wk43,REVISE2,SA1,36890.316170,219.009170,0,2812891.853350,42821.466140,15234.6591,7544.9059,2955541.667760,17021.76,0,0,5888165.637590
D,BILLING,ASPAYMENT_SUMMARY,1,2016Wk43,REVISE2,TAS1,1067.862010,313.563950,3700.902850,6999.558990,10175.978690,23636.691910,2331.990920,18344.203030,63315.84,0,0,129886.592350
D,BILLING,ASPAYMENT_SUMMARY,1,2016Wk43,REVISE2,VIC1,199.6426,1132.3243,4336.907740,34140.355270,98511.683780,33626.015760,18652.846710,53419.077520,171716.16,0,0,415735.013680
D,BILLING,ASPAYMENT_SUMMARY,1,2016Wk44,REVISE2,NSW1,58.405350,264.249030,2519.419920,108319.086460,337055.769140,73160.0414,75691.053770,171832.003930,0,194839.68,0,963739.7090
D,BILLING,ASPAYMENT_SUMMARY,1,2016Wk44,REVISE2,QLD1,0,0,5.711310,21991.077130,130791.1433,26198.380270,65972.590950,116669.240350,60312,0,0,421940.143310
D,BILLING,ASPAYMENT_SUMMARY,1,2016Wk44,REVISE2,SA1,1.8438,129.127780,3.558240,2983.002980,62771.4170,21264.948910,10699.4554,26172.266110,17021.76,0,0,141047.380220
D,BILLING,ASPAYMENT_SUMMARY,1,2016Wk44,REVISE2,TAS1,6815.331850,253.677610,3139.60,29983.068690,31960.322310,42398.538990,3747.450440,24671.793670,63315.84,0,0,206285.623560
D,BILLING,ASPAYMENT_SUMMARY,1,2016Wk44,REVISE2,VIC1,178.395380,1159.365360,5551.307150,32336.907330,161474.660690,48318.157980,27713.175770,47215.369250,171716.16,0,0,495663.498910
D,BILLING,ASPAYMENT_SUMMARY,1,2016Wk45,REVISE2,NSW1,883.254680,10018.359050,39332.035810,112696.309870,307416.563810,131442.788140,100991.279050,158921.171960,0,194839.68,0,1056541.442370
D,BILLING,ASPAYMENT_SUMMARY,1,2016Wk45,REVISE2,QLD1,39.478610,1361.247420,3707.036510,26739.802840,131301.190490,49862.877560,80076.530360,125173.996460,60312,0,0,478574.160250
D,BILLING,ASPAYMENT_SUMMARY,1,2016Wk45,REVISE2,SA1,6.867390,203.446750,4.241370,1510.434460,46499.490770,23970.445680,7579.3195,13531.900310,27913.66,0,0,121219.806230
D,BILLING,ASPAYMENT_SUMMARY,1,2016Wk45,REVISE2,TAS1,19868.7949,541.992540,3282.524330,37565.871370,111401.824450,49046.013120,11855.119260,34841.630990,63315.84,0,0,331719.610960
D,BILLING,ASPAYMENT_SUMMARY,1,2016Wk45,REVISE2,VIC1,566.855910,3445.919590,13014.878570,20682.357250,134069.704460,69474.304820,29706.263840,37619.117160,171716.16,0,0,480295.5616
D,BILLING,ASPAYMENT_SUMMARY,1,2016Wk46,REVISE2,NSW1,93.9468,883.301520,3391.891980,76569.903240,196806.800560,95881.140840,69060.265230,173344.435150,0,194839.68,0,810871.365320
D,BILLING,ASPAYMENT_SUMMARY,1,2016Wk46,REVISE2,QLD1,0,0.307210,62.572420,19323.647650,85865.310750,43689.985160,79762.061430,142301.199470,60312,0,0,431317.084090
D,BILLING,ASPAYMENT_SUMMARY,1,2016Wk46,REVISE2,SA1,56.386520,127.616060,28.833330,3630777.247760,34122.343270,21149.066750,9411.362490,3648430.3442,34043.52,0,0,7378146.720380
D,BILLING,ASPAYMENT_SUMMARY,1,2016Wk46,REVISE2,TAS1,9423.487580,424.5848,3751.273170,22691.641710,52526.9533,45647.622120,5146.252030,28106.407650,63315.84,0,0,231034.062360
D,BILLING,ASPAYMENT_SUMMARY,1,2016Wk46,REVISE2,VIC1,193.2257,2262.182940,5640.493850,28811.197760,106279.488970,68450.887890,26384.309160,77764.504980,171716.16,0,0,487502.451250
D,BILLING,ASPAYMENT_SUMMARY,1,2016Wk47,REVISE2,NSW1,126.126040,793.217720,8962.926780,109319.5481,162748.262250,142996.025610,90546.185550,177175.311340,2228.82,194839.68,0,889736.103390
D,BILLING,ASPAYMENT_SUMMARY,1,2016Wk47,REVISE2,QLD1,4802.321220,20349.038770,3587.302440,24767.490740,66328.227490,74152.963770,68193.8851,110203.566240,60312,0,0,432696.795770
D,BILLING,ASPAYMENT_SUMMARY,1,2016Wk47,REVISE2,SA1,3.922140,164.763770,18.445740,1132.805830,31584.243420,33465.147960,11223.373180,26423.095690,34043.52,0,0,138059.317730
D,BILLING,ASPAYMENT_SUMMARY,1,2016Wk47,REVISE2,TAS1,11918.340310,248.817320,2445.428780,19798.264680,409823.408590,30872.677390,8769.168790,50481.319560,63315.84,0,0,597673.265420
D,BILLING,ASPAYMENT_SUMMARY,1,2016Wk47,REVISE2,VIC1,164.955120,1240.285370,9517.131250,46548.109710,93263.6459,103262.394540,39523.010310,79286.364580,171716.16,0,0,544522.056780
D,BILLING,ASPAYMENT_SUMMARY,1,2016Wk48,REVISE2,NSW1,54.225940,270.949780,3363.1250,64340.890340,131621.803040,88319.950860,62019.167110,105439.478460,68080.32,194839.68,0,718349.590530
D,BILLING,ASPAYMENT_SUMMARY,1,2016Wk48,REVISE2,QLD1,4996.342510,535.180090,49.559630,6015.923370,54376.376440,36231.968210,41506.653760,64178.039250,60312,0,0,268202.043260
D,BILLING,ASPAYMENT_SUMMARY,1,2016Wk48,REVISE2,SA1,0.145610,80.002550,0,3863116.690690,28241.337310,34560.8976,8646.113680,3872707.992480,33283.62,0,0,7840636.799920
D,BILLING,ASPAYMENT_SUMMARY,1,2016Wk48,REVISE2,TAS1,90.255040,190.036720,1801.664230,19387.7545,162850.491490,36855.507410,18446.862960,36917.000210,63315.84,0,0,339855.412560
D,BILLING,ASPAYMENT_SUMMARY,1,2016Wk48,REVISE2,VIC1,126.460230,777.674410,4536.771010,16666.315160,71661.860810,59708.552670,23138.436010,35381.129540,171716.16,0,0,383713.359840
D,BILLING,ASPAYMENT_SUMMARY,1,2016Wk49,REVISE2,NSW1,53.043970,639.263180,4142.287050,104163.311140,181833.361060,150612.972840,71383.714130,131379.489750,68080.32,194839.68,0,907127.443120
D,BILLING,ASPAYMENT_SUMMARY,1,2016Wk49,REVISE2,QLD1,0,16.1027,72.012090,13876.573340,62987.825690,45472.622910,46309.826560,86507.852950,60312,0,0,315554.816240
D,BILLING,ASPAYMENT_SUMMARY,1,2016Wk49,REVISE2,SA1,125512.749840,129192.877580,112624.388910,449901.140660,145074.167640,124960.284490,107004.902670,415961.153870,33030.32,0,0,1643261.985660
D,BILLING,ASPAYMENT_SUMMARY,1,2016Wk49,REVISE2,TAS1,64.649610,256.878670,1291.327850,22377.169570,446150.234060,169595.2276,127415.057390,89458.905430,63315.84,0,0,919925.290180
D,BILLING,ASPAYMENT_SUMMARY,1,2016Wk49,REVISE2,VIC1,159.541210,1809.431580,6225.326540,36203.047930,93829.431330,84423.493640,25146.744750,42022.697250,171716.16,0,0,461535.874230
D,BILLING,ASPAYMENT_SUMMARY,1,2016Wk50,REVISE2,NSW1,105.395410,298.8754,1799.799430,106745.396210,138223.868020,113493.4688,50871.591990,117365.044010,61799.10,194839.68,0,785542.219270
D,BILLING,ASPAYMENT_SUMMARY,1,2016Wk50,REVISE2,QLD1,0,0,0,12619.343720,39503.228840,25957.383930,38124.877270,73612.988140,60312,0,0,250129.8219
D,BILLING,ASPAYMENT_SUMMARY,1,2016Wk50,REVISE2,SA1,6.224780,26.636840,0,887.549780,11044.538250,12520.512770,3616.082750,10614.9999,34043.52,0,0,72760.065070
D,BILLING,ASPAYMENT_SUMMARY,1,2016Wk50,REVISE2,TAS1,22.504720,36.012830,287.662270,19043.471870,528099.010850,51831.1175,24836.491070,36758.385450,63315.84,0,0,724230.496560
D,BILLING,ASPAYMENT_SUMMARY,1,2016Wk50,REVISE2,VIC1,202.780760,476.143220,2409.212040,34751.3957,60430.602720,48932.551970,13337.207480,40711.280050,171716.16,0,0,372967.333940
D,BILLING,ASPAYMENT_SUMMARY,1,2016Wk51,REVISE2,NSW1,69.880460,290.799790,1603.117280,102983.2395,94805.294620,50006.843070,53613.920270,134749.519170,68080.32,194839.68,0,701042.614160
D,BILLING,ASPAYMENT_SUMMARY,1,2016Wk51,REVISE2,QLD1,0,0,0,12413.154470,28252.600280,16883.7658,33759.981830,71528.717140,60312,0,0,223150.219520
D,BILLING,ASPAYMENT_SUMMARY,1,2016Wk51,REVISE2,SA1,0.405720,32.772640,0,366147.416970,13385.502160,12779.119260,3333.224760,359872.886440,34043.52,0,0,789594.847950
D,BILLING,ASPAYMENT_SUMMARY,1,2016Wk51,REVISE2,TAS1,50.987080,101.026060,318.946870,8399.279920,415563.191720,43240.957690,20077.475490,40782.807380,63315.84,0,0,591850.512210
D,BILLING,ASPAYMENT_SUMMARY,1,2016Wk51,REVISE2,VIC1,151.4778,593.196740,2368.436160,35953.375910,46567.702410,26720.636420,13056.580920,43475.021750,171716.16,0,0,340602.588110
D,BILLING,ASPAYMENT_SUMMARY,1,2016Wk52,REVISE2,NSW1,80.933330,280.175140,1685.947520,87058.5567,101593.169890,67983.617190,64468.748620,109524.380280,68080.32,194839.68,0,695595.528670
D,BILLING,ASPAYMENT_SUMMARY,1,2016Wk52,REVISE2,QLD1,0,0,0,10241.301660,38103.902480,27796.828290,37786.780460,65419.001170,617521.70,0,0,796869.514060
D,BILLING,ASPAYMENT_SUMMARY,1,2016Wk52,REVISE2,SA1,0.2274,22.3264,0,342396.037110,16853.516330,19823.868490,4931.179410,442139.947880,34043.52,0,0,860210.623020
D,BILLING,ASPAYMENT_SUMMARY,1,2016Wk52,REVISE2,TAS1,51.740360,106.361790,277.791440,25268.701210,326843.642740,42917.516260,20020.672020,53810.506660,63315.84,0,0,532612.772480
D,BILLING,ASPAYMENT_SUMMARY,1,2016Wk52,REVISE2,VIC1,185.630950,573.624180,2592.906840,27894.113530,59358.191030,47385.512270,20697.260860,36506.700190,171716.16,0,0,366910.099850
D,BILLING,ASPAYMENT_SUMMARY,1,2016Wk53,REVISE2,NSW1,102.510750,311.400520,1714.264650,121390.706810,113193.675830,84814.245850,60335.124660,214597.387950,68080.32,194839.68,0,859379.317020
D,BILLING,ASPAYMENT_SUMMARY,1,2016Wk53,REVISE2,QLD1,0,0,9.419840,15697.271620,41620.036710,32549.781030,39575.213620,84209.713230,60312,0,0,273973.436050
D,BILLING,ASPAYMENT_SUMMARY,1,2016Wk53,REVISE2,SA1,8.406660,46.314230,0,2970.436830,20906.883340,22790.9937,5071.832480,34779.496260,34043.52,0,0,120617.8835
D,BILLING,ASPAYMENT_SUMMARY,1,2016Wk53,REVISE2,TAS1,72.360190,123.138840,668.1084,30356.979070,261714.689150,33214.580960,11865.2338,39573.936930,63315.84,0,0,440904.867340
D,BILLING,ASPAYMENT_SUMMARY,1,2016Wk53,REVISE2,VIC1,238.032290,467.143060,3448.080930,52115.864340,72289.804320,60975.635450,20896.936890,85981.969170,171716.16,0,0,468129.626450
C,"END OF REPORT",268
