C,SETP.WORLD,BILLING_AS_RECOVERY_SUMMARY,AEMO,PUBLIC,2017/07/27,13:43:08,0000000285825151,,0000000285825146
I,BILLING,ASRECOVERY_SUMMARY,1,BILLING_WEEK,STATUS,REGIONID,LOWER6SEC,LOWER60SEC,LOWER5MIN,LOWERREG,RAISE6SEC,RAISE60SEC,RAISE5MIN,RAISEREG,RESTART,REACTIVE,LOADSHED,TOTAL_CUSTOMER_RECOVERY,TOTAL_GENERATOR_RECOVERY,ENERGY_CUSTOMER,ENERGY_GENERATOR,RECOVERY_RATE_CUSTOMER,RECOVERY_RATE_GENERATOR
D,BILLING,ASRECOVERY_SUMMARY,1,2016Wk01,REVISE2,NSW1,-169.311570,-1014.328350,-9068.013320,-8286.820204,-78117.243550,-46271.3929,-22002.891227,-5982.799344,-143892.000010,-192319.679990,0,-282242.750620,-224881.729845,-1070726.553875,882068.860184,-0.2635992818134123815020996926,-0.2549480431698830860628517281
D,BILLING,ASRECOVERY_SUMMARY,1,2016Wk01,REVISE2,QLD1,-145.652490,-876.937520,-7774.539350,-5448.128670,-93723.012650,-56008.203520,-25968.912328,-3802.373503,-59532.48,0,0,-44343.044460,-208937.195571,-905858.105256,1017371.337790,-0.0489514242933979548385120686,-0.2053696500088816405223567881
D,BILLING,ASRECOVERY_SUMMARY,1,2016Wk01,REVISE2,SA1,-35.732240,-213.864730,-1994.760970,-3707.885511,-17143.098140,-10248.184850,-5001.944669,-4170.040429,-39197.200050,0,0,-23585.006840,-58127.704749,-238272.851693,200195.202441,-0.0989831895342732506807862775,-0.2903551335908309435230298571
D,BILLING,ASRECOVERY_SUMMARY,1,2016Wk01,REVISE2,TAS1,-3697.634790,-6933.0645,-5390.504570,-17025.696041,-121832.467530,-11016.119430,-21247.567262,-34394.516793,-62496.000010,0,0,-63939.706290,-220093.864636,-181445.902881,186459.945516,-0.3523899149816262309478187638,-1.18038147027729285953032370
D,BILLING,ASRECOVERY_SUMMARY,1,2016Wk01,REVISE2,VIC1,-106.51,-635.1311,-5864.769430,-5661.808852,-85002.541750,-50506.727910,-23475.301033,-4273.435497,-92803.199990,0,0,-57663.893630,-210665.531932,-710985.007228,918044.808219,-0.0811042329216208561960160220,-0.2294719495671344650149119433
D,BILLING,ASRECOVERY_SUMMARY,1,2016Wk02,REVISE2,NSW1,-206.982820,-1174.002450,-16596.381340,-5286.230827,-54159.406720,-47888.987930,-22339.611962,-4587.419636,-143891.999970,-192319.679960,0,-286949.987030,-201500.716585,-1148407.742731,1062081.734629,-0.2498676875406737900655562277,-0.1897224196736487683774391366
D,BILLING,ASRECOVERY_SUMMARY,1,2016Wk02,REVISE2,QLD1,-179.034420,-1013.483450,-14527.190680,-4025.761936,-54508.176820,-48389.354120,-21883.747201,-3485.020467,-59532.480020,0,0,-49326.227890,-158218.021224,-982565.679286,1016551.286371,-0.0502014561773049509632737579,-0.1556419467913169682817374398
D,BILLING,ASRECOVERY_SUMMARY,1,2016Wk02,REVISE2,SA1,-43.200140,-244.611980,-3506.026270,-1713.977519,-10848.2522,-9620.625020,-4267.505346,-1751.020695,-39547.200040,0,0,-24612.342970,-46930.076240,-235182.156088,198044.812867,-0.1046522549984217406363894666,-0.2369669549058909460177757638
D,BILLING,ASRECOVERY_SUMMARY,1,2016Wk02,REVISE2,TAS1,-4111.271950,-7500.822290,-5418.001450,-17487.325541,-86521.012820,-9097.695150,-9678.170789,-46675.984540,-62496.000010,0,0,-67135.531740,-181850.7528,-181570.976655,186538.076187,-0.3697481446473855229811755951,-0.9748720289025546215841868432
D,BILLING,ASRECOVERY_SUMMARY,1,2016Wk02,REVISE2,VIC1,-124.594060,-708.103340,-10054.499560,-3751.390239,-47204.4849,-42009.953020,-18944.862270,-3262.514970,-92803.20,0,0,-60161.113090,-158702.489269,-701606.367287,881858.885189,-0.0857476726196676860518789649,-0.1799635882049165744123230866
D,BILLING,ASRECOVERY_SUMMARY,1,2016Wk03,REVISE2,NSW1,-125.906450,-767.7567,-17690.692990,-9630.332713,-53665.095250,-45572.846840,-47666.007151,-54465.235289,-125692.000060,-192319.679980,0,-305785.429740,-241810.123683,-1321375.607792,1199151.837747,-0.2314144653017798167065682673,-0.2016509636822302846785981926
D,BILLING,ASRECOVERY_SUMMARY,1,2016Wk03,REVISE2,QLD1,-107.3254,-652.7286,-14709.215910,-7232.979024,-54161.4956,-45595.858350,-42435.724438,-36588.675088,-59532.479990,0,0,-66281.1674,-194735.3150,-1037025.444733,1102956.129337,-0.0639146973072249198099753990,-0.1765576252947229239030579562
D,BILLING,ASRECOVERY_SUMMARY,1,2016Wk03,REVISE2,SA1,-26.054860,-157.589310,-3603.443090,-2922.905991,-11710.356310,-9807.040650,-9581.888505,-14952.171845,-39547.200010,0,0,-29265.502640,-63043.147931,-265136.835059,249023.550321,-0.1103788639307233452797583656,-0.2531613891526933660771659125
D,BILLING,ASRECOVERY_SUMMARY,1,2016Wk03,REVISE2,TAS1,-4012.366050,-7362.355150,-5394.581840,-18154.220258,-147510.269310,-9668.737480,-12192.067537,-59832.129360,-62496,0,0,-67161.325150,-259461.401835,-183070.370822,188184.376399,-0.3668607041567704330478750003,-1.37876165279988015866337286
D,BILLING,ASRECOVERY_SUMMARY,1,2016Wk03,REVISE2,VIC1,-75.976920,-463.0470,-10672.989670,-6760.984410,-45463.630610,-38419.203070,-37815.401692,-38550.9487,-92803.200010,0,0,-77226.394070,-193798.988012,-810014.418148,982840.124751,-0.0953395301858562097008170550,-0.1971826171231037923524467871
D,BILLING,ASRECOVERY_SUMMARY,1,2016Wk04,REVISE2,NSW1,-92.810340,-593.551240,-9510.860330,-4615.987890,-21966.1141,-19663.504010,-18609.026816,-6685.089195,-143891.999950,-192319.68,0,-279963.898950,-137984.724921,-1342607.620477,1239203.000812,-0.2085225010495134587418638963,-0.1113495729356563426462387920
D,BILLING,ASRECOVERY_SUMMARY,1,2016Wk04,REVISE2,QLD1,-76.209860,-486.034420,-7628.944330,-3400.720986,-23012.489130,-20531.422460,-17440.472493,-4725.251733,-59532.479980,0,0,-41962.943290,-94871.082102,-1026995.441063,1092798.867035,-0.0408599119452428275652391156,-0.0868147698207317806967257659
D,BILLING,ASRECOVERY_SUMMARY,1,2016Wk04,REVISE2,SA1,-19.467290,-123.484920,-2012.100440,-1495.099769,-4601.611630,-4167.499380,-3623.008703,-2253.226805,-39547.200010,0,0,-23136.586470,-34706.112477,-285129.136621,227852.506174,-0.0811442378151401136248594020,-0.1523183267095452140980144969
D,BILLING,ASRECOVERY_SUMMARY,1,2016Wk04,REVISE2,TAS1,-4984.168520,-6656.358470,-5448.978450,-17029.681681,-227412.843340,-11099.892680,-19970.709867,-34460.118017,-62495.999990,0,0,-62739.4038,-326819.347215,-184468.896118,188476.537214,-0.3401083061713949861323796920,-1.73400547381620678123628591
D,BILLING,ASRECOVERY_SUMMARY,1,2016Wk04,REVISE2,VIC1,-57.493740,-365.452310,-5937.2984,-3250.7717,-20929.611310,-18684.507240,-16258.725869,-4765.081644,-92803.200010,0,0,-56128.404910,-106923.737313,-837504.682027,1033802.327180,-0.0670186162710795416910646624,-0.1034276423082408329542448883
D,BILLING,ASRECOVERY_SUMMARY,1,2016Wk05,REVISE2,NSW1,-122.451790,-772.009330,-8781.177060,-10450.017868,-19564.272270,-24173.481960,-15644.161429,-4682.031450,-143892.000030,-192319.679980,0,-281236.795160,-139164.488007,-1249613.489958,1140957.234852,-0.2250590261869311918998658617,-0.1219716951311078814267775482
D,BILLING,ASRECOVERY_SUMMARY,1,2016Wk05,REVISE2,QLD1,-105.259090,-662.902740,-7525.353190,-7940.039015,-18934.061390,-23123.473050,-14868.445719,-3526.849622,-59532.479990,0,0,-43959.4330,-92259.430806,-1054477.736717,1075205.892798,-0.0416883462488860511508691553,-0.0858062920078627870630432668
D,BILLING,ASRECOVERY_SUMMARY,1,2016Wk05,REVISE2,SA1,-22.775140,-142.806630,-1650.097260,-3195.765622,-4008.414410,-4895.526640,-3093.035121,-1428.658765,-39547.199970,0,0,-23041.168820,-34943.110738,-225367.388377,221038.319050,-0.1022382563241855443866707536,-0.1580862127805798657063212949
D,BILLING,ASRECOVERY_SUMMARY,1,2016Wk05,REVISE2,TAS1,-35333.2211,-6474.764940,-5469.121720,-25983.032451,-103838.773190,-12018.246780,-24277.793769,-15113.734420,-62496.000010,0,0,-89800.230620,-201204.457760,-180163.853451,183910.947674,-0.4984364449355174666145801319,-1.09403197745821213781888154
D,BILLING,ASRECOVERY_SUMMARY,1,2016Wk05,REVISE2,VIC1,-72.069830,-454.373990,-5217.982530,-7316.525166,-16230.656070,-19652.410740,-12934.234660,-3274.277378,-92803.199990,0,0,-56455.101710,-101500.628644,-743991.191569,936058.202227,-0.0758814114330333205445224695,-0.1084340999336550435087799221
D,BILLING,ASRECOVERY_SUMMARY,1,2016Wk06,REVISE2,NSW1,-109.685380,-745.417410,-10083.911680,-12896.306863,-30207.641630,-46912.180820,-23706.794382,-5219.233560,-143891.999990,-192319.68,0,-281923.635570,-184169.216145,-1238268.868310,1171125.500211,-0.2276756226252960734099294316,-0.1572583093031605039229639638
D,BILLING,ASRECOVERY_SUMMARY,1,2016Wk06,REVISE2,QLD1,-95.314520,-648.218920,-8815.666520,-8638.256783,-30903.566680,-45299.277520,-22736.593704,-3482.849070,-59532.479980,0,0,-44662.328230,-135489.895467,-1089990.534006,1100285.941986,-0.0409749688979905858399060706,-0.1231406221753980827562509865
D,BILLING,ASRECOVERY_SUMMARY,1,2016Wk06,REVISE2,SA1,-20.746760,-140.191830,-1934.469210,-9898.015870,-6437.969130,-9264.879090,-4615.708083,-10052.907189,-389547.200030,0,0,-198277.814390,-233634.272802,-227810.793765,232427.230121,-0.8703618082053435313879628103,-1.00519320683885283997274676
D,BILLING,ASRECOVERY_SUMMARY,1,2016Wk06,REVISE2,TAS1,-188459.8923,-6729.945640,-5352.033260,-21502.850685,-42513.233740,-4223.850080,-3549.824220,-29102.664776,-62495.999990,0,0,-253195.8224,-110734.472291,-179893.695358,183125.414591,-1.40747468607014860852620097,-0.6046919950369479079138834679
D,BILLING,ASRECOVERY_SUMMARY,1,2016Wk06,REVISE2,VIC1,-67.113250,-456.675270,-6170.235610,-10830.197663,-24976.692530,-37665.890230,-18948.052537,-4381.229101,-92803.199980,0,0,-57961.601390,-138337.684781,-769426.665374,922448.917095,-0.0753308976649857128012262785,-0.1499678542814670070703336674
D,BILLING,ASRECOVERY_SUMMARY,1,2016Wk07,REVISE2,NSW1,-103.5635,-615.012090,-7324.120050,-11746.032836,-42785.2204,-42019.013180,-24218.661830,-5222.657508,-143891.999980,-192319.680010,0,-278776.051630,-191469.909754,-1310773.476392,1248245.476437,-0.2126805711673015392191364395,-0.1533912306259926971419211387
D,BILLING,ASRECOVERY_SUMMARY,1,2016Wk07,REVISE2,QLD1,-81.857130,-483.315820,-5743.633440,-7558.812403,-38751.159970,-38655.566310,-21296.4310,-3309.127647,-59532.479960,0,0,-40612.551910,-134799.831770,-1000018.258489,1049996.574427,-0.0406118103997065468724107021,-0.1283812109992477203104866734
D,BILLING,ASRECOVERY_SUMMARY,1,2016Wk07,REVISE2,SA1,-20.216820,-119.3031,-1427.366320,-14297.290192,-7496.2742,-7526.626230,-4170.085884,-24585.425120,-39547.200030,0,0,-22710.467080,-76479.320816,-249433.693502,203525.136440,-0.0910481128717997505587848760,-0.3757733425647224688331475366
D,BILLING,ASRECOVERY_SUMMARY,1,2016Wk07,REVISE2,TAS1,-108310.462330,-6150.109810,-5108.702190,-36930.869281,-41268.949120,-8914.913440,-1272.024097,-75972.184130,-62495.999990,0,0,-197297.317580,-149126.896808,-177528.422437,180534.907237,-1.11135622607143620758811441,-0.8260280468210580068230752315
D,BILLING,ASRECOVERY_SUMMARY,1,2016Wk07,REVISE2,VIC1,-64.9184,-385.269080,-4585.343330,-9892.549462,-35337.085910,-35440.563460,-19612.193371,-4388.918419,-92803.199970,0,0,-56160.203520,-146349.837882,-818679.988593,973008.908403,-0.0685984808502746751588938529,-0.1504095559846456708268777685
D,BILLING,ASRECOVERY_SUMMARY,1,2016Wk08,REVISE2,NSW1,-105.799520,-735.988410,-7512.102850,-10342.735466,-27962.7018,-27760.973330,-20771.317715,-5923.017136,-143892.000030,-192319.680020,0,-278869.725410,-158456.590867,-1331980.211301,1273658.416412,-0.2093647661158692735256585194,-0.1244105867202488914981247662
D,BILLING,ASRECOVERY_SUMMARY,1,2016Wk08,REVISE2,QLD1,-87.539840,-611.658240,-6248.664690,-6806.501536,-25092.194720,-24940.506170,-18362.005239,-3893.244451,-59532.48,0,0,-41376.0428,-104198.752086,-1093747.506409,1114085.288985,-0.0378296110917282302479445871,-0.0935285234588560551865278609
D,BILLING,ASRECOVERY_SUMMARY,1,2016Wk08,REVISE2,SA1,-18.760690,-129.785210,-1315.370090,-6870.795423,-4482.207950,-4458.542420,-3158.725776,-8996.623467,-39547.199990,0,0,-22425.464420,-46552.546596,-220673.946497,190017.512844,-0.1016226191445978778352694826,-0.2449908216313649372649821504
D,BILLING,ASRECOVERY_SUMMARY,1,2016Wk08,REVISE2,TAS1,-100637.812550,-7127.175080,-5173.725430,-13551.664245,-4939.639660,-1877.714690,-41.613430,-24957.166849,-62496,0,0,-160117.193770,-60685.318164,-178575.046451,182331.613324,-0.8966381191110890615752596991,-0.3328293819029796015868877827
D,BILLING,ASRECOVERY_SUMMARY,1,2016Wk08,REVISE2,VIC1,-60.399840,-420.063610,-4272.4418,-8512.420721,-21215.654810,-21072.0368,-15291.865865,-4825.094434,-92803.200030,0,0,-55375.468420,-113097.709490,-746671.195439,916274.690982,-0.0741631239537001137218446602,-0.1234321002239947035752315728
D,BILLING,ASRECOVERY_SUMMARY,1,2016Wk09,REVISE2,NSW1,-91.200860,-634.2094,-10469.389450,-7491.9691,-19953.534990,-18310.536790,-22559.668493,-7695.305227,-82691.999990,-192319.679960,0,-250789.526270,-111427.967990,-1404126.500188,1345245.380504,-0.1786089260735564223723228587,-0.0828309612542606877622970267
D,BILLING,ASRECOVERY_SUMMARY,1,2016Wk09,REVISE2,QLD1,-73.833330,-510.771780,-8388.090640,-4816.721704,-17575.683690,-16085.673080,-18384.898284,-4787.894021,-59532.480030,0,0,-42762.318830,-87393.727729,-1054702.435222,1090822.627440,-0.0405444392673646709487733789,-0.0801172670336883308024533070
D,BILLING,ASRECOVERY_SUMMARY,1,2016Wk09,REVISE2,SA1,-17.521340,-120.869730,-2056.146310,-6223.873560,-3630.711060,-3335.233540,-3810.361791,-18558.069060,-27397.199990,0,0,-17037.485580,-48112.500801,-259392.231643,229933.958169,-0.0656823277708971293103730074,-0.2092448683270942400457485859
D,BILLING,ASRECOVERY_SUMMARY,1,2016Wk09,REVISE2,TAS1,-13677.935840,-6809.9744,-5079.058240,-13594.590435,-2840.595960,-1854.188150,0,-53933.953968,-62496.000020,0,0,-84015.782340,-76270.514673,-174035.789902,177624.689724,-0.4827500273783312195903868940,-0.4293914026902004847552180600
D,BILLING,ASRECOVERY_SUMMARY,1,2016Wk09,REVISE2,VIC1,-53.2724,-370.1648,-6231.989170,-6195.234135,-15374.889290,-14117.402570,-16079.227572,-6290.567734,-92803.199990,0,0,-57115.661470,-100400.286191,-831296.824098,985051.058842,-0.0687066999587944334598325682,-0.1019239411904474514230136950
D,BILLING,ASRECOVERY_SUMMARY,1,2016Wk10,REVISE2,NSW1,-134.400290,-849.403110,-11104.653180,-6364.799851,-44635.501080,-32226.508670,-47112.156683,-11047.546902,-140492,-192319.68,0,-282255.112770,-204031.536996,-1351866.665255,1297348.450043,-0.2087891653995024448828515766,-0.1572681086482490277212149841
D,BILLING,ASRECOVERY_SUMMARY,1,2016Wk10,REVISE2,QLD1,-110.569170,-689.241280,-8858.056280,-4772.261586,-38744.668110,-28183.462960,-39208.630006,-8064.023564,-59532.479980,0,0,-45186.182370,-142977.210566,-1050486.031574,1088390.602440,-0.0430145485155048664822276029,-0.1313657158059502291121233874
D,BILLING,ASRECOVERY_SUMMARY,1,2016Wk10,REVISE2,SA1,-25.398670,-162.140310,-2102.063490,-2929.600437,-7724.276940,-5608.936310,-7849.788093,-4325.775934,-30597.199970,0,0,-19114.426020,-42210.754134,-251387.808067,211430.438937,-0.0760356127330789802936016225,-0.1996436953270363914138365510
D,BILLING,ASRECOVERY_SUMMARY,1,2016Wk10,REVISE2,TAS1,-196597.342550,-7104.7997,-5083.503110,-34752.810577,-1914.1778,-1756.576250,0,-33894.563397,-62496,0,0,-262041.262110,-81558.511274,-165426.551426,168158.267592,-1.58403387999790654597454438,-0.4850104157345641168217917162
D,BILLING,ASRECOVERY_SUMMARY,1,2016Wk10,REVISE2,VIC1,-80.143490,-514.178910,-6743.136780,-4796.753932,-35058.428330,-25482.324550,-35940.632920,-8344.713449,-92803.20,0,0,-58692.894640,-151070.617721,-836453.727012,993724.263542,-0.0701687286990329535056415673,-0.1520246845765127714905458415
D,BILLING,ASRECOVERY_SUMMARY,1,2016Wk11,REVISE2,NSW1,-118.326910,-871.947840,-13895.620520,-7990.968475,-41792.026170,-30402.563480,-65084.363137,-17447.915360,-143891.999940,-192319.680010,0,-290346.702740,-223468.709102,-1401770.633090,1302775.050681,-0.2071285386397151262922952378,-0.1715328436672057339927049532
D,BILLING,ASRECOVERY_SUMMARY,1,2016Wk11,REVISE2,QLD1,-94.977340,-682.358350,-10478.077830,-5802.939303,-37750.915820,-27889.200640,-54280.195113,-12448.935744,-59532.480020,0,0,-49003.473470,-159956.606690,-1021084.650250,1100579.133689,-0.0479915876298817175368658912,-0.1453385783844965189732357922
D,BILLING,ASRECOVERY_SUMMARY,1,2016Wk11,REVISE2,SA1,-24.3179,-177.983380,-2802.836860,-2992.190142,-8671.331910,-6434.508150,-12491.131439,-6800.097162,-39547.20,0,0,-25120.871430,-54820.725513,-274892.417275,253218.031354,-0.0913843738544060936756881301,-0.2164961366292290916410012743
D,BILLING,ASRECOVERY_SUMMARY,1,2016Wk11,REVISE2,TAS1,-195842.112190,-6773.233240,-5187.294890,-17123.282085,-9750.535070,-3589.0236,0,-48537.631256,-62495.999980,0,0,-257854.595410,-91444.516901,-155231.303686,158267.299842,-1.66109920671403463123782606,-0.5777852847195224470606660165
D,BILLING,ASRECOVERY_SUMMARY,1,2016Wk11,REVISE2,VIC1,-71.314350,-530.270210,-8488.371670,-6034.059147,-33882.471910,-24995.841890,-50387.771150,-13257.852193,-92803.199960,0,0,-62896.990220,-167554.162260,-868457.685966,1011090.164902,-0.0724237821098199234449908218,-0.1657163407145199571692233360
D,BILLING,ASRECOVERY_SUMMARY,1,2016Wk12,REVISE2,NSW1,-122.369050,-864.121930,-7503.874080,-11874.634110,-73478.982310,-53184.6411,-73711.500714,-21640.060337,-143892.000020,-192319.68,0,-287264.3374,-291327.526251,-1279131.441075,1174298.186235,-0.2245776533790608904253886080,-0.2480864993797237055816800258
D,BILLING,ASRECOVERY_SUMMARY,1,2016Wk12,REVISE2,QLD1,-114.823540,-740.900950,-6134.072720,-8950.223778,-66948.746190,-48714.969770,-66368.666332,-16472.044573,-59532.48,0,0,-48474.280260,-225502.647593,-1037391.060952,1069545.446590,-0.0467271042566298930199845194,-0.2108397060751026501174868603
D,BILLING,ASRECOVERY_SUMMARY,1,2016Wk12,REVISE2,SA1,-22.607840,-159.341250,-1393.126740,-4386.146474,-12136.222170,-9065.298740,-12503.023338,-7987.492806,-35797.200030,0,0,-22335.380580,-61115.078808,-235310.268865,214586.620212,-0.0949188519809734483684238001,-0.2848037717711458449017794347
D,BILLING,ASRECOVERY_SUMMARY,1,2016Wk12,REVISE2,TAS1,-132469.930030,-6246.641390,-5069.485990,-26060.363843,-110601.440830,-3689.002060,-153.589102,-47679.155144,-62496,0,0,-196572.330260,-197893.278129,-160302.097042,163560.790698,-1.22626175132629117412166960,-1.20990658754145906177184381
D,BILLING,ASRECOVERY_SUMMARY,1,2016Wk12,REVISE2,VIC1,-71.826210,-504.883420,-4423.414570,-8864.690429,-59040.670160,-43163.606180,-59285.895598,-16311.917241,-92803.20,0,0,-60717.405670,-223752.698138,-766746.7509,959099.266544,-0.0791883442593405060622605111,-0.2332946191735358153945209217
D,BILLING,ASRECOVERY_SUMMARY,1,2016Wk13,REVISE2,NSW1,-169.481910,-1236.1031,-16528.393460,-111846.667814,-100437.965580,-73435.302760,-92189.044358,-111762.755236,-143891.999980,-192319.680010,0,-300315.309680,-543502.084528,-1165680.028166,1098626.877502,-0.2576309985789970609635309698,-0.4947103476694348207448266532
D,BILLING,ASRECOVERY_SUMMARY,1,2016Wk13,REVISE2,QLD1,-145.049480,-1062.2125,-14168.5921,-13727.456468,-279208.120950,-79234.600190,-85842.455440,-18619.148292,-59532.480010,0,0,-60140.805980,-491399.309450,-989205.523249,1033711.484817,-0.0607970786318198987862675380,-0.4753737543479004657142469353
D,BILLING,ASRECOVERY_SUMMARY,1,2016Wk13,REVISE2,SA1,-31.635990,-218.7377,-3057.974060,-92165.228433,-14292.989890,-10652.794080,-13431.865358,-88614.078501,-35397.199960,0,0,-67782.644630,-190079.859342,-211980.416969,159622.309681,-0.3197589928314582416250988198,-1.19081010494002012297570696
D,BILLING,ASRECOVERY_SUMMARY,1,2016Wk13,REVISE2,TAS1,-60846.517310,-6676.179810,-5190.474450,-42201.332991,-17775.715980,-3039.769890,-15.713704,-55820.188648,-62496.000010,0,0,-120065.216370,-133996.676423,-163441.623805,166465.467014,-0.7346061154730583961723629670,-0.8049517946670024652900650288
D,BILLING,ASRECOVERY_SUMMARY,1,2016Wk13,REVISE2,VIC1,-103.816840,-757.8942,-10091.6424,-90094.936810,-81288.743220,-59788.061650,-73603.783290,-89815.814472,-92803.200020,0,0,-69142.155510,-429205.737392,-716112.825857,875065.775026,-0.0965520418200231229768021311,-0.4904839723382478496764492428
D,BILLING,ASRECOVERY_SUMMARY,1,2016Wk14,REVISE2,NSW1,-206.212950,-1076.369320,-12116.247350,-31718.440504,-72572.340010,-64116.995850,-83121.405438,-25395.519750,-143891.999990,-192319.68,0,-297707.427050,-328827.784112,-1180230.701241,1023029.261340,-0.2522451133807685347402556537,-0.3214255901940573128279470724
D,BILLING,ASRECOVERY_SUMMARY,1,2016Wk14,REVISE2,QLD1,-173.987680,-909.902280,-10236.865210,-21024.510080,-76574.091360,-68066.052420,-85736.185780,-16777.852824,-59532.480020,0,0,-60974.295320,-278057.632334,-989844.680327,1069566.549147,-0.0615998616064258134465083542,-0.2599722593753108090816229435
D,BILLING,ASRECOVERY_SUMMARY,1,2016Wk14,REVISE2,SA1,-37.430060,-196.819860,-2241.182440,-6878.333733,-11388.066790,-10164.589140,-12692.919848,-5939.937123,-38997.199980,0,0,-25774.344260,-62762.134714,-209545.154921,161382.423497,-0.1230013849268770228031437176,-0.3889031615339864411231992641
D,BILLING,ASRECOVERY_SUMMARY,1,2016Wk14,REVISE2,TAS1,-70038.557290,-6628.240690,-5270.675190,-21277.007705,-9739.867720,-3107.468920,0,-49779.975807,-62496,0,0,-130438.139360,-97899.653962,-165779.900898,168880.153079,-0.7868151606644713003404198717,-0.5796989887627812599609634440
D,BILLING,ASRECOVERY_SUMMARY,1,2016Wk14,REVISE2,VIC1,-122.699490,-641.423550,-7253.564150,-15430.779715,-66263.784020,-58774.1131,-74305.535350,-12454.233857,-92803.199980,0,0,-67022.799170,-261026.534042,-705665.322195,924121.540451,-0.0949781674994640835384631579,-0.2824590950608195412559806655
D,BILLING,ASRECOVERY_SUMMARY,1,2016Wk15,REVISE2,NSW1,-393.516830,-1616.5514,-15774.188790,-37070.100505,-187156.531490,-99256.815120,-112523.587362,-41933.996845,-59567.249990,-192319.679990,0,-267915.928520,-479696.289802,-1233986.962294,1019268.913191,-0.2171140674144079523752407863,-0.4706278035108778889339307488
D,BILLING,ASRECOVERY_SUMMARY,1,2016Wk15,REVISE2,QLD1,-325.861050,-1352.214630,-13141.267540,-24252.945342,-204637.507660,-109876.141820,-122376.792991,-27397.084868,-59532.479990,0,0,-71600.929640,-491291.366251,-997388.752422,1126954.340812,-0.0717883868913986917829505982,-0.4359461146376274258939776834
D,BILLING,ASRECOVERY_SUMMARY,1,2016Wk15,REVISE2,SA1,-71.302970,-298.096470,-2888.898030,-7901.176927,-34447.932880,-18059.472450,-20509.671737,-9019.369290,-39547.20,0,0,-28154.978250,-104588.142504,-215165.626649,184385.663256,-0.1308525840697095034071963348,-0.5672249168244193763207535266
D,BILLING,ASRECOVERY_SUMMARY,1,2016Wk15,REVISE2,TAS1,-234012.595570,-6318.545940,-4922.447490,-22126.287165,-8051.224590,-4010.970390,0,-34539.564593,-62496.000010,0,0,-288718.146670,-87759.489078,-159806.144825,162436.357894,-1.80667737768262003375689029,-0.5402699876789198800798372202
D,BILLING,ASRECOVERY_SUMMARY,1,2016Wk15,REVISE2,VIC1,-233.657810,-951.889210,-9333.999280,-18068.934421,-171693.186940,-92912.296320,-102663.092160,-20526.534187,-92803.200020,0,0,-74503.294190,-434683.496158,-739394.607597,951089.651975,-0.1007625609174138203205801165,-0.4570373521101309740701008850
D,BILLING,ASRECOVERY_SUMMARY,1,2016Wk16,REVISE2,NSW1,-729.190030,-1644.082210,-20635.561690,-25079.465715,-215751.291090,-114230.091330,-111852.553064,-37088.853615,-70623.749930,-192319.679980,0,-272313.293140,-517641.225514,-1184320.877218,1050133.591980,-0.2299320212776041601109783468,-0.4929289277738470616941058116
D,BILLING,ASRECOVERY_SUMMARY,1,2016Wk16,REVISE2,QLD1,-607.7717,-1374.429780,-17132.504640,-16520.100786,-213989.692230,-113576.600830,-110235.035895,-24399.205523,-59532.479970,0,0,-70230.317270,-487137.504084,-978773.559891,1036023.253369,-0.0717533862253299109331896545,-0.4701993922432708412020874396
D,BILLING,ASRECOVERY_SUMMARY,1,2016Wk16,REVISE2,SA1,-138.590530,-310.4116,-3808.5920,-5576.236564,-38956.574730,-20435.474870,-20877.548847,-8293.812296,-39547.20,0,0,-28233.592080,-109710.849357,-217779.251137,190762.959249,-0.1296431681741750776805546748,-0.5751161010969435152600094901
D,BILLING,ASRECOVERY_SUMMARY,1,2016Wk16,REVISE2,TAS1,-264493.018650,-5122.080160,-4162.467020,-24246.810133,-10021.576120,-2714.451950,-67.486230,-41380.205582,-62496,0,0,-320858.296990,-93845.798855,-171564.218107,175214.591227,-1.87019356676046102082096553,-0.5356049299194362238261765379
D,BILLING,ASRECOVERY_SUMMARY,1,2016Wk16,REVISE2,VIC1,-453.723840,-1003.158920,-12723.632170,-12470.406226,-193015.410640,-103130.5012,-98434.874480,-18524.634578,-92803.20,0,0,-74884.052370,-457675.489684,-745516.258295,932767.577502,-0.1004459011279784312460243660,-0.4906640204086839327980207718
D,BILLING,ASRECOVERY_SUMMARY,1,2016Wk17,REVISE2,NSW1,-317.025930,-1329.656660,-20822.455420,-27125.291379,-139979.027830,-104657.645980,-82565.436213,-29728.402074,-139555.250010,-192319.680020,0,-304434.114740,-433965.756776,-1187637.700742,1046599.877864,-0.2563358459821533134905049253,-0.4146434238667009529747636083
D,BILLING,ASRECOVERY_SUMMARY,1,2016Wk17,REVISE2,QLD1,-263.559190,-1101.997440,-17302.297860,-17799.139345,-141077.233860,-104446.646430,-80113.245955,-19504.370765,-59532.479980,0,0,-67863.629350,-373277.341475,-974210.127445,1024390.164499,-0.0696601558926324224381405676,-0.3643898139704995086508081164
D,BILLING,ASRECOVERY_SUMMARY,1,2016Wk17,REVISE2,SA1,-59.437830,-249.019990,-3912.121840,-5894.782986,-27745.642660,-20786.733040,-15878.188534,-6703.869162,-34997.20,0,0,-25516.076350,-90710.919692,-217569.059296,201829.830914,-0.1172780561379625922965593774,-0.4494425788358910223726374121
D,BILLING,ASRECOVERY_SUMMARY,1,2016Wk17,REVISE2,TAS1,-50415.724370,-4289.595970,-3586.435690,-19360.618606,-17596.323670,-1899.834610,-21.437245,-39074.620185,-62496,0,0,-103871.553250,-94869.037096,-174666.317433,177895.110355,-0.5946856542037301429432719309,-0.5332863669309591463166666192
D,BILLING,ASRECOVERY_SUMMARY,1,2016Wk17,REVISE2,VIC1,-196.048580,-821.561330,-12942.9831,-13458.482173,-124507.708310,-93800.968780,-73714.886136,-14825.098444,-92803.20,0,0,-73399.3196,-353671.617253,-750346.161538,948580.664609,-0.0978206104893665359297024559,-0.3728429541611852220043125397
D,BILLING,ASRECOVERY_SUMMARY,1,2016Wk18,REVISE2,NSW1,-351.271620,-2396.185950,-33094.126150,-37965.263289,-167590.370190,-120210.746990,-122302.834585,-35276.431349,-143892.000010,-192319.680010,0,-337183.8469,-518215.063243,-1161512.612981,1029440.987824,-0.2902971893130149302967123988,-0.5033946281256847085538044544
D,BILLING,ASRECOVERY_SUMMARY,1,2016Wk18,REVISE2,QLD1,-297.794870,-2029.634330,-28043.911560,-25348.083970,-161588.709320,-116719.741570,-117936.587104,-23491.715654,-59532.479960,0,0,-91156.246070,-443832.412268,-962834.128375,1009143.067560,-0.0946749220697512544173582509,-0.4398111888546579434027777467
D,BILLING,ASRECOVERY_SUMMARY,1,2016Wk18,REVISE2,SA1,-67.775910,-460.160250,-6384.427340,-10971.343107,-33136.556760,-24675.201880,-24823.366026,-10833.083295,-23747.200030,0,0,-26248.522920,-108850.591678,-215188.915398,211909.540346,-0.1219789730872167309886187263,-0.5136653663646845877623967879
D,BILLING,ASRECOVERY_SUMMARY,1,2016Wk18,REVISE2,TAS1,-29271.400290,-2996.371840,-2509.2306,-21140.516848,-8746.185830,-1742.876990,0,-47323.746318,-62495.999990,0,0,-87080.470420,-89145.858286,-173956.185719,178529.530687,-0.5005885249787286984955094628,-0.4993339642072522489115257570
D,BILLING,ASRECOVERY_SUMMARY,1,2016Wk18,REVISE2,VIC1,-212.672080,-1453.1610,-20119.499470,-25172.119766,-146351.690560,-104632.721490,-106131.317159,-23571.522318,-92803.200050,0,0,-92755.775820,-427692.128073,-723212.248728,904792.174289,-0.1282552611396456464469860159,-0.4726965376431192480905991316
D,BILLING,ASRECOVERY_SUMMARY,1,2016Wk19,REVISE2,NSW1,-629.979070,-6180.097570,-27438.506590,-23443.250634,-173463.1523,-110607.792950,-129533.099656,-43487.799491,-143892,-192319.680010,0,-332428.0012,-518567.357071,-1186560.360406,1113795.871355,-0.2801610539949730092770341310,-0.4655856341432936591296905167
D,BILLING,ASRECOVERY_SUMMARY,1,2016Wk19,REVISE2,QLD1,-556.172520,-5541.769310,-23857.455850,-15718.066928,-154202.0225,-99217.193630,-114327.978070,-28838.554834,-59532.480020,0,0,-88008.270790,-413783.422872,-973710.533092,980525.843938,-0.0903844292518140321984512301,-0.4220015468538370273746072680
D,BILLING,ASRECOVERY_SUMMARY,1,2016Wk19,REVISE2,SA1,-122.968030,-1211.251570,-5307.441410,-7318.357997,-31946.6559,-21399.139120,-24598.574490,-14680.753952,-34599.200010,0,0,-30728.9417,-110455.400779,-219660.260788,226369.768281,-0.1398930402329683316245776759,-0.4879423680015795863322002266
D,BILLING,ASRECOVERY_SUMMARY,1,2016Wk19,REVISE2,TAS1,-178205.614470,-2653.844350,-2090.956210,-33742.212053,-163214.271730,-3605.493560,-2426.361054,-111530.732581,-62496.000010,0,0,-263382.992130,-296582.493888,-175813.953074,182129.728067,-1.49807786882046977071999079,-1.62841342287018789523310225
D,BILLING,ASRECOVERY_SUMMARY,1,2016Wk19,REVISE2,VIC1,-365.461420,-3527.489130,-16038.032340,-15469.993963,-141053.894380,-90139.642380,-103614.143602,-29073.347681,-92803.199990,0,0,-88805.292170,-403279.912716,-742978.190712,889545.607293,-0.1195261089493049727719394554,-0.4533549594418569219953844613
D,BILLING,ASRECOVERY_SUMMARY,1,2016Wk20,REVISE2,NSW1,-238.818660,-1520.141260,-24900.120940,-51644.489325,-277987.748540,-179095.210310,-163402.381464,-120036.516275,-136637.749920,-192319.680010,0,-374791.126920,-772991.729784,-1204172.297726,1127058.783775,-0.3112437710348995200548638335,-0.6858486362130299879264609389
D,BILLING,ASRECOVERY_SUMMARY,1,2016Wk20,REVISE2,QLD1,-194.8981,-1247.253370,-20443.305310,-33597.839263,-240279.134730,-155872.152030,-142762.905699,-77571.885388,-59532.480040,0,0,-121336.2182,-610165.635730,-963828.743437,997475.980150,-0.1258898108468074111584625789,-0.6117096029101809143950241918
D,BILLING,ASRECOVERY_SUMMARY,1,2016Wk20,REVISE2,SA1,-46.112250,-293.844830,-4867.347110,-14796.076740,-51515.598240,-33963.086880,-31100.007405,-34376.790780,-33600,0,0,-39713.848740,-164845.015495,-229496.145081,225366.119032,-0.1730479992419180377143356327,-0.7314542940307432040883493115
D,BILLING,ASRECOVERY_SUMMARY,1,2016Wk20,REVISE2,TAS1,-29164.315630,-1634.828910,-1102.114460,-24400.621691,-17598.530440,-1231.316290,-32.127467,-61034.798270,-62496,0,0,-86086.047560,-112608.605598,-176741.860544,182853.877628,-0.4870722040326650461086593459,-0.6158393087353182788364947869
D,BILLING,ASRECOVERY_SUMMARY,1,2016Wk20,REVISE2,VIC1,-144.894040,-919.526450,-15098.835620,-34351.004499,-212128.828690,-137779.5507,-125897.313127,-80590.741232,-92803.200070,0,0,-121230.922280,-578482.972148,-751471.629074,884388.106321,-0.1613246829150245583846095973,-0.6541053277553149157690548045
D,BILLING,ASRECOVERY_SUMMARY,1,2016Wk21,REVISE2,NSW1,-240.290140,-1382.274030,-30731.678230,-98779.477243,-205727.235830,-123471.730660,-181087.855535,-134392.437303,-143891.999970,-192319.680010,0,-415761.227440,-696263.431511,-1206216.303502,1124758.251368,-0.3446821488259801453615056693,-0.6190338507534056248703586794
D,BILLING,ASRECOVERY_SUMMARY,1,2016Wk21,REVISE2,QLD1,-192.490830,-1103.4734,-24723.159310,-63467.199899,-183225.007530,-110323.5464,-160192.610692,-86396.302662,-59532.479990,0,0,-149457.837750,-539698.432963,-947764.980198,992035.988791,-0.1576950413580130190198770820,-0.5440311027634527687256733471
D,BILLING,ASRECOVERY_SUMMARY,1,2016Wk21,REVISE2,SA1,-43.292520,-247.882210,-5535.224820,-27367.514439,-34003.761890,-20878.973270,-29537.566844,-37392.954869,-31750.000010,0,0,-44498.525820,-142258.645052,-216628.889470,184950.736778,-0.2054136266352526762089946469,-0.7691704695545811436324096069
D,BILLING,ASRECOVERY_SUMMARY,1,2016Wk21,REVISE2,TAS1,-10433.386790,-658.879550,-110.009260,-32707.423538,-110456.077550,-1585.218010,-231.923111,-57983.417467,-62495.999990,0,0,-64875.925560,-211786.409706,-182482.699690,188139.711401,-0.3555182254000551826228848357,-1.12568690644262523883916925
D,BILLING,ASRECOVERY_SUMMARY,1,2016Wk21,REVISE2,VIC1,-147.257330,-853.080840,-18598.161190,-66146.653194,-169704.740230,-102037.072860,-148794.310308,-89923.430457,-92803.20,0,0,-145845.696720,-543162.209689,-761755.558732,916059.653759,-0.1914599703909889971210371583,-0.5929332303416747884765413148
D,BILLING,ASRECOVERY_SUMMARY,1,2016Wk22,REVISE2,NSW1,-329.847160,-1803.431380,-36099.919660,-88859.867832,-176902.792960,-101725.156250,-211584.612969,-159959.160808,-143891.999970,-192319.679990,0,-474357.322280,-639119.146699,-1257638.998856,1129228.261351,-0.3771808306767640557379487116,-0.5659787029544963498420376331
D,BILLING,ASRECOVERY_SUMMARY,1,2016Wk22,REVISE2,QLD1,-262.051550,-1414.3294,-28565.439910,-66267.083574,-160619.626540,-92569.346930,-190992.968083,-118121.069782,-59532.479990,0,0,-177907.323220,-540437.072539,-945290.684318,1024678.816156,-0.1882038257346786498282809580,-0.5274209479282553374492638748
D,BILLING,ASRECOVERY_SUMMARY,1,2016Wk22,REVISE2,SA1,-61.6197,-335.919060,-6748.285330,-31453.371036,-30908.820550,-18146.634360,-38173.374770,-56207.128325,-33599.999960,0,0,-58510.509650,-157124.643441,-231278.355452,206398.929124,-0.2529873992559731563997855887,-0.7612667570896306449385006257
D,BILLING,ASRECOVERY_SUMMARY,1,2016Wk22,REVISE2,TAS1,-116.9680,-219.314230,-0.5989,-33453.589694,-3088.035740,-672.481490,0,-79349.655522,-62495.999990,0,0,-61010.286830,-118386.356736,-199728.911938,206087.307883,-0.3054654743672706704113562765,-0.5744475870547562671128029060
D,BILLING,ASRECOVERY_SUMMARY,1,2016Wk22,REVISE2,VIC1,-201.884380,-1120.835250,-22644.385120,-85879.514261,-151972.035750,-87089.140560,-179818.244424,-154418.884881,-92803.200030,0,0,-183657.493140,-592290.631516,-804174.429553,964638.445105,-0.2283801702599346961407251026,-0.6140027224931199109923743598
D,BILLING,ASRECOVERY_SUMMARY,1,2016Wk23,REVISE2,NSW1,-106.442810,-654.628390,-6284.528840,-66861.070263,-245259.30,-126318.236570,-330151.314581,-158405.088169,-143891.999970,-192319.68,0,-427828.436140,-842423.853453,-1337289.517061,1180911.096775,-0.3199220742268667267748881408,-0.7133677173104824641976063626
D,BILLING,ASRECOVERY_SUMMARY,1,2016Wk23,REVISE2,QLD1,-78.563570,-482.301690,-4593.1066,-47886.932081,-234863.599330,-120929.4272,-312932.790604,-113643.379781,-59532.479990,0,0,-137055.9005,-757886.680346,-963328.337743,1135659.346314,-0.1422732988641347720927136645,-0.6673538881231122973819499026
D,BILLING,ASRECOVERY_SUMMARY,1,2016Wk23,REVISE2,SA1,-18.887440,-115.941830,-1115.344940,-22928.257124,-38247.316040,-19418.566420,-53781.390020,-54147.327504,-33600.000010,0,0,-47755.414310,-175617.617018,-236566.868567,182782.677194,-0.2018685651092126881566374113,-0.9608001136322386719138909298
D,BILLING,ASRECOVERY_SUMMARY,1,2016Wk23,REVISE2,TAS1,-8469.769480,-916.100930,-283.059870,-28619.185410,-3449.3802,-1590.438860,-23.661729,-62928.875512,-62496,0,0,-63843.134890,-104933.337101,-212253.607192,219811.314087,-0.3007870430783722216270865703,-0.4773791446397887163184802292
D,BILLING,ASRECOVERY_SUMMARY,1,2016Wk23,REVISE2,VIC1,-66.293750,-408.782890,-3950.005120,-63926.626752,-202174.094050,-103270.177460,-275006.050071,-151762.247055,-92803.200020,0,0,-153057.685170,-740309.791998,-848690.705626,981635.590295,-0.1803456596795220197923803296,-0.7541594857777344357447027174
D,BILLING,ASRECOVERY_SUMMARY,1,2016Wk24,REVISE2,NSW1,-138.727140,-1001.843560,-15342.000430,-52595.255634,-192028.795910,-107680.153490,-191166.881005,-148810.610238,-178891.999950,-192319.680020,0,-437631.8084,-642344.138977,-1308569.226478,1176588.198693,-0.3344353508739322150941828744,-0.5459379413209658989496090730
D,BILLING,ASRECOVERY_SUMMARY,1,2016Wk24,REVISE2,QLD1,-11628.276560,-9469.922140,-23105.1801,-38564.205520,-175263.641280,-98863.067340,-172314.607035,-108219.941850,-287391.480050,0,0,-281100.0646,-643720.257275,-958215.959540,1062517.168544,-0.2933577361150867896344994329,-0.6058445701702022322781046918
D,BILLING,ASRECOVERY_SUMMARY,1,2016Wk24,REVISE2,SA1,-25.722160,-186.063760,-2898.088190,-18631.919305,-35337.454120,-20208.003880,-35261.152059,-52339.557918,-33599.999980,0,0,-47974.656340,-150513.305032,-243103.032676,219257.192852,-0.1973428953637904554562595998,-0.6864691783844803595606694336
D,BILLING,ASRECOVERY_SUMMARY,1,2016Wk24,REVISE2,TAS1,-6796.670790,-361.3875,-0.604330,-32344.868389,-121257.341770,-6927.042370,-15094.800455,-76769.363341,-62496,0,0,-68949.255170,-253098.823775,-201300.336801,207599.781548,-0.3425193234433648532105021055,-1.21916710069600906187173210
D,BILLING,ASRECOVERY_SUMMARY,1,2016Wk24,REVISE2,VIC1,-86.126590,-620.9980,-9475.451010,-50595.146069,-158735.633580,-89006.746050,-160138.337772,-144125.908374,-92803.200060,0,0,-148948.558470,-556638.989035,-834133.158458,973298.850310,-0.1785668834282408029988249336,-0.5719096337755952486017685862
D,BILLING,ASRECOVERY_SUMMARY,1,2016Wk25,REVISE2,NSW1,-67.554540,-472.110790,-5110.290590,-18630.591356,-71580.867930,-35141.065110,-94358.695743,-108752.650072,-142979,-192319.680020,0,-357626.129010,-311786.377141,-1319291.891439,1185868.009155,-0.2710743023061591616252844292,-0.2629182798877979232319364489
D,BILLING,ASRECOVERY_SUMMARY,1,2016Wk25,REVISE2,QLD1,-1449.369510,-4773.365950,-4854.447730,-13571.710252,-64923.213480,-32168.416750,-85321.348402,-78585.278718,-59532.479990,0,0,-99120.148940,-246059.481842,-966374.073199,1069141.345912,-0.1025691310321285315822069061,-0.2301468208884075092519898307
D,BILLING,ASRECOVERY_SUMMARY,1,2016Wk25,REVISE2,SA1,-12.115630,-84.748790,-927.857710,-6499.384575,-11169.366320,-5454.159680,-15076.524841,-38007.866130,-33600.000020,0,0,-35149.912730,-75682.110966,-240153.006145,185277.546061,-0.1463646584910002105857670149,-0.4084796704997525177687483858
D,BILLING,ASRECOVERY_SUMMARY,1,2016Wk25,REVISE2,TAS1,-50.117570,-117.984690,-395.116020,-9814.736481,-50242.133660,-5824.264830,-16570.068958,-76765.472340,-62495.999990,0,0,-63605.543630,-158670.350909,-208666.561485,233725.597479,-0.3048190528340703299148917779,-0.6788745119081634383245995646
D,BILLING,ASRECOVERY_SUMMARY,1,2016Wk25,REVISE2,VIC1,-41.963040,-294.990050,-3253.038910,-17930.497891,-59334.826010,-29447.884220,-78616.272785,-105094.947340,-92803.200020,0,0,-108297.668610,-278519.951656,-844567.424093,996364.565448,-0.1282285647309962353935372128,-0.2795361871693698662879709094
D,BILLING,ASRECOVERY_SUMMARY,1,2016Wk26,REVISE2,NSW1,-55.664480,-512.671780,-6838.278410,-31240.381870,-88593.0926,-50540.8871,-172369.299557,-119722.816214,-86492,-192319.680030,0,-335035.937530,-413648.834511,-1371505.554817,1218368.767443,-0.2442833252503332722708592958,-0.3395103728562642190783235589
D,BILLING,ASRECOVERY_SUMMARY,1,2016Wk26,REVISE2,QLD1,-41.8306,-382.610240,-5053.774680,-20345.217546,-81975.398440,-46655.723160,-157534.874546,-77386.441491,-59532.479970,0,0,-95663.294970,-353245.055703,-976421.546089,1119892.958777,-0.0979733552103328651724368800,-0.3154275173662738747272354929
D,BILLING,ASRECOVERY_SUMMARY,1,2016Wk26,REVISE2,SA1,-10.451620,-96.530910,-1289.797930,-12668.564443,-16758.200910,-9689.018230,-32669.156790,-49543.457461,-33600,0,0,-37360.528170,-118964.650124,-260352.781208,214251.854970,-0.1434996315255494683680206610,-0.5552561033399579345541663479
D,BILLING,ASRECOVERY_SUMMARY,1,2016Wk26,REVISE2,TAS1,-2311.014550,-306.446830,-598.914970,-10416.667904,-212241.283440,-5450.345940,-17926.859267,-83297.922352,-62496.000010,0,0,-66055.986530,-328989.468733,-213167.928044,247819.051594,-0.3098776965940457109939258250,-1.32753905164636355306703216
D,BILLING,ASRECOVERY_SUMMARY,1,2016Wk26,REVISE2,VIC1,-34.373510,-318.128590,-4257.482390,-27690.293611,-73799.8582,-42394.941520,-143657.297810,-106500.468641,-92803.200010,0,0,-114009.018070,-377447.026212,-865577.845923,990361.590684,-0.1317143438998576269941745219,-0.3811204208266130678135413769
D,BILLING,ASRECOVERY_SUMMARY,1,2016Wk27,REVISE2,NSW1,-29.0266,-302.901050,-5538.548020,-24294.756063,-134385.237320,-40080.037310,-151051.584657,-179947.370766,-76979.040040,-193039.68,0,-364240.361640,-441407.820186,-1481525.484466,1269519.326847,-0.2458549417199438448258957983,-0.3476968100062627970774943609
D,BILLING,ASRECOVERY_SUMMARY,1,2016Wk27,REVISE2,QLD1,-20.585250,-211.8526,-3776.653170,-15108.2540,-128425.893660,-37203.152270,-135857.608835,-111661.250298,-59755.20,0,0,-111622.446470,-380398.003613,-993082.058747,1158878.003903,-0.1124000232275238454152392787,-0.3282468062486756286782724508
D,BILLING,ASRECOVERY_SUMMARY,1,2016Wk27,REVISE2,SA1,-5.0102,-52.416720,-962.526750,-9353.330337,-21789.666340,-7018.395880,-28132.858250,-68702.568309,-33726.720040,0,0,-41638.620870,-128104.871956,-257997.560361,217722.487961,-0.1613915294847658941270588459,-0.5883860374540045466534728250
D,BILLING,ASRECOVERY_SUMMARY,1,2016Wk27,REVISE2,TAS1,-1021.746120,-73.962370,-778.292340,-6220.874519,-75804.956590,-8300.278480,-30424.647274,-46296.341983,-62730.24,0,0,-53168.480170,-178482.859506,-210012.490995,267465.153150,-0.2531681802263173046270451909,-0.6673125728864691172200276587
D,BILLING,ASRECOVERY_SUMMARY,1,2016Wk27,REVISE2,VIC1,-16.743570,-175.358410,-3232.039330,-20701.5279,-107760.471470,-31978.353860,-118780.616710,-153086.685703,-93150.720030,0,0,-130230.705930,-398651.811053,-872390.122965,1009214.278001,-0.1492803534815178236169153921,-0.3950120601173311857760722929
D,BILLING,ASRECOVERY_SUMMARY,1,2016Wk28,REVISE2,NSW1,-43.6747,-375.698020,-6215.331780,-43586.553768,-116164.233120,-65202.159820,-158555.708623,-179981.768743,-100592.699980,-194839.680020,0,-389810.439830,-475747.068744,-1420769.395191,1292133.241029,-0.2743657353187820776179603891,-0.3681873150830290944141047418
D,BILLING,ASRECOVERY_SUMMARY,1,2016Wk28,REVISE2,QLD1,-31.152060,-265.024170,-4312.880030,-27450.086701,-104811.564810,-58559.626810,-139734.490778,-112796.759754,-59898.639980,0,0,-120622.914420,-387237.310673,-973814.984448,1121323.263744,-0.1238663569018443775639970218,-0.3453395851077311937296782826
D,BILLING,ASRECOVERY_SUMMARY,1,2016Wk28,REVISE2,SA1,-7.657150,-66.840510,-1138.720670,-17171.461980,-18760.749440,-10353.492860,-27065.006164,-70751.110630,-34043.519990,0,0,-45850.4485,-133508.110894,-263882.701656,233402.337342,-0.1737531418780571710458371266,-0.5720084572176889027103031760
D,BILLING,ASRECOVERY_SUMMARY,1,2016Wk28,REVISE2,TAS1,-26349.0585,-474.875790,-1448.237030,-16702.659068,-142139.498560,-12138.605060,-22833.947776,-46577.748085,-63315.84,0,0,-80612.806240,-251367.663629,-209404.610261,252391.315268,-0.3849619458689325518106244364,-0.9959441883413736226403506362
D,BILLING,ASRECOVERY_SUMMARY,1,2016Wk28,REVISE2,VIC1,-24.772230,-218.137890,-3732.522850,-36989.592892,-85865.996380,-47626.083570,-116508.200795,-155432.654102,-94019.520010,-3965.927280,0,-143992.842090,-400390.565909,-855643.177234,927626.269658,-0.1682860869123964926591113584,-0.4316291797736788755266689196
D,BILLING,ASRECOVERY_SUMMARY,1,2016Wk29,REVISE2,NSW1,-48.519210,-419.440440,-7248.3828,-20366.645472,-80265.248120,-47028.175350,-173498.684955,-96813.835821,-145776.959970,-194839.68,0,-347089.542610,-419216.029528,-1401011.281695,1259397.827548,-0.2477421467941907371251477008,-0.3328702180979601773461832587
D,BILLING,ASRECOVERY_SUMMARY,1,2016Wk29,REVISE2,QLD1,-35.821150,-305.745950,-5219.683470,-13140.849577,-71550.039280,-42558.310730,-152324.772883,-62364.818733,-288170.999980,0,0,-196305.754560,-439365.287193,-991240.048717,1118561.895067,-0.1980405803963288858722869002,-0.3927947922512439500892944823
D,BILLING,ASRECOVERY_SUMMARY,1,2016Wk29,REVISE2,SA1,-9.298540,-80.573170,-1364.100710,-8185.555244,-15538.782760,-9101.586460,-29920.773130,-39207.077271,-34043.520050,0,0,-33220.573520,-104230.693815,-265593.245133,254514.814564,-0.1250806416532328397889789414,-0.4095270210245080671106926221
D,BILLING,ASRECOVERY_SUMMARY,1,2016Wk29,REVISE2,TAS1,-34743.460870,-261.909450,-1323.875380,-6142.265366,-201996.510340,-12222.391660,-40266.630324,-48821.034531,-131815.840010,0,0,-122848.461710,-354745.456221,-210075.481961,264067.155142,-0.5847824818167334576952326347,-1.34339106289170445703244679
D,BILLING,ASRECOVERY_SUMMARY,1,2016Wk29,REVISE2,VIC1,-29.267530,-256.720110,-4446.035580,-17967.644556,-59172.438890,-35348.4034,-126936.482485,-85405.342747,-94019.520020,0,0,-100074.972490,-323506.882828,-873885.612741,950973.838880,-0.1145172446266831564811571483,-0.3401848395840279058928805597
D,BILLING,ASRECOVERY_SUMMARY,1,2016Wk30,REVISE2,NSW1,-70.509720,-573.365220,-6189.809480,-42289.112032,-86113.571430,-48204.733620,-134097.387145,-91726.448525,-145776.960010,-194839.68,0,-353121.704480,-396759.872702,-1286569.823395,1159849.178223,-0.2744675788743300147687667660,-0.3420788496913660066574840306
D,BILLING,ASRECOVERY_SUMMARY,1,2016Wk30,REVISE2,QLD1,-54.273540,-433.7877,-4656.615420,-40128.560715,-76939.283950,-43852.631730,-121666.507632,-86872.0630,-60311.999990,0,0,-113321.178150,-321594.545527,-952827.778088,1035600.191890,-0.1189314383522664611327069763,-0.3105392873094014660090311776
D,BILLING,ASRECOVERY_SUMMARY,1,2016Wk30,REVISE2,SA1,-13.565170,-109.905540,-1186.575370,-17519.851226,-17340.657830,-9900.172740,-27461.915542,-37742.772987,-33739.560030,0,0,-34647.837370,-110367.139065,-244889.256741,235290.849417,-0.1414836968803587716876160143,-0.4690668563544480257291909098
D,BILLING,ASRECOVERY_SUMMARY,1,2016Wk30,REVISE2,TAS1,-19793.545250,-286.660030,-983.483870,-12143.825066,-93062.845030,-10491.341590,-28151.305062,-29522.063413,-63315.840010,0,0,-71755.759140,-185995.150181,-214354.828363,267539.651558,-0.3347522408895074505021589505,-0.6952059221796439265885066470
D,BILLING,ASRECOVERY_SUMMARY,1,2016Wk30,REVISE2,VIC1,-43.5082,-358.502460,-3889.674360,-42546.013381,-67649.060610,-38345.554520,-108296.937092,-92317.876540,-94019.519990,0,0,-118885.097240,-328581.549913,-830340.305899,930945.964045,-0.1431763535931023583394533399,-0.3529544813592607705196875050
D,BILLING,ASRECOVERY_SUMMARY,1,2016Wk31,REVISE2,NSW1,-45.581030,-557.1855,-5861.270080,-58640.176482,-104378.937070,-54877.234820,-141429.045920,-111056.056083,-145776.959990,-194839.679970,0,-375011.450610,-442450.676335,-1390874.663337,1254414.936846,-0.2696227492635956756213972799,-0.3527147703195103731686547969
D,BILLING,ASRECOVERY_SUMMARY,1,2016Wk31,REVISE2,QLD1,-32.424520,-390.264150,-4099.779630,-53230.623314,-89921.009410,-49888.457530,-125421.821421,-100846.844476,-60312,0,0,-127921.742370,-356221.482081,-951016.703089,1050819.657893,-0.1345105106508613703623598060,-0.3389939266983834348450369659
D,BILLING,ASRECOVERY_SUMMARY,1,2016Wk31,REVISE2,SA1,-8.5032,-104.165150,-1112.116430,-24024.763842,-20297.469750,-10900.298830,-27385.802773,-45365.718417,-34043.520010,0,0,-39462.456980,-123779.901422,-269097.797147,233820.723740,-0.1466472687565065851980703207,-0.5293795153916240290224327914
D,BILLING,ASRECOVERY_SUMMARY,1,2016Wk31,REVISE2,TAS1,-16684.799340,-222.633870,-978.583210,-13981.592465,-36381.284820,-10687.702580,-33554.993416,-26428.138746,-63315.840020,0,0,-67867.712120,-134367.856347,-215927.771093,279440.937358,-0.3143074731724498975861801468,-0.4808452820742488027708657755
D,BILLING,ASRECOVERY_SUMMARY,1,2016Wk31,REVISE2,VIC1,-27.420630,-337.229250,-3607.938270,-57892.058542,-82407.628480,-44670.192670,-113532.021072,-110059.142733,-94019.520010,0,0,-135370.282760,-371182.868897,-874972.665608,987634.402864,-0.1547137277322075582084816382,-0.3758302341642030789467462675
D,BILLING,ASRECOVERY_SUMMARY,1,2016Wk32,REVISE2,NSW1,-37.458760,-357.991280,-5010.768420,-42460.362806,-69842.9568,-40049.099470,-103023.667410,-100399.045045,-145776.960030,-194839.680050,0,-358712.823620,-343085.166451,-1405497.392521,1272861.849214,-0.2552212658157886645939604174,-0.2695384158641074794324211058
D,BILLING,ASRECOVERY_SUMMARY,1,2016Wk32,REVISE2,QLD1,-26.742510,-252.8529,-3486.568410,-38290.428238,-60244.693210,-34912.043150,-89314.018131,-90654.486962,-60312.000040,0,0,-112274.8310,-265219.002551,-950680.534911,1054756.280149,-0.1180994318038823098766248807,-0.2514505080866016500940827336
D,BILLING,ASRECOVERY_SUMMARY,1,2016Wk32,REVISE2,SA1,-6.724640,-64.911880,-916.5733,-17045.945064,-10092.379390,-5798.848310,-14631.749375,-40184.077723,-34043.520010,0,0,-35177.913250,-87606.816442,-257861.513634,186727.666850,-0.1364217279044221869147115936,-0.4691689127802112844746873674
D,BILLING,ASRECOVERY_SUMMARY,1,2016Wk32,REVISE2,TAS1,-2138.979110,-89.167830,-841.701780,-9290.862515,-15328.773840,-7736.965070,-21424.797544,-21996.723583,-63315.84,0,0,-48913.065480,-93250.745792,-209285.782523,264256.343035,-0.2337142298456158755722015415,-0.3528798768688371817420885849
D,BILLING,ASRECOVERY_SUMMARY,1,2016Wk32,REVISE2,VIC1,-21.9849,-212.083480,-3033.468150,-40835.242533,-56674.6190,-32849.537170,-82534.224054,-96997.058433,-94019.520030,0,0,-118614.906130,-288562.831620,-855142.540548,1002907.923515,-0.1387077598244476851966722045,-0.2877261459941831916438012388
D,BILLING,ASRECOVERY_SUMMARY,1,2016Wk33,REVISE2,NSW1,-57.582890,-501.190750,-6591.3652,-648546.685035,-74233.203310,-41074.177650,-215417.266615,-628417.977095,-145776.96,-194839.680020,0,-328807.218240,-1626648.870325,-1328960.771775,1164461.729389,-0.2474167975634338584162306772,-1.39691054611001457615375552
D,BILLING,ASRECOVERY_SUMMARY,1,2016Wk33,REVISE2,QLD1,-42.219490,-365.801880,-4803.909380,-16649.053997,-67650.817510,-38349.910880,-195784.035149,-67194.040114,-60311.999970,0,0,-86575.609930,-364576.178440,-937781.396421,1048017.501603,-0.0923196069578815204718903166,-0.3478722233954688980833462765
D,BILLING,ASRECOVERY_SUMMARY,1,2016Wk33,REVISE2,SA1,-5191.113680,-118.807280,-1220.389890,-1549593.247040,-13168.949590,-7532.560020,-37895.526198,-1386618.899659,-33992.859990,0,0,-833365.896840,-2201966.456507,-246393.469998,213829.123035,-3.38225642443675359111129652,-10.29778556472205848795782580
D,BILLING,ASRECOVERY_SUMMARY,1,2016Wk33,REVISE2,TAS1,-5208.889270,-141.994680,-992.354530,-383056.372038,-18737.381330,-9060.788870,-48336.901304,-350663.750053,-63315.840010,0,0,-47334.500430,-832179.771655,-208162.167113,268197.044035,-0.2273924271950178906763733793,-3.10286705302538551895490506
D,BILLING,ASRECOVERY_SUMMARY,1,2016Wk33,REVISE2,VIC1,-34.751780,-303.182790,-4045.167180,-1304954.687548,-60826.290050,-34281.127410,-176068.319426,-1205982.077634,-94019.52,0,0,-96054.675160,-2784460.448658,-834907.180419,964496.889812,-0.1150483280210798409461127722,-2.88695637909288416603340444
D,BILLING,ASRECOVERY_SUMMARY,1,2016Wk34,REVISE2,NSW1,-66.715810,-518.205770,-7127.2986,-19722.387664,-84195.5232,-42792.992480,-108580.583326,-124152.749683,-145776.960030,-194839.680030,0,-362371.361870,-365401.734723,-1286208.817494,1135536.478948,-0.2817360267954238435010359762,-0.3217877553889952691517431682
D,BILLING,ASRECOVERY_SUMMARY,1,2016Wk34,REVISE2,QLD1,-50.083020,-387.822870,-5393.337870,-16479.719155,-79044.631980,-41176.570010,-103862.969442,-104014.194404,-60312.000030,0,0,-103438.595240,-307282.733541,-947098.729557,1024909.372408,-0.1092162749372315279075430360,-0.2998145414740881763334797801
D,BILLING,ASRECOVERY_SUMMARY,1,2016Wk34,REVISE2,SA1,-12.158110,-94.400550,-1300.928280,-9491.491312,-14462.226430,-6845.5620,-15456.016892,-59579.969357,-52290.399990,0,0,-44578.365890,-114954.787031,-233968.860552,185671.696799,-0.1905311919920744240082843415,-0.6191292965639506629238923972
D,BILLING,ASRECOVERY_SUMMARY,1,2016Wk34,REVISE2,TAS1,-3136.311520,-153.130660,-913.100240,-2166.911598,-28359.756070,-10036.121020,-24640.025976,-15456.120377,-63315.840010,0,0,-51008.291140,-97169.026331,-203170.785199,263785.219244,-0.2510611507950753401468621943,-0.3683641813194966764155303597
D,BILLING,ASRECOVERY_SUMMARY,1,2016Wk34,REVISE2,VIC1,-40.437490,-313.934230,-4357.734320,-18214.297856,-71948.455920,-36816.389330,-91416.808639,-114397.557318,-129519.519960,0,0,-129255.714730,-337769.420333,-796394.884088,957023.028205,-0.1623010359716443241673251375,-0.3529376100453120862006165042
D,BILLING,ASRECOVERY_SUMMARY,1,2016Wk35,REVISE2,NSW1,-46.6575,-419.573180,-6624.993610,-25087.223776,-57621.874820,-34060.8548,-57687.394934,-110940.420890,-144649.380020,-194839.680020,0,-357461.621780,-274516.431770,-1376549.505038,1285944.701254,-0.2596794524800851102015083473,-0.2134745230508768752608105141
D,BILLING,ASRECOVERY_SUMMARY,1,2016Wk35,REVISE2,QLD1,-33.392640,-298.341080,-4687.801670,-19927.428654,-47519.211470,-27879.3366,-46303.552294,-89101.456622,-60312.000010,0,0,-95001.936640,-201060.5844,-943952.228586,1020720.644125,-0.1006427378028534677578279606,-0.1969790515722905458875618486
D,BILLING,ASRECOVERY_SUMMARY,1,2016Wk35,REVISE2,SA1,-8.115050,-73.049820,-1164.989920,-11787.530490,-7730.272870,-4687.764610,-7546.772384,-52273.333333,-17021.76,0,0,-25430.813220,-76862.775257,-240745.611816,168000.827035,-0.1056335483258426861460513525,-0.4575142671231433917327679660
D,BILLING,ASRECOVERY_SUMMARY,1,2016Wk35,REVISE2,TAS1,-1639.9901,-91.878430,-811.052320,-2936.336063,-50833.773880,-7047.158320,-12487.260462,-13834.168761,-63315.840010,0,0,-48515.036570,-104482.421776,-208579.519591,256953.655127,-0.2325973166739107584466082777,-0.4066197140661777950330981671
D,BILLING,ASRECOVERY_SUMMARY,1,2016Wk35,REVISE2,VIC1,-28.310780,-253.918450,-4040.472160,-22705.772370,-46150.8897,-27196.470570,-44609.3758,-100911.170170,-94019.520020,0,0,-107393.865840,-232522.034180,-843919.299993,981374.516028,-0.1272560846053536073795651731,-0.2369350644248498278674521896
D,BILLING,ASRECOVERY_SUMMARY,1,2016Wk36,REVISE2,NSW1,-64.510280,-1432.717910,-14979.603630,-602602.517077,-113225.487640,-43998.333080,-65418.131714,-668206.443604,-145776.960040,-194839.679950,0,-371848.770090,-1478695.614835,-1284898.391096,1152575.895984,-0.2893993584759790251665946817,-1.28294858498023558993436018
D,BILLING,ASRECOVERY_SUMMARY,1,2016Wk36,REVISE2,QLD1,-47.893990,-1060.963880,-11204.0164,-32998.285618,-96857.534310,-37532.249750,-55611.887784,-87580.453233,-60312,0,0,-109823.1824,-273382.102565,-936877.607631,971403.694121,-0.1172225502087729702971374955,-0.2814299597783359622130707571
D,BILLING,ASRECOVERY_SUMMARY,1,2016Wk36,REVISE2,SA1,-10.338970,-79.608370,-2018.657210,-1718161.641887,-18723.262420,-7255.529070,-10397.565202,-1750258.393144,-17021.760050,0,0,-758270.659180,-2765656.097143,-229672.659582,183287.607879,-3.30152775066931605955961024,-15.08916030465512102085630166
D,BILLING,ASRECOVERY_SUMMARY,1,2016Wk36,REVISE2,TAS1,-3218.193760,-214.445950,-738.573680,-70128.369527,-117930.018540,-9272.853020,-14223.577056,-79552.114981,-63315.84,0,0,-57103.5790,-301490.407514,-201949.624895,228364.58,-0.2827615006944922902081233895,-1.32021527819244122709397403
D,BILLING,ASRECOVERY_SUMMARY,1,2016Wk36,REVISE2,VIC1,-39.140940,-924.701670,-9223.410280,-1411941.389769,-100961.278960,-39240.817710,-57730.981965,-1472674.537639,-94019.520020,0,0,-116987.4972,-3069768.281753,-796207.452785,1009337.978031,-0.1469309245860452260624590305,-3.04136805368351807954640436
D,BILLING,ASRECOVERY_SUMMARY,1,2016Wk37,REVISE2,NSW1,-237.211710,-3198.370570,-16171.774630,-144522.994408,-84484.212050,-64334.366650,-56876.755201,-183355.320974,-145776.959990,-194839.679990,0,-351449.077980,-542348.568193,-1231697.213736,1117642.106635,-0.2853372355320834802021968678,-0.4852613953727142541445431625
D,BILLING,ASRECOVERY_SUMMARY,1,2016Wk37,REVISE2,QLD1,-186.6163,-2491.834220,-12603.392690,-26987.155371,-73206.414090,-55646.374410,-48168.783389,-63218.030695,-60312.000020,0,0,-96363.663240,-246456.937945,-937106.874840,941256.510686,-0.1028310279512707282957488883,-0.2618382291617605649229796588
D,BILLING,ASRECOVERY_SUMMARY,1,2016Wk37,REVISE2,SA1,-11480.352340,-489.6739,-2666.486310,-360182.931767,-14115.091850,-11424.412430,-9560.693040,-370040.041644,-17021.760060,0,0,-185726.013850,-611255.429491,-219532.982805,174065.018484,-0.8460050579960961324396468745,-3.51165004212024600838406791
D,BILLING,ASRECOVERY_SUMMARY,1,2016Wk37,REVISE2,TAS1,-3373.167560,-284.076330,-948.7553,-29344.500147,-269584.315010,-13624.1958,-13693.919846,-45336.680837,-63315.84,0,0,-78538.099650,-360967.351180,-193699.225093,220004.856343,-0.4054641912598867146362125895,-1.64072446936003770302918708
D,BILLING,ASRECOVERY_SUMMARY,1,2016Wk37,REVISE2,VIC1,-140.135830,-1907.173220,-9683.227250,-304635.178878,-73932.622660,-55549.683650,-49793.789337,-334395.805533,-94019.519940,0,0,-102310.302170,-821746.834128,-761074.348093,986032.754193,-0.1344287879710513153685902808,-0.8333869545748946974301477650
D,BILLING,ASRECOVERY_SUMMARY,1,2016Wk38,REVISE2,NSW1,-66.866190,-799.629050,-14103.315640,-178187.892765,-99581.572710,-57471.802930,-54784.123016,-260689.545094,-145776.959970,-198218.4005,0,-364825.624680,-644854.483185,-1206608.469085,1166266.517832,-0.3023562605661602710430473341,-0.5529220579732795739399859616
D,BILLING,ASRECOVERY_SUMMARY,1,2016Wk38,REVISE2,QLD1,-57.275410,-640.943830,-11229.284730,-20410.800606,-88608.148630,-51525.958290,-48355.399861,-54523.355967,-60311.999970,0,0,-98964.338450,-236698.828844,-936625.732749,1009420.010284,-0.1056604948911015924625108497,-0.2344899312798493656931991868
D,BILLING,ASRECOVERY_SUMMARY,1,2016Wk38,REVISE2,SA1,-50.437120,-94.019690,-2561.431040,-909934.976859,-14750.652070,-7982.572730,-8130.872845,-1091101.508498,-17021.759970,0,0,-408754.954160,-1642873.276662,-243487.195479,186776.551280,-1.67875338724024944109245875,-8.79592896112071311824470046
D,BILLING,ASRECOVERY_SUMMARY,1,2016Wk38,REVISE2,TAS1,-12278.380840,-630.046680,-865.377210,-4579.126690,-166561.259280,-18945.681840,-16772.746052,-23710.4460,-63315.84,0,0,-72557.537170,-235101.367422,-199169.747574,188184.488150,-0.3642999906049577167598363750,-1.24931321243971510624214007
D,BILLING,ASRECOVERY_SUMMARY,1,2016Wk38,REVISE2,VIC1,-41.959380,-535.930110,-9109.224470,-820134.543639,-79717.345680,-46360.573050,-43704.513874,-1016653.028438,-94019.520010,0,0,-119639.283880,-1990637.354771,-797415.231272,922216.323333,-0.1500338583816074495324039950,-2.15853623971499302140947609
D,BILLING,ASRECOVERY_SUMMARY,1,2016Wk39,REVISE2,NSW1,-77.485940,-558.659710,-15308.721950,-46218.746071,-145184.959390,-67022.398910,-122002.907994,-109222.932929,-265776.960030,-194839.680010,0,-439947.910320,-526265.542614,-1227759.341799,1080293.598443,-0.3583339953865528258164922340,-0.4871504777705739383152724610
D,BILLING,ASRECOVERY_SUMMARY,1,2016Wk39,REVISE2,QLD1,-59.981230,-432.918910,-12070.5426,-26704.006175,-144900.733050,-66609.569970,-123112.827572,-62261.038086,-60312.000030,0,0,-110117.074490,-386346.543133,-928636.858451,1077693.342691,-0.1185792632371703173126003436,-0.3584939498357601254100442919
D,BILLING,ASRECOVERY_SUMMARY,1,2016Wk39,REVISE2,SA1,-14.903870,-108.658950,-3011.444920,-24621.629220,-23713.329740,-10867.414480,-19638.275189,-58280.839419,-17021.759960,0,0,-32021.618730,-125256.637018,-235764.876506,175103.504686,-0.1358201408307953757268641656,-0.7153291262936932396425741292
D,BILLING,ASRECOVERY_SUMMARY,1,2016Wk39,REVISE2,TAS1,-28483.931040,-886.263520,-717.767370,-4619.285779,-47050.573550,-14818.714120,-14441.192324,-30446.085042,-63315.84,0,0,-95266.270510,-109513.382235,-196037.957853,170588.8873,-0.4859582886567093727457428310,-0.6419725456231403650172000389
D,BILLING,ASRECOVERY_SUMMARY,1,2016Wk39,REVISE2,VIC1,-47.125530,-341.095750,-9253.831430,-49946.427184,-125296.529860,-57582.623520,-108211.641041,-119013.899006,-544019.519920,0,0,-355840.703620,-657871.989621,-772022.038068,946945.232415,-0.4609203961463304925267554687,-0.6947307691102949983692695499
D,BILLING,ASRECOVERY_SUMMARY,1,2016Wk40,REVISE2,NSW1,-116.5695,-748.758680,-8069.615380,-56430.085381,-183757.900130,-120701.375610,-76299.727195,-113169.824377,-143233.319990,-194839.680020,0,-380612.088710,-516754.767553,-1200584.910981,1055622.595207,-0.3170222157789749384080011345,-0.4895260577968853594271963557
D,BILLING,ASRECOVERY_SUMMARY,1,2016Wk40,REVISE2,QLD1,-92.319170,-589.877010,-6399.108250,-32623.323271,-178915.149230,-117184.988050,-74199.683886,-65898.924666,-58245.20,0,0,-111258.755190,-422889.818343,-924190.406319,1019220.754342,-0.1203851007641786240921300138,-0.4149148420903320067255090978
D,BILLING,ASRECOVERY_SUMMARY,1,2016Wk40,REVISE2,SA1,-9.592060,-63.699430,-896.448660,-28635.841907,-13782.517850,-6863.577950,-6420.824406,-57635.071268,-9144.129970,0,0,-25298.328920,-98153.374581,-207448.665366,144577.961657,-0.1219498273241062467159145791,-0.6788958251732810290577715638
D,BILLING,ASRECOVERY_SUMMARY,1,2016Wk40,REVISE2,TAS1,-35405.759220,-1108.723860,-849.221040,-6505.833765,-92560.254680,-16714.909850,-14246.682687,-30978.670207,-63315.840010,0,0,-104902.0961,-156783.799219,-195870.803369,178366.612766,-0.5355678043673281933114650919,-0.8789974580314837574415745576
D,BILLING,ASRECOVERY_SUMMARY,1,2016Wk40,REVISE2,VIC1,-69.797670,-450.873170,-4924.694040,-60882.138207,-168350.004270,-111536.981440,-69771.565944,-122634.815863,-94019.520020,0,0,-132851.7391,-499788.651524,-742505.027090,961735.726427,-0.1789236897434458284456704095,-0.5196735836993325750283971362
D,BILLING,ASRECOVERY_SUMMARY,1,2016Wk41,REVISE2,NSW1,-242.609520,-2069.974530,-21371.9019,-56934.214966,-265024.102660,-124068.030040,-77783.974674,-100202.671502,-139090.500030,-194839.679990,0,-385097.151520,-596530.508292,-1154651.033037,1009588.645606,-0.3335182150290942718482143443,-0.5908649140303433801968047209
D,BILLING,ASRECOVERY_SUMMARY,1,2016Wk41,REVISE2,QLD1,-193.7507,-1652.0150,-17192.228340,-33379.818837,-255096.363730,-121997.596120,-74650.280405,-59366.855472,-48014.539990,0,0,-113881.019780,-497662.428814,-914349.415859,964064.535607,-0.1245486876294580199696366195,-0.5162127745946580700855701028
D,BILLING,ASRECOVERY_SUMMARY,1,2016Wk41,REVISE2,SA1,0,0,0,-26671.092689,0,0,0,-50609.519683,0,0,0,-15827.453250,-61453.159122,-177314.388611,146387.242526,-0.0892620918921755061065928037,-0.4197985976208632829589474276
D,BILLING,ASRECOVERY_SUMMARY,1,2016Wk41,REVISE2,TAS1,-7905.478710,-422.2504,-893.921460,-6029.744097,-74805.585120,-18070.053120,-20272.523055,-12915.614056,-63315.84,0,0,-59151.195510,-145479.814508,-192078.653250,261616.390162,-0.3079529896172884583675099252,-0.5560806584706521381468277030
D,BILLING,ASRECOVERY_SUMMARY,1,2016Wk41,REVISE2,VIC1,-145.429410,-1226.391680,-12627.701050,-62722.371025,-233228.710940,-107940.372710,-69124.168660,-110430.598581,-94019.519970,0,0,-137881.383780,-553583.880246,-743874.803137,891829.568163,-0.1853556313489035849291970289,-0.6207283319684925291567992930
D,BILLING,ASRECOVERY_SUMMARY,1,2016Wk42,REVISE2,NSW1,-282.4529,-1707.973050,-9045.500670,-83849.351565,-184012.214810,-92536.469410,-88046.079640,-125653.545213,-92082.660020,-194839.679990,0,-388045.899610,-484010.027658,-1173323.318156,952914.168588,-0.3307237601140107005204973951,-0.5079261528613765160405408187
D,BILLING,ASRECOVERY_SUMMARY,1,2016Wk42,REVISE2,QLD1,-230.597110,-1393.437790,-7339.455990,-60481.286303,-198468.071840,-100289.680620,-95139.201482,-90558.742337,-58968.58,0,0,-151216.581410,-461652.472062,-929462.443181,1022883.684294,-0.1626925138496990942894983266,-0.4513245045849324502980632738
D,BILLING,ASRECOVERY_SUMMARY,1,2016Wk42,REVISE2,SA1,-28.359390,-209.790660,-1215.788280,-29760.866485,-10913.6352,-4749.217720,-5769.599312,-44434.270242,-5977.88,0,0,-30303.087270,-72756.320019,-195315.239525,167336.754904,-0.1551496306365856271757297224,-0.4347898347899708234442409203
D,BILLING,ASRECOVERY_SUMMARY,1,2016Wk42,REVISE2,TAS1,-1521.276390,-271.912210,-899.656040,-16115.696623,-82062.539480,-13846.749620,-22468.028132,-23422.173098,-63315.84,0,0,-63974.900860,-159948.970733,-198882.884355,269188.433554,-0.3216712240848574754671980531,-0.5941896114229356774467855188
D,BILLING,ASRECOVERY_SUMMARY,1,2016Wk42,REVISE2,VIC1,-168.204820,-1022.238680,-5525.761990,-82985.302739,-179338.178260,-88308.361870,-88341.808593,-124215.907247,-94019.519950,0,0,-149629.703090,-514295.581059,-743072.805006,931573.370443,-0.2013661408168366532470515861,-0.5520720078273943152029606839
D,BILLING,ASRECOVERY_SUMMARY,1,2016Wk43,REVISE2,NSW1,-122.286980,-693.383290,-5034.586490,-410478.010310,-122132.178070,-37729.621550,-48865.384916,-466490.732354,-77696.640050,-194839.679980,0,-335429.945340,-1028652.558650,-1179335.665296,955677.880880,-0.2844227942990351715408230185,-1.07635907373183526557712622
D,BILLING,ASRECOVERY_SUMMARY,1,2016Wk43,REVISE2,QLD1,-99.363490,-557.011850,-4028.032690,-38981.011903,-132885.766240,-41503.671920,-53150.943106,-68472.053920,-60208.659970,0,0,-115034.254740,-284852.260349,-940965.551357,1032128.8047,-0.1222512923816445737446055420,-0.2759851862014407744975514294
D,BILLING,ASRECOVERY_SUMMARY,1,2016Wk43,REVISE2,SA1,-36901.967360,-200.996780,-933.106790,-1177621.376178,-25200.672590,-7949.694630,-10221.839996,-1244278.734203,-17021.760030,0,0,-912137.242430,-1608192.906127,-217146.783125,201140.485426,-4.20055609069249019757957328,-7.99537150723769875525924246
D,BILLING,ASRECOVERY_SUMMARY,1,2016Wk43,REVISE2,TAS1,-1058.8571,-162.674710,-845.509910,-127795.536172,-32789.394260,-9637.780950,-13044.462748,-140437.647027,-63315.840010,0,0,-52769.197440,-336318.505447,-197304.793228,256242.976662,-0.2674501545384220076460067660,-1.31249843343267304648994727
D,BILLING,ASRECOVERY_SUMMARY,1,2016Wk43,REVISE2,VIC1,-74.098640,-424.677890,-3181.237150,-1211577.955458,-121989.8571,-37940.613810,-48873.154306,-1302050.055681,-94019.520030,0,0,-118144.044190,-2701987.125875,-750854.510545,952556.186899,-0.1573461203612486317797032286,-2.83656456494307880765384284
D,BILLING,ASRECOVERY_SUMMARY,1,2016Wk44,REVISE2,NSW1,-88.881940,-590.104890,-5432.868380,-57720.384758,-205926.493020,-60687.651390,-64841.818476,-104470.626998,-77696.640030,-194839.679980,0,-345011.7049,-427283.444962,-1164606.421977,961301.537108,-0.2962474690070133339752108173,-0.4444843043187558069342547746
D,BILLING,ASRECOVERY_SUMMARY,1,2016Wk44,REVISE2,QLD1,-71.602950,-476.314530,-4365.381870,-42078.831457,-226975.037450,-67070.613640,-71659.233645,-76218.552383,-60312.000030,0,0,-123646.830440,-425580.737515,-935478.832601,1039481.374268,-0.1321749099295096386877567606,-0.4094164148104075608292821355
D,BILLING,ASRECOVERY_SUMMARY,1,2016Wk44,REVISE2,SA1,-15.510040,-103.339830,-946.698630,-20792.277964,-29585.7754,-9391.073270,-9451.564693,-37540.788515,-17021.760010,0,0,-30334.051890,-94514.736462,-199575.539020,139167.282343,-0.1519928345876101745527431420,-0.6791448023613289565435658066
D,BILLING,ASRECOVERY_SUMMARY,1,2016Wk44,REVISE2,TAS1,-6821.807730,-264.965240,-849.948710,-14140.865586,-53741.007120,-12949.118530,-17265.736518,-19833.132168,-63315.840010,0,0,-64318.168280,-124864.253332,-190191.898753,242522.628653,-0.3381751205056807112741596616,-0.5148560941529916561769091852
D,BILLING,ASRECOVERY_SUMMARY,1,2016Wk44,REVISE2,VIC1,-56.173660,-371.695270,-3461.597450,-57043.884457,-207824.9995,-61241.610690,-65486.088497,-103616.857899,-94019.519980,0,0,-125130.955270,-467991.472133,-742625.159347,955902.241192,-0.1684981362333983984065516365,-0.4895808922358206592913745804
D,BILLING,ASRECOVERY_SUMMARY,1,2016Wk45,REVISE2,NSW1,-575.650610,-5871.701120,-25899.999480,-56058.879196,-194642.817510,-93281.276130,-80722.639530,-94677.935117,-77696.640030,-194839.680010,0,-363841.620530,-460425.598203,-1165583.121076,967583.503391,-0.3121541603949464568558933938,-0.4758510212187260190436278310
D,BILLING,ASRECOVERY_SUMMARY,1,2016Wk45,REVISE2,QLD1,-486.730110,-4922.321710,-21705.526060,-41835.622470,-218141.466350,-107646.085970,-92043.542261,-71333.505986,-60312,0,0,-142831.578260,-475595.222657,-969743.597879,1064085.508074,-0.1472879826919175453073958040,-0.4469520720358551736514644057
D,BILLING,ASRECOVERY_SUMMARY,1,2016Wk45,REVISE2,SA1,-106.573390,-1064.4062,-4703.144170,-20235.297598,-33206.288460,-17477.020130,-14733.270802,-33837.157850,-27913.660040,0,0,-38937.099070,-114339.719570,-202574.453653,159837.101436,-0.1922112999336891762126637357,-0.7153515581974095027282148767
D,BILLING,ASRECOVERY_SUMMARY,1,2016Wk45,REVISE2,TAS1,-19862.008740,-328.638280,-877.764510,-17830.023869,-99196.740310,-14066.026140,-18242.730829,-23973.792821,-63315.84,0,0,-82292.959040,-175400.606459,-189089.850175,243912.968772,-0.4352055859362045210843639085,-0.7191114410277930262672371881
D,BILLING,ASRECOVERY_SUMMARY,1,2016Wk45,REVISE2,VIC1,-334.288590,-3383.898060,-15027.923760,-54361.311301,-185501.461360,-91326.020930,-78363.692292,-92368.061455,-94019.520010,0,0,-132197.386650,-482488.791108,-702581.639567,907339.380231,-0.1881594667510426960533746475,-0.5317622067557157391751581026
D,BILLING,ASRECOVERY_SUMMARY,1,2016Wk46,REVISE2,NSW1,-106.196270,-1359.692010,-6161.2809,-424186.746737,-138293.955950,-81193.025060,-67610.590616,-504103.759481,-77696.639990,-194839.679990,0,-354590.899870,-1140960.667134,-1208108.7758,1028095.393336,-0.2935090837620914830209116009,-1.10978093524159348680091263
D,BILLING,ASRECOVERY_SUMMARY,1,2016Wk46,REVISE2,QLD1,-92.375680,-1160.500490,-5293.363890,-33242.553222,-152078.081130,-91128.360950,-74181.232589,-92032.306369,-60311.999980,0,0,-125263.731270,-384257.043030,-1041301.7603,1121521.356053,-0.1202953226871636164274330191,-0.3426212447548266517610514297
D,BILLING,ASRECOVERY_SUMMARY,1,2016Wk46,REVISE2,SA1,-68.197240,-132.770880,-859.474830,-1455183.816551,-23144.569960,-14130.844460,-10991.502379,-1483323.878816,-34043.520020,0,0,-777984.346850,-2243894.228286,-203231.622203,167814.921223,-3.82806739628787846092947421,-13.37124381987590142933520185
D,BILLING,ASRECOVERY_SUMMARY,1,2016Wk46,REVISE2,TAS1,-9436.883160,-242.439610,-797.961410,-95135.608182,-36699.794050,-13304.0563,-17287.407234,-104098.907701,-63315.84,0,0,-56655.075360,-283663.822287,-187426.078795,249500.180892,-0.3022795745621254381853430056,-1.13692832314934576700819845
D,BILLING,ASRECOVERY_SUMMARY,1,2016Wk46,REVISE2,VIC1,-63.3943,-802.589560,-3644.698470,-1766543.198580,-125384.495760,-75062.415970,-61041.823145,-1845039.733475,-94019.520020,0,0,-118727.904410,-3852873.964870,-717468.631645,913401.063087,-0.1654816659200593335509350371,-4.21816233916844026761587609
D,BILLING,ASRECOVERY_SUMMARY,1,2016Wk47,REVISE2,NSW1,-120.052170,-860.819790,-10972.317530,-56242.368363,-113068.423520,-111700.134830,-76296.753606,-116534.814419,-79925.46,-194839.680020,0,-359756.457370,-400804.366878,-1199191.843924,1022090.945365,-0.2999990862119305162253144203,-0.3921415884717267700750638475
D,BILLING,ASRECOVERY_SUMMARY,1,2016Wk47,REVISE2,QLD1,-4904.321310,-21072.289570,-15307.984520,-38658.828244,-121560.620670,-131509.843290,-81553.823891,-80940.314432,-60311.999980,0,0,-154472.488790,-401347.537117,-980709.766771,1077565.038221,-0.1575109109992885373383225162,-0.3724578312039545025624022286
D,BILLING,ASRECOVERY_SUMMARY,1,2016Wk47,REVISE2,SA1,-22.173520,-156.495150,-1988.290420,-22613.997485,-18939.1363,-19668.1491,-12717.882726,-47047.402616,-34043.520040,0,0,-41105.418620,-116091.628737,-215845.691726,164249.999288,-0.1904389116655627382007892483,-0.7067983515387544979944791633
D,BILLING,ASRECOVERY_SUMMARY,1,2016Wk47,REVISE2,TAS1,-11897.6737,-193.0877,-703.921810,-14625.883507,-404146.966530,-17076.839760,-15875.799577,-37873.089582,-63315.840010,0,0,-80388.966030,-485320.136146,-185681.290679,202158.881402,-0.4329405818757148063027225118,-2.40068669147868873505273868
D,BILLING,ASRECOVERY_SUMMARY,1,2016Wk47,REVISE2,VIC1,-71.444110,-513.430740,-6428.927130,-58554.935001,-106032.640630,-104794.242330,-71272.139076,-121713.260347,-94019.519990,0,0,-123902.343670,-439498.195684,-733769.216117,959918.305526,-0.1688573749736643178119934576,-0.4578495827758708273199269231
D,BILLING,ASRECOVERY_SUMMARY,1,2016Wk48,REVISE2,NSW1,-68.091650,-420.962560,-4903.205650,-429836.419291,-96985.225210,-74305.936910,-52796.910137,-468340.324230,-145776.96,-194839.680040,0,-341973.476620,-1126300.239058,-1234255.214145,1102924.274558,-0.2770686910623211187795423303,-1.02119453260684463891433102
D,BILLING,ASRECOVERY_SUMMARY,1,2016Wk48,REVISE2,QLD1,-5052.379970,-883.018050,-4078.019730,-22300.639520,-97877.327430,-76278.3839,-52238.568621,-48555.146528,-60312,0,0,-89029.193840,-278546.289909,-1000008.969646,1068606.354053,-0.0890283952868103292428775479,-0.2606631420939359803479339905
D,BILLING,ASRECOVERY_SUMMARY,1,2016Wk48,REVISE2,SA1,-12.434630,-77.453570,-872.048930,-1566331.399861,-14826.724720,-11497.445420,-8067.664347,-1576239.001819,-33283.620040,0,0,-892508.916050,-2318698.877287,-214020.809387,166816.387888,-4.17019690097580090598744091,-13.89970677727278904429073463
D,BILLING,ASRECOVERY_SUMMARY,1,2016Wk48,REVISE2,TAS1,-92.756470,-213.320280,-652.024180,-106270.491933,-150379.604710,-25012.296580,-18116.250984,-119538.419136,-63315.84,0,0,-59283.394470,-424307.609803,-184870.386370,166799.446088,-0.3206754506984698092292952240,-2.54381905788310545651504573
D,BILLING,ASRECOVERY_SUMMARY,1,2016Wk48,REVISE2,VIC1,-41.766620,-259.089070,-3021.183250,-1841013.261495,-88682.986990,-68582.813920,-48378.637953,-1876109.949753,-94019.519990,0,0,-93023.657280,-3927085.551761,-761034.072634,986907.279379,-0.1222332358366526965162765937,-3.97918389479513536334211564
D,BILLING,ASRECOVERY_SUMMARY,1,2016Wk49,REVISE2,NSW1,-83.233350,-1050.306420,-6131.0712,-101659.265207,-130101.857310,-111422.306310,-64301.418023,-130459.446629,-145776.959970,-194839.68,0,-371313.149430,-514512.394989,-1271228.821458,1142973.497247,-0.2920899394053486518241473361,-0.4501525155467470377048939409
D,BILLING,ASRECOVERY_SUMMARY,1,2016Wk49,REVISE2,QLD1,-69.320060,-862.635860,-5026.0743,-37579.682412,-135686.320710,-117528.690490,-65508.235874,-62223.048738,-60311.999970,0,0,-105809.354480,-378986.653934,-1033713.624956,1129118.391432,-0.1023584791044074446446363977,-0.3356482870262627225284956888
D,BILLING,ASRECOVERY_SUMMARY,1,2016Wk49,REVISE2,SA1,-125524.182960,-129193.267590,-98395.320010,-203639.958844,-125068.583090,-99969.553840,-103782.148914,-187674.807325,-33030.32,0,0,-478394.900860,-627883.241713,-208661.560164,139004.652496,-2.29268342709601096606511616,-4.51699443463640886220369951
D,BILLING,ASRECOVERY_SUMMARY,1,2016Wk49,REVISE2,TAS1,-66.506840,-188.546670,-501.635640,-25204.297227,-428713.247310,-151146.4246,-160522.616768,-44099.404332,-63315.84,0,0,-65078.246890,-808680.272497,-181313.908497,160751.426153,-0.3589258398843505020998047235,-5.03062580438517697459845813
D,BILLING,ASRECOVERY_SUMMARY,1,2016Wk49,REVISE2,VIC1,-46.741380,-619.797080,-3548.078010,-269191.202269,-110305.011370,-94997.626270,-53512.310025,-270506.908188,-94019.519980,0,0,-106281.822270,-790465.372302,-702878.016338,922732.565542,-0.1512094841487988640659177821,-0.8566570660023165761216462710
D,BILLING,ASRECOVERY_SUMMARY,1,2016Wk50,REVISE2,NSW1,-119.672810,-306.976350,-2719.926180,-47063.291699,-89626.1355,-72121.565480,-46099.421188,-70060.687811,-139495.740010,-194839.679970,0,-341402.097880,-321050.999118,-1280818.141173,1168961.321390,-0.2665500174500470687673854996,-0.2746463832834447655085899471
D,BILLING,ASRECOVERY_SUMMARY,1,2016Wk50,REVISE2,QLD1,-103.5672,-267.562570,-2310.973970,-37497.930382,-93580.065180,-76488.680780,-45507.884480,-55395.668209,-60312.000010,0,0,-97000.872340,-274463.460441,-1073280.174915,1121480.630949,-0.0903779596484973055335921684,-0.2447331258933542735617348954
D,BILLING,ASRECOVERY_SUMMARY,1,2016Wk50,REVISE2,SA1,-22.085720,-57.909380,-474.171620,-21125.654720,-12021.599180,-9481.640460,-5787.309177,-31177.386690,-34043.519970,0,0,-31401.450570,-82789.826347,-208005.355759,140641.402632,-0.1509646251915862910336419228,-0.5886589922856963333986098723
D,BILLING,ASRECOVERY_SUMMARY,1,2016Wk50,REVISE2,TAS1,-28.085210,-43.065310,-326.944220,-10460.394481,-503199.987140,-30890.517190,-20504.940372,-15368.733890,-63315.84,0,0,-52868.178410,-591270.329403,-180958.249822,138403.896860,-0.2921567735209856731413762556,-4.27206417461705564870321383
D,BILLING,ASRECOVERY_SUMMARY,1,2016Wk50,REVISE2,VIC1,-63.494660,-162.154770,-1443.126080,-55121.417643,-78873.461660,-63752.631090,-38255.040030,-81691.876287,-94019.519980,0,0,-90988.066160,-322394.656040,-673797.294553,949475.165484,-0.1350377433918933605932275702,-0.3395503829483076733797656372
D,BILLING,ASRECOVERY_SUMMARY,1,2016Wk51,REVISE2,NSW1,-85.276060,-361.147410,-2629.525670,-70221.770432,-67549.016680,-42174.671090,-44691.948154,-101764.843733,-145776.960030,-194839.680020,0,-350065.4568,-320029.382479,-1320151.762553,1200674.780512,-0.2651706165380709078313124941,-0.2665412713528728146245639630
D,BILLING,ASRECOVERY_SUMMARY,1,2016Wk51,REVISE2,QLD1,-70.016670,-298.861310,-2122.529940,-34818.122207,-62329.378110,-38548.634820,-41413.701488,-58701.668768,-60311.999970,0,0,-96163.091580,-202451.821703,-1016535.407265,1052458.703580,-0.0945988608884051412727354587,-0.1923608223432883931797300477
D,BILLING,ASRECOVERY_SUMMARY,1,2016Wk51,REVISE2,SA1,-15.270110,-65.301580,-463.098970,-158335.357157,-10078.933240,-6236.362880,-6459.690495,-163886.818998,-34043.520010,0,0,-96984.661590,-282599.691850,-224245.570291,166672.465787,-0.4324930988119163658204366647,-1.69553915528645169308297274
D,BILLING,ASRECOVERY_SUMMARY,1,2016Wk51,REVISE2,TAS1,-57.289170,-103.575810,-358.309650,-6569.715062,-400920.992290,-27211.126230,-18626.595489,-22218.480105,-63315.839990,0,0,-55571.687160,-483810.236636,-178096.144378,131582.702397,-0.3120319496757432492337905518,-3.67685286760785176428192551
D,BILLING,ASRECOVERY_SUMMARY,1,2016Wk51,REVISE2,VIC1,-44.899060,-188.909120,-1383.583840,-253284.954169,-57695.970950,-35460.527170,-38425.736724,-278060.651210,-94019.520040,0,0,-93738.2916,-664826.460683,-692088.108939,982942.393016,-0.1354427137083813204717425083,-0.6763636052394559630272948300
D,BILLING,ASRECOVERY_SUMMARY,1,2016Wk52,REVISE2,NSW1,-99.876040,-335.713810,-2702.395210,-62280.157895,-76233.306330,-59252.792820,-52472.816296,-90472.860556,-145776.960010,-194839.679990,0,-334136.663730,-350329.895227,-1220224.741594,1101793.560691,-0.2738320674382586969212045619,-0.3179632807141179632839245197
D,BILLING,ASRECOVERY_SUMMARY,1,2016Wk52,REVISE2,QLD1,-86.374890,-292.360840,-2308.114510,-31588.901210,-76053.090570,-58524.578440,-51696.063357,-49051.124594,-617521.699980,0,0,-366806.156650,-520316.151741,-1029305.344290,1067060.419939,-0.3563628214745330048265885896,-0.4876163917416640754946580331
D,BILLING,ASRECOVERY_SUMMARY,1,2016Wk52,REVISE2,SA1,-18.831510,-62.368120,-508.448580,-150746.454462,-11654.245780,-8943.698310,-7925.691453,-195287.665733,-34043.519980,0,0,-110475.240040,-298715.683888,-229902.933174,160178.878586,-0.4805299284998151478173276035,-1.86488809588974381384173589
D,BILLING,ASRECOVERY_SUMMARY,1,2016Wk52,REVISE2,TAS1,-59.608370,-111.622560,-347.912710,-12783.109579,-311827.493790,-27556.009740,-19040.398808,-35281.600754,-63315.840020,0,0,-71639.328350,-398684.267981,-177143.893125,151187.294923,-0.4044131981419667130847923775,-2.63702229862668498033683811
D,BILLING,ASRECOVERY_SUMMARY,1,2016Wk52,REVISE2,VIC1,-53.841270,-180.4222,-1458.7686,-232691.093234,-66984.285950,-51630.263220,-45780.137108,-308296.818907,-94019.519950,0,0,-87064.027850,-714031.122589,-669410.952030,948724.772906,-0.1300606564412740296886594396,-0.7526219858282824313557358204
D,BILLING,ASRECOVERY_SUMMARY,1,2016Wk53,REVISE2,NSW1,-131.832320,-306.991430,-3387.994190,-60989.716343,-84212.991740,-68846.835810,-49277.337765,-120916.379542,-145776.959950,-194839.68,0,-386883.111760,-341803.607330,-1276916.385284,1105306.609805,-0.3029823379343299882761315521,-0.3092387255245868397342656204
D,BILLING,ASRECOVERY_SUMMARY,1,2016Wk53,REVISE2,QLD1,-108.914290,-258.723260,-2745.776050,-46302.214985,-84922.407950,-71727.333170,-50640.617293,-89324.271252,-60312.000020,0,0,-124878.047230,-281464.211040,-989003.680584,1075458.166962,-0.1262665141511509398384926647,-0.2617156293815612392076421203
D,BILLING,ASRECOVERY_SUMMARY,1,2016Wk53,REVISE2,SA1,-25.992530,-63.622710,-644.381630,-27632.054173,-13317.598290,-11985.795310,-8121.153672,-53022.199038,-34043.520010,0,0,-39459.478690,-109396.838673,-216970.519426,154743.455940,-0.1818656230090192326919668145,-0.7069561553247031610789550264
D,BILLING,ASRECOVERY_SUMMARY,1,2016Wk53,REVISE2,TAS1,-80.306440,-141.712140,-366.367860,-11969.945111,-251263.156050,-19357.6438,-14857.783369,-23311.717371,-63315.840010,0,0,-60092.358650,-324572.113501,-166882.590955,173102.857599,-0.3600876418931195997861177861,-1.87502458366623188884702866
D,BILLING,ASRECOVERY_SUMMARY,1,2016Wk53,REVISE2,VIC1,-74.264340,-176.9470,-1904.193470,-72428.488559,-76008.935350,-62427.628860,-44876.691539,-142538.694213,-94019.519980,0,0,-119345.276610,-375110.086701,-708422.199185,959505.864535,-0.1684663139400488096803569677,-0.3909409004840085252892789396
C,"END OF REPORT",268
